Date,access_a_ride,bridges_tunnels,bus,cbd_entries,crz_entries,lirr,metro_north,sir,subway,year,month,dow,day_of_week,is_weekend,congestion_pricing_active,subway_baseline,bus_baseline,lirr_baseline,metro_north_baseline,access_a_ride_baseline,bridges_tunnels_baseline,sir_baseline,subway_pct_prepandemic,bus_pct_prepandemic,lirr_pct_prepandemic,metro_north_pct_prepandemic,access_a_ride_pct_prepandemic,bridges_tunnels_pct_prepandemic,sir_pct_prepandemic
2020-03-01,19922.0,690074.0,984908.0,,,86790.0,55825.0,1636.0,2212965.0,2020,3,6,Sunday,True,False,2292858.73015873,994259.4202898551,86623.57142857143,94526.08695652173,17662.5,807161.1650485437,3144.4444444444443,0.9651554066075414,0.9905945871881919,1.0019212850345913,0.5905777103169129,1.127926397735315,0.854939546005658,0.5202826855123676
2020-03-02,30338.0,766591.0,2209066.0,,,321569.0,180701.0,17140.0,5329915.0,2020,3,0,Monday,False,False,5544265.343915343,2241835.9973924384,313690.3395784544,276307.2155411656,29647.423220973782,923330.6152665059,15960.676532769558,0.9613383684547879,0.98538251797609,1.0251160441604072,0.6539858166428457,1.023292978073645,0.8302454043276088,1.0738893157072085
2020-03-03,32767.0,773392.0,2228608.0,,,319727.0,190648.0,17453.0,5481103.0,2020,3,1,Tuesday,False,False,5579462.711864407,2240693.846153846,312771.69811320753,275253.6231884058,29763.636363636364,922663.9175257732,15965.217391304348,0.9823711140402013,0.9946062037102519,1.0222376318853346,0.6926266684217454,1.1009071472205254,0.8382163703485203,1.0931889978213507
2020-03-04,34297.0,794316.0,2177165.0,,,311662.0,192689.0,17136.0,5498809.0,2020,3,2,Wednesday,False,False,5560024.226190476,2238006.617647059,312623.31871345034,275301.80995475117,29709.85085850357,920110.2857142857,15917.153679653678,0.9889901152045126,0.972814370982055,0.9969249935756345,0.6999191179733636,1.1543982554252201,0.8632834697455523,1.0765743891701145
2020-03-05,33209.0,816054.0,2244515.0,,,307597.0,194386.0,17203.0,5496453.0,2020,3,3,Thursday,False,False,5556527.605042016,2237700.0,313649.21875,274745.4203599248,29792.34693877551,923111.3137254901,16020.516795865633,0.9891884627752944,1.0030455378290208,0.980703861549153,0.7075131579822094,1.1146822393095062,0.8840255642697862,1.0738105530053517
2020-03-06,30970.0,830505.0,2066743.0,,,289171.0,205056.0,15285.0,5189447.0,2020,3,4,Friday,False,False,5583752.888257576,2236808.276643991,313452.250335871,275884.12022703816,29696.351909184727,922131.7757009345,16030.060975609756,0.929383356293079,0.9239696676645217,0.9225360471655472,0.7432685862138411,1.0428890422200765,0.9006359198160299,0.953521014252947
2020-03-07,18117.0,722378.0,1249085.0,,,106058.0,75838.0,2445.0,2814637.0,2020,3,5,Saturday,True,False,3075971.0843373495,1330663.492063492,107664.58333333334,135717.33333333334,16949.137931034486,871945.2830188678,5055.813953488372,0.9150401362132283,0.9386933717276738,0.9850778846339905,0.5587937674382049,1.0689039214688976,0.8284671229586417,0.48360165593376264
2020-03-08,19477.0,669603.0,957163.0,,,81565.0,60800.0,1672.0,2120656.0,2020,3,6,Sunday,True,False,2292858.73015873,994259.4202898551,86623.57142857143,94526.08695652173,17662.5,807161.1650485437,3144.4444444444443,0.924896057531286,0.9626893952093102,0.9416028299786432,0.6432086840531714,1.1027317763623496,0.8295778203845191,0.5317314487632508
2020-03-09,29609.0,754118.0,2124770.0,,,277001.0,183953.0,16122.0,4973513.0,2020,3,0,Monday,False,False,5544265.343915343,2241835.9973924384,313690.3395784544,276307.2155411656,29647.423220973782,923330.6152665059,15960.676532769558,0.8970553700966484,0.9477811947311926,0.8830396255499658,0.6657553247015866,0.9987039945870709,0.8167367003013702,1.0101075582165469
2020-03-10,31315.0,747295.0,2111989.0,,,259324.0,179050.0,15805.0,4867818.0,2020,3,1,Tuesday,False,False,5579462.711864407,2240693.846153846,312771.69811320753,275253.6231884058,29763.636363636364,922663.9175257732,15965.217391304348,0.8724528241131291,0.9425602715093059,0.829115938444462,0.6504909832828748,1.0521227855833841,0.8099319652641835,0.989964596949891
2020-03-11,32198.0,757001.0,2112967.0,,,245798.0,175074.0,15340.0,4697122.0,2020,3,2,Wednesday,False,False,5560024.226190476,2238006.617647059,312623.31871345034,275301.80995475117,29709.85085850357,920110.2857142857,15917.153679653678,0.8448024341106685,0.9441290223804075,0.7862433327479892,0.6359347947213835,1.083748287843871,0.822728548689505,0.963740145300511
2020-03-12,30814.0,772233.0,1938424.0,,,197178.0,169547.0,14169.0,4149505.0,2020,3,3,Thursday,False,False,5556527.605042016,2237700.0,313649.21875,274745.4203599248,29792.34693877551,923111.3137254901,16020.516795865633,0.7467802366777989,0.8662573177816508,0.6286577112668162,0.6171058275617054,1.0342924665627728,0.836554582874111,0.8844283976941713
2020-03-13,26640.0,751270.0,1715737.0,,,158582.0,167176.0,11769.0,3484996.0,2020,3,4,Friday,False,False,5583752.888257576,2236808.276643991,313452.250335871,275884.12022703816,29696.351909184727,922131.7757009345,16030.060975609756,0.6241314882198344,0.7670469650506733,0.5059207577233084,0.6059645617240417,0.8970798864947639,0.814710022793588,0.7341831087172348
2020-03-14,13394.0,544028.0,993287.0,,,44885.0,39701.0,2135.0,1670665.0,2020,3,5,Saturday,True,False,3075971.0843373495,1330663.492063492,107664.58333333334,135717.33333333334,16949.137931034486,871945.2830188678,5055.813953488372,0.5431341694032563,0.7464599471799485,0.41689661177654364,0.29252711518057134,0.7902466812471389,0.6239244716325025,0.4222861085556578
2020-03-15,12480.0,461936.0,711555.0,,,33407.0,32641.0,1368.0,1157711.0,2020,3,6,Sunday,True,False,2292858.73015873,994259.4202898551,86623.57142857143,94526.08695652173,17662.5,807161.1650485437,3144.4444444444443,0.5049203358114671,0.7156633223475634,0.3856571536945569,0.3453120831608482,0.7065817409766454,0.5722971074459691,0.4350530035335689
2020-03-16,21145.0,615758.0,1237309.0,,,119333.0,153262.0,5741.0,2178555.0,2020,3,0,Monday,False,False,5544265.343915343,2241835.9973924384,313690.3395784544,276307.2155411656,29647.423220973782,923330.6152665059,15960.676532769558,0.39293844447594767,0.5519177145157628,0.38041656035810006,0.5546796876072397,0.7132154400872577,0.6668878837319506,0.35969653217474234
2020-03-17,18173.0,561066.0,1094949.0,,,83578.0,147391.0,4573.0,1788786.0,2020,3,1,Tuesday,False,False,5579462.711864407,2240693.846153846,312771.69811320753,275253.6231884058,29763.636363636364,922663.9175257732,15965.217391304348,0.32060183791465247,0.48866515248367437,0.2672172722282212,0.5354734237198894,0.6105772755039707,0.6080935748572042,0.2864351851851852
2020-03-18,15942.0,545521.0,1059502.0,,,74883.0,146118.0,4133.0,1625280.0,2020,3,2,Wednesday,False,False,5560024.226190476,2238006.617647059,312623.31871345034,275301.80995475117,29709.85085850357,920110.2857142857,15917.153679653678,0.29231527307815025,0.4734132560849679,0.23953107627469578,0.5307556823691645,0.5365897013729731,0.5928865359618382,0.25965697656629805
2020-03-19,14116.0,487894.0,933602.0,,,59538.0,144466.0,3452.0,1422112.0,2020,3,3,Thursday,False,False,5556527.605042016,2237700.0,313649.21875,274745.4203599248,29792.34693877551,923111.3137254901,16020.516795865633,0.25593537926628307,0.41721499754211916,0.18982352399052485,0.5258176817314923,0.473812957032521,0.5285321420565833,0.21547369813256256
2020-03-20,12744.0,483475.0,868602.0,,,50021.0,145160.0,3124.0,1309125.0,2020,3,4,Friday,False,False,5583752.888257576,2236808.276643991,313452.250335871,275884.12022703816,29696.351909184727,922131.7757009345,16030.060975609756,0.23445253151389292,0.38832206097842786,0.15958092483432929,0.5261629407322934,0.4291436213772249,0.5243014206212545,0.19488385008349404
2020-03-21,6467.0,327396.0,411491.0,,,12438.0,23700.0,1044.0,619618.0,2020,3,5,Saturday,True,False,3075971.0843373495,1330663.492063492,107664.58333333334,135717.33333333334,16949.137931034486,871945.2830188678,5055.813953488372,0.2014381744857927,0.3092374612020737,0.11552545521391666,0.1746276574841828,0.3815533289252835,0.37547768922664787,0.2064949402023919
2020-03-22,4824.0,237248.0,73517.0,,,8891.0,20830.0,641.0,408723.0,2020,3,6,Sunday,True,False,2292858.73015873,994259.4202898551,86623.57142857143,94526.08695652173,17662.5,807161.1650485437,3144.4444444444443,0.1782591289310288,0.07394146688453572,0.1026394993114708,0.2203624488294007,0.27312101910828024,0.29392890821962625,0.20385159010600706
2020-03-23,9902.0,307988.0,59321.0,,,30564.0,139285.0,1639.0,709499.0,2020,3,0,Monday,False,False,5544265.343915343,2241835.9973924384,313690.3395784544,276307.2155411656,29647.423220973782,923330.6152665059,15960.676532769558,0.12796988527590095,0.02646090082815979,0.09743366672073082,0.5040946894101238,0.33399192658992793,0.3335619927550044,0.10268988263967996
2020-03-24,9133.0,336568.0,60334.0,,,29785.0,139194.0,1727.0,741587.0,2020,3,1,Tuesday,False,False,5579462.711864407,2240693.846153846,312771.69811320753,275253.6231884058,29763.636363636364,922663.9175257732,15965.217391304348,0.13291369407721962,0.026926480877145886,0.09522920449541229,0.5056936159010135,0.3068509468540012,0.36477854352703515,0.10817265795206972
2020-03-25,9512.0,318687.0,51769.0,,,26143.0,138239.0,1572.0,690032.0,2020,3,2,Wednesday,False,False,5560024.226190476,2238006.617647059,312623.31871345034,275301.80995475117,29709.85085850357,920110.2857142857,15917.153679653678,0.12410593406223062,0.023131745720407045,0.08362460007010097,0.5021361829140211,0.3201631689536896,0.34635739318205955,0.09876137603731443
2020-03-26,8795.0,331502.0,49970.0,,,23809.0,138668.0,1563.0,680360.0,2020,3,3,Thursday,False,False,5556527.605042016,2237700.0,313649.21875,274745.4203599248,29792.34693877551,923111.3137254901,16020.516795865633,0.12244337621622513,0.022330964829959332,0.07590964229047677,0.5047145092294559,0.2952100422995907,0.3591137873309397,0.09756239576512031
2020-03-27,8409.0,337501.0,45514.0,,,20355.0,138903.0,1495.0,656817.0,2020,3,4,Friday,False,False,5583752.888257576,2236808.276643991,313452.250335871,275884.12022703816,29696.351909184727,922131.7757009345,16030.060975609756,0.11763002646146137,0.020347743020822154,0.06493812048944989,0.5034831286617371,0.28316609480234495,0.36600083512300335,0.09326227780884237
2020-03-28,4491.0,203924.0,19745.0,,,5279.0,19088.0,600.0,332393.0,2020,3,5,Saturday,True,False,3075971.0843373495,1330663.492063492,107664.58333333334,135717.33333333334,16949.137931034486,871945.2830188678,5055.813953488372,0.10806115886216361,0.014838462254180394,0.04903190851216161,0.14064526270287261,0.2649692284217486,0.23387247338958003,0.11867525298988041
2020-03-29,3374.0,167032.0,14307.0,,,4358.0,18152.0,419.0,263700.0,2020,3,6,Sunday,True,False,2292858.73015873,994259.4202898551,86623.57142857143,94526.08695652173,17662.5,807161.1650485437,3144.4444444444443,0.11500926617565513,0.014389604672620652,0.05030963198733436,0.19203164527850608,0.19102618542108987,0.20693760705144243,0.13325088339222615
2020-03-30,8084.0,292157.0,33659.0,,,19741.0,137762.0,1140.0,545215.0,2020,3,0,Monday,False,False,5544265.343915343,2241835.9973924384,313690.3395784544,276307.2155411656,29647.423220973782,923330.6152665059,15960.676532769558,0.09833854734213908,0.015014033158156982,0.06293148850719628,0.4985827088524785,0.27267125172217505,0.3164164549181261,0.07142554375182134
2020-03-31,7672.0,285703.0,32211.0,,,16194.0,137464.0,1043.0,508106.0,2020,3,1,Tuesday,False,False,5579462.711864407,2240693.846153846,312771.69811320753,275253.6231884058,29763.636363636364,922663.9175257732,15965.217391304348,0.0910671916346966,0.014375457876715387,0.05177578437464182,0.4994085033565881,0.25776420281001833,0.3096501278235142,0.06532952069716776
2020-04-01,8151.0,289625.0,29373.0,,,10548.0,9300.0,720.0,513481.0,2020,4,2,Wednesday,False,False,5566984.138655462,2185750.964912281,310066.2509819324,286827.94117647054,28901.2689241571,938204.1237623763,16198.322510822512,0.0922368354589952,0.013438401936690351,0.034018536253449375,0.032423619407002564,0.2820291393222183,0.30870147835052025,0.04444904708613806
2020-04-02,7077.0,287703.0,26788.0,,,10057.0,9492.0,882.0,485586.0,2020,4,3,Thursday,False,False,5581935.863808323,2185126.7391304346,311003.37734404893,287274.03969270166,28950.82417582418,939956.4320388349,16211.730545876888,0.08699240045884456,0.012259243146079579,0.032337269408088766,0.03304162119958224,0.24444899934523298,0.30608120780231374,0.05440504932549092
2020-04-03,7794.0,288361.0,24418.0,,,9657.0,9770.0,843.0,483357.0,2020,4,4,Friday,False,False,5581218.9655172415,2186919.696969697,310225.3968253968,286157.14285714284,28958.44155844156,941837.7358490565,16181.81818181818,0.08660419936690385,0.011165476278728834,0.031128979441471128,0.034142079776346666,0.2691443178760427,0.30616845027986234,0.05209550561797753
2020-04-04,4375.0,207438.0,13168.0,,,3727.0,4451.0,425.0,282278.0,2020,4,5,Saturday,True,False,3170231.8055555555,1336330.8974358975,114119.62365591398,149238.35001021036,16706.49021595073,912598.1617647059,5100.744680851064,0.0890401766537489,0.009853846846814868,0.03265871267887639,0.029824773590002022,0.2618742742160717,0.22730486285319024,0.08332116712203057
2020-04-05,2763.0,178015.0,9748.0,,,2969.0,3601.0,300.0,227303.0,2020,4,6,Sunday,True,False,2435088.2352941176,995331.1475409836,91600.0,102942.69662921347,18634.513274336285,864630.3921568628,3272.5,0.09334487215102727,0.009793725459193084,0.032412663755458516,0.03498062628930681,0.14827325829890298,0.20588566121985705,0.09167303284950344
2020-04-06,7093.0,284125.0,22418.0,,,10127.0,9832.0,819.0,445454.0,2020,4,0,Monday,False,False,5575529.166666667,2192433.962264151,310364.7887323944,286171.4285714286,28993.617021276597,940363.8297872341,16282.926829268294,0.0798944793730341,0.010225165448928132,0.03262934574943614,0.03435702875399361,0.2446400528362809,0.30214369268571917,0.05029808268424206
2020-04-07,7041.0,284087.0,21623.0,,,9312.0,9589.0,732.0,434986.0,2020,4,1,Tuesday,False,False,5594090.0,2183766.176470588,309667.1428571429,286013.63636363635,28925.49019607843,941739.0,16197.959183673469,0.077758134030736,0.009901701122117013,0.03007099789174551,0.03352637350412409,0.24341851952277657,0.3016621378110071,0.045190878165553734
2020-04-08,6950.0,275495.0,20361.0,,,9039.0,9292.0,721.0,427485.0,2020,4,2,Wednesday,False,False,5566984.138655462,2185750.964912281,310066.2509819324,286827.94117647054,28901.2689241571,938204.1237623763,16198.322510822512,0.07678933321035941,0.009315333872364152,0.029151834394665236,0.03239572812149116,0.24047387048085106,0.29364078991170156,0.0445107818737577
2020-04-09,6243.0,257761.0,18734.0,,,8413.0,8931.0,690.0,404635.0,2020,4,3,Thursday,False,False,5581935.863808323,2185126.7391304346,311003.37734404893,287274.03969270166,28950.82417582418,939956.4320388349,16211.730545876888,0.07249008406268831,0.008573415749539152,0.02705115317989965,0.03108878201996091,0.21564152930793976,0.274226539884298,0.04256177328184664
2020-04-10,5378.0,267101.0,17135.0,,,8247.0,9573.0,672.0,400275.0,2020,4,4,Friday,False,False,5581218.9655172415,2186919.696969697,310225.3968253968,286157.14285714284,28958.44155844156,941837.7358490565,16181.81818181818,0.07171820393950525,0.00783522139552865,0.026583897012924552,0.03345364684738655,0.18571441384877568,0.2835955598648968,0.04152808988764045
2020-04-11,4235.0,217170.0,9718.0,,,2749.0,4179.0,406.0,257061.0,2020,4,5,Saturday,True,False,3170231.8055555555,1336330.8974358975,114119.62365591398,149238.35001021036,16706.49021595073,912598.1617647059,5100.744680851064,0.08108586872086859,0.00727215094603181,0.024088758023673516,0.02800218576333823,0.2534942974411574,0.2379689211515119,0.07959622082716332
2020-04-12,2525.0,185082.0,7041.0,,,2245.0,3281.0,294.0,198399.0,2020,4,6,Sunday,True,False,2435088.2352941176,995331.1475409836,91600.0,102942.69662921347,18634.513274336285,864630.3921568628,3272.5,0.08147507639534743,0.007074027591113922,0.02450873362445415,0.03187210076512514,0.13550125848886355,0.21405909586211042,0.08983957219251337
2020-04-13,6205.0,241674.0,14408.0,,,8192.0,8824.0,649.0,363312.0,2020,4,0,Monday,False,False,5575529.166666667,2192433.962264151,310364.7887323944,286171.4285714286,28993.617021276597,940363.8297872341,16282.926829268294,0.06516188672674567,0.006571691666881815,0.026394746754160255,0.03083466453674121,0.2140126220004403,0.25700052718391025,0.03985769922109047
2020-04-14,6585.0,302390.0,17937.0,,,8816.0,9592.0,791.0,430155.0,2020,4,1,Tuesday,False,False,5594090.0,2183766.176470588,309667.1428571429,286013.63636363635,28925.49019607843,941739.0,16197.959183673469,0.07689454406346698,0.008213791473311421,0.028469278072769374,0.03353686251450185,0.22765387744034707,0.32109745906243664,0.048833312334635254
2020-04-15,6928.0,290010.0,16895.0,,,8596.0,9492.0,792.0,419059.0,2020,4,2,Wednesday,False,False,5566984.138655462,2185750.964912281,310066.2509819324,286827.94117647054,28901.2689241571,938204.1237623763,16198.322510822512,0.07527576683579543,0.007729608848955963,0.027723107473895604,0.03309301025927616,0.23971265822896923,0.30911183681116744,0.04889395179475187
2020-04-16,6563.0,295000.0,16632.0,,,8462.0,9528.0,790.0,420223.0,2020,4,3,Thursday,False,False,5581935.863808323,2185126.7391304346,311003.37734404893,287274.03969270166,28950.82417582418,939956.4320388349,16211.730545876888,0.07528266362295666,0.007611457817141838,0.027208707739012343,0.033166937082766496,0.2266947552215295,0.3138443335720606,0.048730146221244705
2020-04-17,7048.0,323119.0,16350.0,,,8271.0,9989.0,738.0,432368.0,2020,4,4,Friday,False,False,5581218.9655172415,2186919.696969697,310225.3968253968,286157.14285714284,28958.44155844156,941837.7358490565,16181.81818181818,0.07746838149001561,0.007476269029290541,0.026661260118091303,0.03490739354001298,0.24338326307292135,0.34307289642489397,0.04560674157303371
2020-04-18,4202.0,215953.0,8115.0,,,2449.0,3965.0,339.0,254453.0,2020,4,5,Saturday,True,False,3170231.8055555555,1336330.8974358975,114119.62365591398,149238.35001021036,16706.49021595073,912598.1617647059,5100.744680851064,0.08026321594341879,0.00607259774923319,0.021459937577292268,0.026568237987948332,0.25151901720135617,0.23663536597795481,0.06646088389263144
2020-04-19,2742.0,236862.0,6929.0,,,2159.0,3884.0,340.0,224411.0,2020,4,6,Sunday,True,False,2435088.2352941176,995331.1475409836,91600.0,102942.69662921347,18634.513274336285,864630.3921568628,3272.5,0.09215723551507977,0.006961502226789996,0.023569868995633188,0.03772972854975497,0.1471463171391936,0.27394595673318417,0.1038961038961039
2020-04-20,7050.0,316291.0,16522.0,,,8912.0,10063.0,770.0,437852.0,2020,4,0,Monday,False,False,5575529.166666667,2192433.962264151,310364.7887323944,286171.4285714286,28993.617021276597,940363.8297872341,16282.926829268294,0.07853102134550756,0.0075359168323307435,0.02871459754310012,0.035164237220447286,0.24315696778454537,0.33634960212321624,0.04728879568603954
2020-04-21,6613.0,301581.0,15231.0,,,8264.0,9374.0,753.0,422107.0,2020,4,1,Tuesday,False,False,5594090.0,2183766.176470588,309667.1428571429,286013.63636363635,28925.49019607843,941739.0,16197.959183673469,0.07545588290499437,0.006974647819033632,0.02668671891939271,0.03277466109371772,0.22862188177874188,0.32023841000531994,0.04648733778505733
2020-04-22,7496.0,340320.0,16487.0,,,8674.0,9694.0,793.0,458781.0,2020,4,2,Wednesday,False,False,5566984.138655462,2185750.964912281,310066.2509819324,286827.94117647054,28901.2689241571,938204.1237623763,16198.322510822512,0.0824110485270405,0.007542945314752113,0.027974666615701544,0.03379726521843902,0.259365774550282,0.362735561889509,0.0489556865823715
2020-04-23,6969.0,328530.0,15786.0,,,8425.0,9527.0,780.0,453520.0,2020,4,3,Thursday,False,False,5581935.863808323,2185126.7391304346,311003.37734404893,287274.03969270166,28950.82417582418,939956.4320388349,16211.730545876888,0.08124779844578547,0.007224294919516658,0.02708973796988643,0.03316345608601137,0.24071853559939646,0.3495161996895901,0.0481133089273049
2020-04-24,7040.0,330440.0,14237.0,,,7821.0,9722.0,688.0,443956.0,2020,4,4,Friday,False,False,5581218.9655172415,2186919.696969697,310225.3968253968,286157.14285714284,28958.44155844156,941837.7358490565,16181.81818181818,0.07954463043699204,0.006510069857492932,0.025210701896214736,0.033974339773351306,0.24310700511256614,0.35084599758801543,0.042516853932584274
2020-04-25,4719.0,301092.0,8832.0,,,2869.0,4987.0,449.0,295387.0,2020,4,5,Saturday,True,False,3170231.8055555555,1336330.8974358975,114119.62365591398,149238.35001021036,16706.49021595073,912598.1617647059,5100.744680851064,0.09317520551095348,0.006609141506004625,0.02514028620222602,0.03341634371901597,0.28246507429157536,0.3299283437277295,0.08802636244186289
2020-04-26,2506.0,197375.0,5498.0,,,1903.0,3495.0,309.0,218787.0,2020,4,6,Sunday,True,False,2435088.2352941176,995331.1475409836,91600.0,102942.69662921347,18634.513274336285,864630.3921568628,3272.5,0.08984766828113488,0.0055237897594012705,0.020775109170305676,0.03395092720942163,0.13448164505865032,0.2282767316421048,0.09442322383498854
2020-04-27,6922.0,326068.0,15283.0,,,8828.0,10243.0,812.0,462888.0,2020,4,0,Monday,False,False,5575529.166666667,2192433.962264151,310364.7887323944,286171.4285714286,28993.617021276597,940363.8297872341,16282.926829268294,0.08302135746457548,0.006970791487017961,0.02844394828439047,0.03579323083067092,0.23874220297937915,0.34674664174798797,0.0498681845416417
2020-04-28,7542.0,372121.0,16380.0,,,9167.0,10531.0,826.0,489247.0,2020,4,1,Tuesday,False,False,5594090.0,2183766.176470588,309667.1428571429,286013.63636363635,28925.49019607843,941739.0,16197.959183673469,0.08745783496511497,0.00750080305139327,0.02960275318660128,0.036819922762741764,0.26073888286334057,0.3951423908322794,0.05099407836714124
2020-04-29,7844.0,348833.0,15406.0,,,9100.0,10165.0,790.0,477799.0,2020,4,2,Wednesday,False,False,5566984.138655462,2185750.964912281,310066.2509819324,286827.94117647054,28901.2689241571,938204.1237623763,16198.322510822512,0.085827260883017,0.007048378450844365,0.029348566544026292,0.035439364652922696,0.2714067683527764,0.3718092802674045,0.0487704822195126
2020-04-30,7253.0,344704.0,14062.0,,,9335.0,9971.0,764.0,465869.0,2020,4,3,Thursday,False,False,5581935.863808323,2185126.7391304346,311003.37734404893,287274.03969270166,28950.82417582418,939956.4320388349,16211.730545876888,0.08346011336686283,0.006435324664781658,0.030015751210550723,0.03470901864528387,0.25052827359770735,0.3667233802021138,0.047126369257001206
2020-05-01,8332.0,379886.0,14893.0,,,6200.0,9206.0,763.0,494549.0,2020,5,4,Friday,False,False,5719113.207547169,2275682.2580645164,318995.3846153846,287064.70588235295,29388.043478260868,965228.1553398058,17384.848484848484,0.08647302161240199,0.006544410999041053,0.019436017883065586,0.03206942480686871,0.2835166623515923,0.39357119650769223,0.04388879205159491
2020-05-02,5493.0,345806.0,8912.0,,,3959.0,5908.0,489.0,325865.0,2020,5,5,Saturday,True,False,3212641.516516517,1391093.5047193244,118529.28841991341,150498.80576044958,17291.094911377928,956502.2916666667,4867.136752136752,0.10143210760512646,0.006406470858907605,0.033401027313810075,0.03925612545659546,0.31767797401802955,0.361531805007437,0.10046974739004838
2020-05-03,3263.0,303778.0,6404.0,,,3314.0,4839.0,334.0,258865.0,2020,5,6,Sunday,True,False,2391359.493670886,963553.3333333334,97502.5641025641,104090.81632653062,17024.358974358973,853056.5217391305,3515.5181843040746,0.10825014000827876,0.006646233040205351,0.033988849734392264,0.04648825103667323,0.19166654115520748,0.35610536026462386,0.09500733106465727
2020-05-04,8287.0,381469.0,16315.0,,,11158.0,10764.0,897.0,511866.0,2020,5,0,Monday,False,False,5716296.875,2267007.727652465,319412.2631848438,286301.64835164836,29366.565217391304,962588.775510204,17395.0,0.08954503434533392,0.0071967112423099375,0.03493291049236537,0.03759670984073127,0.2821916672465433,0.3962948765923525,0.05156654210980167
2020-05-05,8445.0,393984.0,16377.0,,,13265.0,10604.0,894.0,522085.0,2020,5,1,Tuesday,False,False,5706690.286470871,2276651.138375917,319988.21371610847,286533.8312236287,29395.263424518744,962189.3092783506,17288.257575757576,0.09148647881552856,0.007193460484105078,0.0414546518634234,0.03700784634999692,0.28729118286982186,0.40946619984324195,0.051711399837865074
2020-05-06,8832.0,378599.0,15677.0,,,14489.0,10107.0,822.0,508824.0,2020,5,2,Wednesday,False,False,5723566.349206349,2275398.146853147,318580.4212454213,287037.86075036076,29373.234811165843,962160.6969520481,17459.37669376694,0.08889981681972735,0.0068897832327415465,0.04547988210750173,0.03521138282447744,0.30068189822397884,0.39348832393521527,0.04708071853982376
2020-05-07,8509.0,417360.0,16130.0,,,16139.0,11247.0,930.0,535073.0,2020,5,3,Thursday,False,False,5720059.154929577,2277316.0714285714,317896.1538461538,287151.4285714286,29435.227272727272,961900.9803921569,17383.720930232557,0.09354326336623131,0.007082899120753832,0.05076815118628483,0.03916748753768544,0.2890753966722001,0.43389081465521195,0.05349832775919733
2020-05-08,8656.0,414244.0,14571.0,,,15714.0,11242.0,811.0,526054.0,2020,5,4,Friday,False,False,5719113.207547169,2275682.2580645164,318995.3846153846,287064.70588235295,29388.043478260868,965228.1553398058,17384.848484848484,0.0919817427823947,0.0064029149712634915,0.04926090080878913,0.039161902420032375,0.29454155416651256,0.4291669256727873,0.046649816977514386
2020-05-09,5055.0,315809.0,7594.0,,,7651.0,6017.0,489.0,316883.0,2020,5,5,Saturday,True,False,3212641.516516517,1391093.5047193244,118529.28841991341,150498.80576044958,17291.094911377928,956502.2916666667,4867.136752136752,0.09863627745917876,0.005459014778113145,0.06454944682444073,0.03998038369538505,0.29234701595870005,0.3301706673903682,0.10046974739004838
2020-05-10,3962.0,355358.0,6367.0,,,7990.0,5878.0,406.0,271947.0,2020,5,6,Sunday,True,False,2391359.493670886,963553.3333333334,97502.5641025641,104090.81632653062,17024.358974358973,853056.5217391305,3515.5181843040746,0.11372066839793477,0.0066078335051510725,0.08194656287803083,0.056469919320844233,0.23272535582498685,0.4165702868967345,0.11548795333009236
2020-05-11,7636.0,390499.0,15176.0,,,18349.0,11434.0,829.0,520873.0,2020,5,0,Monday,False,False,5716296.875,2267007.727652465,319412.2631848438,286301.64835164836,29366.565217391304,962588.775510204,17395.0,0.09112070478319935,0.006694286841145916,0.05744613502638575,0.039936898951962216,0.26002359974594,0.40567582952857784,0.04765737280827824
2020-05-12,8271.0,416060.0,15989.0,,,19018.0,11488.0,914.0,553372.0,2020,5,1,Tuesday,False,False,5706690.286470871,2276651.138375917,319988.21371610847,286533.8312236287,29395.263424518744,962189.3092783506,17288.257575757576,0.09696899117022452,0.007023034724330224,0.05943343906057943,0.04009299687559077,0.2813718618728593,0.4324097098023758,0.052868254420367654
2020-05-13,9437.0,435051.0,16170.0,,,19356.0,11931.0,956.0,565377.0,2020,5,2,Wednesday,False,False,5723566.349206349,2275398.146853147,318580.4212454213,287037.86075036076,29373.234811165843,962160.6969520481,17459.37669376694,0.09878054442024548,0.007106448610922422,0.060757029337621886,0.041565945233881504,0.32127888060911325,0.4521604357548206,0.05475567752320136
2020-05-14,8855.0,444415.0,15905.0,,,19310.0,12131.0,923.0,567392.0,2020,5,3,Thursday,False,False,5720059.154929577,2277316.0714285714,317896.1538461538,287151.4285714286,29435.227272727272,961900.9803921569,17383.720930232557,0.09919337975919681,0.006984098606050199,0.060743106723288934,0.04224600260688736,0.30083001968883916,0.4620174103771229,0.053095652173913044
2020-05-15,9473.0,484177.0,15481.0,,,20092.0,12936.0,976.0,587808.0,2020,5,4,Friday,False,False,5719113.207547169,2275682.2580645164,318995.3846153846,287064.70588235295,29388.043478260868,965228.1553398058,17384.848484848484,0.10277957065516821,0.006802795049765295,0.06298523730750867,0.04506301100387287,0.3223419758109258,0.5016192257980155,0.05614084016036256
2020-05-16,5947.0,411404.0,8742.0,,,11075.0,8100.0,485.0,360844.0,2020,5,5,Saturday,True,False,3212641.516516517,1391093.5047193244,118529.28841991341,150498.80576044958,17291.094911377928,956502.2916666667,4867.136752136752,0.11232003264132157,0.006284264839381764,0.09343682179854675,0.053821025084364114,0.3439342638786131,0.43011292663308215,0.09964790896558991
2020-05-17,3577.0,336478.0,6504.0,,,8793.0,6168.0,337.0,287418.0,2020,5,6,Sunday,True,False,2391359.493670886,963553.3333333334,97502.5641025641,104090.81632653062,17024.358974358973,853056.5217391305,3515.5181843040746,0.12019021011299119,0.006750015567379076,0.0901822437279756,0.059255948004587826,0.21011070110701108,0.3944381074703241,0.09586069032571706
2020-05-18,8969.0,431981.0,17206.0,,,22113.0,13141.0,1036.0,595469.0,2020,5,0,Monday,False,False,5716296.875,2267007.727652465,319412.2631848438,286301.64835164836,29366.565217391304,962588.775510204,17395.0,0.10417041189799996,0.007589740339269678,0.0692302786984832,0.045899141956247634,0.3054153570090801,0.4487700365828967,0.05955734406438632
2020-05-19,9290.0,455808.0,17296.0,,,21599.0,12777.0,1067.0,610884.0,2020,5,1,Tuesday,False,False,5706690.286470871,2276651.138375917,319988.21371610847,286533.8312236287,29395.263424518744,962189.3092783506,17288.257575757576,0.10704698684073542,0.007597123559448094,0.067499361145728,0.04459159306053476,0.31603731069989877,0.4737196678498325,0.06171819197651235
2020-05-20,10224.0,465004.0,17674.0,,,22224.0,12753.0,1044.0,623749.0,2020,5,2,Wednesday,False,False,5723566.349206349,2275398.146853147,318580.4212454213,287037.86075036076,29373.234811165843,962160.6969520481,17459.37669376694,0.10897908086389028,0.007767431833608094,0.06975946579868303,0.04442967895127741,0.34807198000927986,0.4832914101283174,0.059795949094374704
2020-05-21,9731.0,502922.0,17565.0,,,22585.0,13294.0,1069.0,629298.0,2020,5,3,Thursday,False,False,5720059.154929577,2277316.0714285714,317896.1538461538,287151.4285714286,29435.227272727272,961900.9803921569,17383.720930232557,0.11001599510691557,0.007713026847863675,0.07104521311991097,0.04629613046376725,0.33059027911824884,0.522841758405282,0.061494314381270905
2020-05-22,9782.0,542006.0,16453.0,,,22830.0,14711.0,1046.0,633883.0,2020,5,4,Friday,False,False,5719113.207547169,2275682.2580645164,318995.3846153846,287064.70588235295,29388.043478260868,965228.1553398058,17384.848484848484,0.11083588958573207,0.007229919705044144,0.07156843359199795,0.051246285936763586,0.33285645596774793,0.5615314855886984,0.06016733484399512
2020-05-23,5550.0,334555.0,7186.0,,,10983.0,7613.0,420.0,335830.0,2020,5,5,Saturday,True,False,3212641.516516517,1391093.5047193244,118529.28841991341,150498.80576044958,17291.094911377928,956502.2916666667,4867.136752136752,0.1045339164900484,0.005165720331251128,0.09266064233078455,0.0505851190083042,0.32097446855999706,0.34976915676495807,0.08629303456813972
2020-05-24,4117.0,394315.0,6642.0,,,11871.0,8977.0,361.0,320015.0,2020,5,6,Sunday,True,False,2391359.493670886,963553.3333333334,97502.5641025641,104090.81632653062,17024.358974358973,853056.5217391305,3515.5181843040746,0.1338213684922617,0.006893235454878816,0.121750644296008,0.08624199825505592,0.24182995707508098,0.4622378353032318,0.10268756441419542
2020-05-25,5428.0,383110.0,7996.0,,,19321.0,12982.0,441.0,393918.0,2020,5,0,Monday,False,False,5716296.875,2267007.727652465,319412.2631848438,286301.64835164836,29366.565217391304,962588.775510204,17395.0,0.06891139641868232,0.003527116340392906,0.06048922419994545,0.04534378364477641,0.18483605283145133,0.3979996544183044,0.02535211267605634
2020-05-26,9875.0,506197.0,17819.0,,,26691.0,14937.0,1173.0,656766.0,2020,5,1,Tuesday,False,False,5706690.286470871,2276651.138375917,319988.21371610847,286533.8312236287,29395.263424518744,962189.3092783506,17288.257575757576,0.11508702365660656,0.007826846941825021,0.08341244725869837,0.052129969910402106,0.33593847612072125,0.5260887801587109,0.06784952126377598
2020-05-27,11088.0,516570.0,17911.0,,,26483.0,14432.0,1240.0,674465.0,2020,5,2,Wednesday,False,False,5723566.349206349,2275398.146853147,318580.4212454213,287037.86075036076,29373.234811165843,962160.6969520481,17459.37669376694,0.11783998976329223,0.007871589429204174,0.08312814672185578,0.05027908152002161,0.37748651353119084,0.5368853681473383,0.07102200850289715
2020-05-28,10030.0,503174.0,17535.0,,,25175.0,14161.0,1191.0,658057.0,2020,5,3,Thursday,False,False,5720059.154929577,2277316.0714285714,317896.1538461538,287151.4285714286,29435.227272727272,961900.9803921569,17383.720930232557,0.11504374031392367,0.00769985344590319,0.07919252779693418,0.0493154433200999,0.34074817588696293,0.5231037396332222,0.0685123745819398
2020-05-29,10185.0,517166.0,16378.0,,,25070.0,15697.0,1094.0,657259.0,2020,5,4,Friday,False,False,5719113.207547169,2275682.2580645164,318995.3846153846,287064.70588235295,29388.043478260868,965228.1553398058,17384.848484848484,0.11492323654874587,0.0071969625557170725,0.0785904787626539,0.05468105161779471,0.34656951584865187,0.5357966374467529,0.0629283597699146
2020-05-30,6143.0,461626.0,9112.0,,,15557.0,11003.0,18.0,426737.0,2020,5,5,Saturday,True,False,3212641.516516517,1391093.5047193244,118529.28841991341,150498.80576044958,17291.094911377928,956502.2916666667,4867.136752136752,0.1328305688033046,0.0065502426465850645,0.131250260651918,0.0731102146917603,0.3552695784439751,0.4826188123351333,0.0036982729100631306
2020-05-31,4216.0,426968.0,6724.0,,,13554.0,9390.0,2.0,344426.0,2020,5,6,Sunday,True,False,2391359.493670886,963553.3333333334,97502.5641025641,104090.81632653062,17024.358974358973,853056.5217391305,3515.5181843040746,0.14402936944929373,0.0069783371271612705,0.13901172881712515,0.09020968738052525,0.24764515400256046,0.5005154865114193,0.0005689061740398639
2020-06-01,10760.0,511968.0,17833.0,,,34339.0,16184.0,1358.0,687162.0,2020,6,0,Monday,False,False,5617044.604105571,2142238.6363636362,332142.8259141494,294851.81305398874,29239.31623931624,982727.9974489796,16141.036585365855,0.12233515103258114,0.008324469411246732,0.10338624627971273,0.05488858905892715,0.36799766150248464,0.5209661282969399,0.08413338219127885
2020-06-02,11206.0,497721.0,16576.0,,,33769.0,16294.0,1516.0,693760.0,2020,6,1,Tuesday,False,False,5609193.269617707,2142021.7741935486,332150.9479956663,295377.47002893756,29264.064407814407,980691.0496719775,16245.212765957447,0.12368266997640519,0.007738483427060731,0.10166763094844636,0.05516331356756393,0.3829269866221198,0.5075206918289692,0.09331979961363412
2020-06-03,11962.0,500559.0,17830.0,,,32523.0,15649.0,1323.0,681714.0,2020,6,2,Wednesday,False,False,5598098.412698412,2141323.880597015,331925.3521126761,295093.58974358975,29288.636363636364,983069.7916666667,16168.181818181818,0.12177599422933298,0.008326624552951271,0.0979828741402063,0.05303063348003458,0.4084177853650966,0.5091795152726313,0.08182738262580827
2020-06-04,12000.0,562094.0,18538.0,,,29771.0,17149.0,1346.0,726672.0,2020,6,3,Thursday,False,False,5622586.098901099,2148801.8537200503,332244.5887445888,295330.26737967914,29238.605737883066,983602.9172445678,16165.116279069767,0.12924159580980427,0.008627133287281296,0.0896056730750438,0.0580671942369967,0.41041628686323345,0.5714643482093682,0.08326571716299813
2020-06-05,11698.0,555332.0,16863.0,,,33482.0,18065.0,1249.0,703576.0,2020,6,4,Friday,False,False,5597701.612903226,2153018.4615384615,333809.45945945947,294857.4074074074,29278.571428571428,983598.0769230769,16175.0,0.1256901579709414,0.007832259825561537,0.10030272974953343,0.061266902394754526,0.3995413515491583,0.5645924011332021,0.0772179289026275
2020-06-06,6591.0,473661.0,8912.0,,,18090.0,12179.0,9.0,464198.0,2020,6,5,Saturday,True,False,3220746.987951807,1403253.9682539683,123109.57446808512,158940.54054054053,17338.235294117647,983351.923076923,5080.645161290323,0.1441274343301337,0.006350953000395905,0.14694226731073337,0.07662613930077541,0.38014249363867686,0.4816800464658752,0.0017714285714285714
2020-06-07,4650.0,466227.0,7579.0,,,16797.0,11231.0,95.0,377990.0,2020,6,6,Sunday,True,False,2614790.909090909,1083173.4375,98477.77777777777,108991.8918918919,18115.88785046729,922322.9166666667,3888.6792452830186,0.14455840376598858,0.00699703273512004,0.17056639963894846,0.10304436233788776,0.25668076764341724,0.5054921563534102,0.02442988840368753
2020-06-08,11957.0,556739.0,25663.0,,,42630.0,20140.0,1596.0,804542.0,2020,6,0,Monday,False,False,5617044.604105571,2142238.6363636362,332142.8259141494,294851.81305398874,29239.31623931624,982727.9974489796,16141.036585365855,0.14323226121650337,0.011979524393025564,0.12834839916433657,0.06830549824807172,0.40893569131832797,0.5665240040430457,0.09887840793614215
2020-06-09,12869.0,589581.0,26247.0,,,42274.0,19543.0,1662.0,842306.0,2020,6,1,Tuesday,False,False,5609193.269617707,2142021.7741935486,332150.9479956663,295377.47002893756,29264.064407814407,980691.0496719775,16245.212765957447,0.15016526611096914,0.012253376840616736,0.12727345881473012,0.06616279839517011,0.4397543629163002,0.6011893350073947,0.10230706263711077
2020-06-10,13616.0,586815.0,26735.0,,,43083.0,20517.0,1767.0,857015.0,2020,6,2,Wednesday,False,False,5598098.412698412,2141323.880597015,331925.3521126761,295093.58974358975,29288.636363636364,983069.7916666667,16168.181818181818,0.1530903776282309,0.012485266821264848,0.12979725629808161,0.06952709483736146,0.4648901994257779,0.5969209968349568,0.10928872645487771
2020-06-11,12514.0,566200.0,24284.0,,,40961.0,19525.0,1576.0,818297.0,2020,6,3,Thursday,False,False,5622586.098901099,2148801.8537200503,332244.5887445888,295330.26737967914,29238.605737883066,983602.9172445678,16165.116279069767,0.14553747788049548,0.011301181613353058,0.12328567985042052,0.06611242448407258,0.42799578448387526,0.5756387969915072,0.09749388577183139
2020-06-12,13224.0,664835.0,24459.0,,,45072.0,24165.0,1656.0,896658.0,2020,6,4,Friday,False,False,5597701.612903226,2153018.4615384615,333809.45945945947,294857.4074074074,29278.571428571428,983598.0769230769,16175.0,0.16018324341067403,0.011360329898203738,0.13502313587213938,0.08195486832932428,0.4516613808245914,0.6759214109890883,0.10238021638330758
2020-06-13,7794.0,543506.0,12115.0,,,25355.0,16675.0,17.0,545316.0,2020,6,5,Saturday,True,False,3220746.987951807,1403253.9682539683,123109.57446808512,158940.54054054053,17338.235294117647,983351.923076923,5080.645161290323,0.16931351703189412,0.008633504892257225,0.2059547367420478,0.10491344715004762,0.44952671755725193,0.5527075172633634,0.0033460317460317457
2020-06-14,5195.0,487268.0,8731.0,,,20859.0,13794.0,7.0,430439.0,2020,6,6,Sunday,True,False,2614790.909090909,1083173.4375,98477.77777777777,108991.8918918919,18115.88785046729,922322.9166666667,3888.6792452830186,0.16461698658331797,0.0080605743251528,0.2118142841024484,0.12655987303791505,0.2867648576145274,0.5283052076392261,0.001800097040271713
2020-06-15,12953.0,584897.0,27057.0,,,47545.0,22841.0,1813.0,897112.0,2020,6,0,Monday,False,False,5617044.604105571,2142238.6363636362,332142.8259141494,294851.81305398874,29239.31623931624,982727.9974489796,16141.036585365855,0.15971245792570155,0.012630245548146853,0.14314625001802445,0.07746603204986129,0.44299941537562115,0.5951768968812412,0.11232240199763517
2020-06-16,12939.0,601457.0,28049.0,,,46876.0,22555.0,1874.0,932671.0,2020,6,1,Tuesday,False,False,5609193.269617707,2142021.7741935486,332150.9479956663,295377.47002893756,29264.064407814407,980691.0496719775,16245.212765957447,0.16627542592476333,0.013094638130165688,0.14112860518047238,0.0763599200636065,0.44214637514756455,0.6132991630760533,0.11535706099996726
2020-06-17,14595.0,614357.0,27924.0,,,47166.0,24167.0,1857.0,948461.0,2020,6,2,Wednesday,False,False,5598098.412698412,2141323.880597015,331925.3521126761,295093.58974358975,29288.636363636364,983069.7916666667,16168.181818181818,0.1694255674120634,0.013040530791733668,0.1420982148540101,0.08189605209994222,0.49831613253666485,0.6249373190060471,0.11485521506887827
2020-06-18,13808.0,631766.0,27516.0,,,47851.0,24081.0,1936.0,942382.0,2020,6,3,Thursday,False,False,5622586.098901099,2148801.8537200503,332244.5887445888,295330.26737967914,29238.605737883066,983602.9172445678,16165.116279069767,0.1676065040932291,0.01280527562481563,0.14402341413838707,0.0815392212036339,0.4722523407506273,0.6422978103499409,0.1197640627247878
2020-06-19,13868.0,694039.0,25578.0,,,50201.0,27772.0,1751.0,986929.0,2020,6,4,Friday,False,False,5597701.612903226,2153018.4615384615,333809.45945945947,294857.4074074074,29278.571428571428,983598.0769230769,16175.0,0.17630968355387794,0.01188006533939471,0.1503881887628077,0.09418789998932314,0.47365698950963653,0.7056124003120412,0.10825347758887172
2020-06-20,8185.0,577260.0,11899.0,,,28959.0,18559.0,22.0,576075.0,2020,6,5,Saturday,True,False,3220746.987951807,1403253.9682539683,123109.57446808512,158940.54054054053,17338.235294117647,983351.923076923,5080.645161290323,0.17886378599591504,0.00847957694700526,0.23522947037321879,0.1167669364712284,0.472078032230704,0.5870329700416355,0.00433015873015873
2020-06-21,6328.0,566717.0,9072.0,,,27094.0,16719.0,,449497.0,2020,6,6,Sunday,True,False,2614790.909090909,1083173.4375,98477.77777777777,108991.8918918919,18115.88785046729,922322.9166666667,3888.6792452830186,0.17190552347310925,0.008375390021507983,0.2751280604761368,0.15339673171820367,0.34930664465538586,0.6144453203528228,
2020-06-22,13314.0,638159.0,30863.0,,,53878.0,25367.0,2027.0,1000046.0,2020,6,0,Monday,False,False,5617044.604105571,2142238.6363636362,332142.8259141494,294851.81305398874,29239.31623931624,982727.9974489796,16141.036585365855,0.17803775303280542,0.01440689168616093,0.16221334858494313,0.08603304737134237,0.45534580532008184,0.6493750067735619,0.12558053439007527
2020-06-23,15069.0,647403.0,32305.0,,,52898.0,24909.0,2219.0,1050786.0,2020,6,1,Tuesday,False,False,5609193.269617707,2142021.7741935486,332150.9479956663,295377.47002893756,29264.064407814407,980691.0496719775,16245.212765957447,0.1873328212261112,0.015081546037113714,0.15925891622230198,0.08432938367831411,0.5149318901846086,0.6601497996912932,0.13659408663763464
2020-06-24,15155.0,651692.0,32504.0,,,52354.0,25277.0,2194.0,1068333.0,2020,6,2,Wednesday,False,False,5598098.412698412,2141323.880597015,331925.3521126761,295093.58974358975,29288.636363636364,983069.7916666667,16168.181818181818,0.19083855288728996,0.01517939452995671,0.1577282351792996,0.08565757060993252,0.5174361759913091,0.6629152940353717,0.13569862243463593
2020-06-25,14854.0,680113.0,32393.0,,,53444.0,25644.0,2210.0,1078796.0,2020,6,3,Thursday,False,False,5622586.098901099,2148801.8537200503,332244.5887445888,295330.26737967914,29238.605737883066,983602.9172445678,16165.116279069767,0.19186829352614881,0.015074912535057883,0.16085739786445336,0.08683160120202597,0.5080269604222059,0.6914507755886347,0.1367141418500935
2020-06-26,15048.0,723614.0,30480.0,,,55647.0,29700.0,2115.0,1102382.0,2020,6,4,Friday,False,False,5597701.612903226,2153018.4615384615,333809.45945945947,294857.4074074074,29278.571428571428,983598.0769230769,16175.0,0.1969347557681364,0.014156868853888137,0.1667028852031625,0.10072665381257732,0.5139595023176384,0.7356805762203527,0.13075734157650695
2020-06-27,8541.0,541589.0,12942.0,,,26773.0,17932.0,686.0,615398.0,2020,6,5,Saturday,True,False,3220746.987951807,1403253.9682539683,123109.57446808512,158940.54054054053,17338.235294117647,983351.923076923,5080.645161290323,0.19107306544167707,0.009222849386346927,0.21747293105087145,0.11282206502516665,0.4926106870229008,0.5507580625920371,0.1350222222222222
2020-06-28,5748.0,540549.0,10167.0,,,25680.0,15918.0,590.0,535898.0,2020,6,6,Sunday,True,False,2614790.909090909,1083173.4375,98477.77777777777,108991.8918918919,18115.88785046729,922322.9166666667,3888.6792452830186,0.2049487009216798,0.009386308459950579,0.2607694911429539,0.14604756118729387,0.3172905489063145,0.5860734784229131,0.15172246482290153
2020-06-29,14705.0,669113.0,33264.0,,,63309.0,28163.0,2317.0,1100769.0,2020,6,0,Monday,False,False,5617044.604105571,2142238.6363636362,332142.8259141494,294851.81305398874,29239.31623931624,982727.9974489796,16141.036585365855,0.19596942477462856,0.015527681853625934,0.19060775985679063,0.09551577691958511,0.5029187372113417,0.6808730408993343,0.14354716239852217
2020-06-30,15291.0,658682.0,33996.0,,,57955.0,27077.0,2386.0,1113124.0,2020,6,1,Tuesday,False,False,5609193.269617707,2142021.7741935486,332150.9479956663,295377.47002893756,29264.064407814407,980691.0496719775,16245.212765957447,0.19844636233685434,0.01587098712514217,0.1744839216920018,0.09166914456050869,0.5225179861180469,0.6716508733513135,0.1468740381781867
2020-07-01,16451.0,677917.0,32921.0,,,56505.0,27770.0,2305.0,1120537.0,2020,7,2,Wednesday,False,False,5287003.448275862,2066837.931034483,316178.4810126582,284209.45945945947,28384.920634920636,960340.594059406,13769.811320754716,0.21194179481108846,0.015928196161719633,0.17871235202036986,0.09770962603713478,0.579568293023906,0.7059130939518158,0.16739517676075638
2020-07-02,15981.0,769172.0,32730.0,,,64261.0,31948.0,2365.0,1170483.0,2020,7,3,Thursday,False,False,5270933.763203144,2074822.8050595238,315829.3246659444,283431.8181818182,28327.380952380954,962791.050658464,13733.531914893618,0.22206368977186652,0.015774841070855215,0.2034674901324298,0.11271846684307593,0.564153813826434,0.7988981612094902,0.1722062477923269
2020-07-03,10915.0,610636.0,16862.0,,,56181.0,32049.0,1138.0,851877.0,2020,7,4,Friday,False,False,5270115.625,2081210.3448275863,316553.4246575342,282100.0,28373.19587628866,960044.1176470588,13787.234042553193,0.16164294308058944,0.008102016233922236,0.17747715116580984,0.11360864941510103,0.384694062931473,0.6360499364306175,0.08254012345679011
2020-07-04,8391.0,488652.0,10769.0,,,38388.0,22085.0,690.0,591605.0,2020,7,5,Saturday,True,False,2828115.734700218,1350311.2121212122,127832.47422680413,154536.685660019,15865.753588516745,925137.4655501378,5089.622641509433,0.20918698366589672,0.007975198534479257,0.3002992802274239,0.14291104992756892,0.5288749729526372,0.5281939367890809,0.13556997219647823
2020-07-05,6280.0,575881.0,9832.0,,,34569.0,19136.0,528.0,533692.0,2020,7,6,Sunday,True,False,2340581.787141905,1097483.6363636362,104631.02931379082,106196.31130063965,16527.62520777625,883173.5503696445,3581.034482758621,0.22801681314101555,0.00895867571436145,0.33038956251043644,0.18019458270849317,0.37996989410464477,0.6520587032514391,0.1474434280211844
2020-07-06,14886.0,652916.0,31548.0,,,63862.0,30556.0,2222.0,1084956.0,2020,7,0,Monday,False,False,5258977.525118984,2071709.7350230415,316438.35994194483,283053.1968124537,28358.00304878049,960258.5532746823,13839.36170212766,0.20630550231823874,0.015228002005623208,0.2018149759457621,0.10795143931988832,0.524931179899854,0.6799377082072532,0.16055653778153586
2020-07-07,16003.0,650942.0,33595.0,,,61756.0,30507.0,2403.0,1157185.0,2020,7,1,Tuesday,False,False,5285514.705882353,2077013.3333333335,316417.7215189873,282205.1282051282,28382.926829268294,961250.0,13800.0,0.21893515852148632,0.016174667471240755,0.1951723806856823,0.10810221697256042,0.5638248689524792,0.6771828348504552,0.1741304347826087
2020-07-08,16980.0,658258.0,34242.0,,,63048.0,30174.0,2454.0,1172279.0,2020,7,2,Wednesday,False,False,5287003.448275862,2066837.931034483,316178.4810126582,284209.45945945947,28384.920634920636,960340.594059406,13769.811320754716,0.22172843491946093,0.01656733674461905,0.1994063599713349,0.10616817630696812,0.5982049489724591,0.6854422317164702,0.1782159495752261
2020-07-09,17017.0,714635.0,34762.0,,,65483.0,31913.0,2571.0,1211280.0,2020,7,3,Thursday,False,False,5270933.763203144,2074822.8050595238,315829.3246659444,283431.8181818182,28327.380952380954,962791.050658464,13733.531914893618,0.22980368458735967,0.016754201811948335,0.20733666852899735,0.11259498035442227,0.6007262029838201,0.7422534718319752,0.18720603089812787
2020-07-10,15738.0,618046.0,25544.0,,,55929.0,29683.0,2117.0,1030632.0,2020,7,4,Friday,False,False,5270115.625,2081210.3448275863,316553.4246575342,282100.0,28373.19587628866,960044.1176470588,13787.234042553193,0.1955615537372579,0.01227362724939566,0.17668107701095706,0.10522155264090748,0.5546784390669283,0.6437683317249514,0.15354783950617282
2020-07-11,8453.0,535729.0,12872.0,,,30059.0,18683.0,812.0,692977.0,2020,7,5,Saturday,True,False,2828115.734700218,1350311.2121212122,127832.47422680413,154536.685660019,15865.753588516745,925137.4655501378,5089.622641509433,0.24503134419053613,0.00953261728441053,0.23514369241315347,0.12089685966931267,0.5327827608590922,0.5790804285300736,0.15954031510658018
2020-07-12,7395.0,617036.0,10966.0,,,34905.0,19859.0,731.0,628187.0,2020,7,6,Sunday,True,False,2340581.787141905,1097483.6363636362,104631.02931379082,106196.31130063965,16527.62520777625,883173.5503696445,3581.034482758621,0.2683892540952743,0.009991948523564652,0.3336008469850671,0.1870027287838611,0.4474327017362816,0.6986576984124412,0.2041309581126625
2020-07-13,15928.0,658044.0,33302.0,,,66384.0,31876.0,2504.0,1175700.0,2020,7,0,Monday,False,False,5258977.525118984,2071709.7350230415,316438.35994194483,283053.1968124537,28358.00304878049,960258.5532746823,13839.36170212766,0.22356056750278655,0.016074645707850388,0.20978493256057545,0.11261487366673519,0.561675657224565,0.6852779366098146,0.1809332000922438
2020-07-14,17081.0,693968.0,35391.0,,,66321.0,31921.0,2669.0,1241080.0,2020,7,1,Tuesday,False,False,5285514.705882353,2077013.3333333335,316417.7215189873,282205.1282051282,28382.926829268294,961250.0,13800.0,0.23480778487264026,0.0170393706347576,0.20959951194143298,0.11311275667817555,0.6018054481395548,0.7219433029908973,0.19340579710144928
2020-07-15,18149.0,700896.0,34701.0,,,66549.0,32603.0,2751.0,1248413.0,2020,7,2,Wednesday,False,False,5287003.448275862,2066837.931034483,316178.4810126582,284209.45945945947,28384.920634920636,960340.594059406,13769.811320754716,0.2361286524991994,0.01678941511521014,0.21047921979654177,0.11471468986995696,0.639388787921152,0.7298410629892035,0.19978487256782682
2020-07-16,17230.0,713530.0,34199.0,,,66732.0,33258.0,2756.0,1249128.0,2020,7,3,Thursday,False,False,5270933.763203144,2074822.8050595238,315829.3246659444,283431.8181818182,28327.380952380954,962791.050658464,13733.531914893618,0.23698419599204099,0.016482853338899404,0.21129133613727305,0.11734038970411355,0.6082454297121244,0.741105766938744,0.20067670990091033
2020-07-17,16401.0,711817.0,29696.0,,,64806.0,35414.0,2427.0,1207265.0,2020,7,4,Friday,False,False,5270115.625,2081210.3448275863,316553.4246575342,282100.0,28373.19587628866,960044.1176470588,13787.234042553193,0.2290775166816193,0.014268620216021512,0.20472373682297348,0.12553704360155973,0.5780455635491607,0.7414419680468116,0.1760324074074074
2020-07-18,9785.0,649967.0,14335.0,,,41235.0,24071.0,786.0,778936.0,2020,7,5,Saturday,True,False,2828115.734700218,1350311.2121212122,127832.47422680413,154536.685660019,15865.753588516745,925137.4655501378,5089.622641509433,0.2754257863080585,0.010616071222189633,0.32257061634307144,0.1557623673446462,0.6167371720106727,0.702562618208845,0.15443188137164043
2020-07-19,7052.0,609862.0,9845.0,,,36429.0,18675.0,504.0,584994.0,2020,7,6,Sunday,True,False,2340581.787141905,1097483.6363636362,104631.02931379082,106196.31130063965,16527.62520777625,883173.5503696445,3581.034482758621,0.24993529523885546,0.0089705209934793,0.3481663158521418,0.17585356563969012,0.4266795689850247,0.6905347196423032,0.14074145402022145
2020-07-20,15957.0,672293.0,30196.0,,,67721.0,32279.0,2428.0,1156735.0,2020,7,0,Monday,False,False,5258977.525118984,2071709.7350230415,316438.35994194483,283053.1968124537,28358.00304878049,960258.5532746823,13839.36170212766,0.21995435319412757,0.01457540093070237,0.21401008402528818,0.11403863430444676,0.5626982962288036,0.7001166484873688,0.17544161734184024
2020-07-21,16831.0,691059.0,32482.0,,,67594.0,33213.0,2725.0,1241819.0,2020,7,1,Tuesday,False,False,5285514.705882353,2077013.3333333335,316417.7215189873,282205.1282051282,28382.926829268294,961250.0,13800.0,0.23494760096267547,0.015638801869350863,0.21362267472096652,0.11769098673450845,0.592997336083183,0.7189170351105332,0.19746376811594202
2020-07-22,17582.0,683364.0,33863.0,,,65348.0,32485.0,2716.0,1233668.0,2020,7,2,Wednesday,False,False,5287003.448275862,2066837.931034483,316178.4810126582,284209.45945945947,28384.920634920636,960340.594059406,13769.811320754716,0.23333973810860856,0.016383964843847756,0.20668073232151365,0.11429950312626298,0.6194133929819656,0.7115850399610699,0.1972430802959715
2020-07-23,17056.0,688709.0,33999.0,,,65637.0,32975.0,2632.0,1233795.0,2020,7,3,Thursday,False,False,5270933.763203144,2074822.8050595238,315829.3246659444,283431.8181818182,28327.380952380954,962791.050658464,13733.531914893618,0.23407522375128906,0.016386459565169768,0.2078242736624437,0.11634191323871382,0.6021029628073125,0.7153255106899715,0.19164771424499127
2020-07-24,17311.0,719421.0,29987.0,,,65889.0,36639.0,2511.0,1218138.0,2020,7,4,Friday,False,False,5270115.625,2081210.3448275863,316553.4246575342,282100.0,28373.19587628866,960044.1176470588,13787.234042553193,0.23114065927158856,0.014408442699954104,0.20814496027418602,0.12987947536334632,0.6101180873483032,0.7493624373879877,0.18212499999999998
2020-07-25,10350.0,671119.0,14777.0,,,43340.0,25173.0,799.0,816604.0,2020,7,5,Saturday,True,False,2828115.734700218,1350311.2121212122,127832.47422680413,154536.685660019,15865.753588516745,925137.4655501378,5089.622641509433,0.28874490176639134,0.010943403170582225,0.3390374805943668,0.16289336019138295,0.6523484650291735,0.725426247439796,0.1569860982391103
2020-07-26,7429.0,609707.0,9711.0,,,36164.0,20170.0,542.0,606910.0,2020,7,6,Sunday,True,False,2340581.787141905,1097483.6363636362,104631.02931379082,106196.31130063965,16527.62520777625,883173.5503696445,3581.034482758621,0.2592987791898956,0.008848423501033771,0.34563360637066226,0.18993126741379115,0.4494898635833449,0.6903592161980083,0.15135291285507943
2020-07-27,16607.0,693677.0,32072.0,,,70114.0,31568.0,2626.0,1203503.0,2020,7,0,Monday,False,False,5258977.525118984,2071709.7350230415,316438.35994194483,283053.1968124537,28358.00304878049,960258.5532746823,13839.36170212766,0.2288473366261003,0.015480933191465308,0.2215723783073058,0.11152673898580424,0.5856195152893239,0.7223856508587364,0.1897486355599969
2020-07-28,16892.0,681857.0,33753.0,,,66687.0,31677.0,2635.0,1241770.0,2020,7,1,Tuesday,False,False,5285514.705882353,2077013.3333333335,316417.7215189873,282205.1282051282,28382.926829268294,961250.0,13800.0,0.2349383303423619,0.016250738239523416,0.21075621074528944,0.11224813737961113,0.5951465154249377,0.7093440832249674,0.19094202898550725
2020-07-29,18216.0,714559.0,35257.0,,,69995.0,33733.0,2778.0,1296102.0,2020,7,2,Wednesday,False,False,5287003.448275862,2066837.931034483,316178.4810126582,284209.45945945947,28384.920634920636,960340.594059406,13769.811320754716,0.24514869579339316,0.017058425080457736,0.22137812723946176,0.11869063072058579,0.6417491961414791,0.7440683070362825,0.20174568374897234
2020-07-30,17333.0,717003.0,33982.0,,,68958.0,34122.0,2746.0,1270172.0,2020,7,3,Thursday,False,False,5270933.763203144,2074822.8050595238,315829.3246659444,283431.8181818182,28327.380952380954,962791.050658464,13733.531914893618,0.2409766574695329,0.01637826609440275,0.21833944670254266,0.1203887418811643,0.6118814877075015,0.7447129878384654,0.1999485650899491
2020-07-31,17654.0,747216.0,29917.0,,,67648.0,38040.0,2429.0,1258539.0,2020,7,4,Friday,False,False,5270115.625,2081210.3448275863,316553.4246575342,282100.0,28373.19587628866,960044.1176470588,13787.234042553193,0.23880671498549902,0.0143748084254686,0.2137016842360354,0.1348457993619284,0.6222069617033645,0.778314231882726,0.17617746913580246
2020-08-01,10685.0,695946.0,16087.0,,,44405.0,26261.0,904.0,842468.0,2020,8,5,Saturday,True,False,2945506.25,1374088.888888889,133403.7037037037,151762.5,16640.145985401457,957488.7755102041,4719.444444444444,0.28601806565509746,0.01170739399036129,0.3328618229267886,0.17304011201713204,0.6421217704083871,0.7268450741150053,0.19154796939376104
2020-08-02,7431.0,561396.0,9874.0,,,30502.0,17885.0,615.0,590060.0,2020,8,6,Sunday,True,False,2381887.720588235,1099990.1639344264,104098.1819912431,103998.25949367089,17984.8125,919344.6279761905,3612.239583333333,0.24772788192311507,0.00897644390262804,0.2930118414802468,0.17197403194125996,0.4131819556083779,0.6106480452665888,0.17025448778026098
2020-08-03,17594.0,715550.0,36945.0,,,70779.0,32884.0,2955.0,1272996.0,2020,8,0,Monday,False,False,5126568.518518518,2019618.5185185184,312460.0,272998.3333333334,28005.31914893617,972075.8241758242,13400.0,0.24831346648378982,0.018293058645105328,0.22652179478973308,0.12045494783240433,0.6282377967711301,0.7361051290486316,0.22052238805970148
2020-08-04,14924.0,507501.0,29426.0,,,36835.0,22286.0,1499.0,1027187.0,2020,8,1,Tuesday,False,False,5146831.5476190485,2013055.0,312109.3058350101,272936.40116561437,27963.24375294672,971388.4801288936,13413.723776223775,0.19957657259546063,0.014617583722252993,0.11801955055922632,0.08165272167737397,0.5337006011123918,0.5224490617107789,0.11175122024333185
2020-08-05,18299.0,740063.0,38283.0,,,58005.0,26598.0,2824.0,1348202.0,2020,8,2,Wednesday,False,False,5145409.141791045,2012229.337686567,312848.643761302,273273.76395534293,27967.2903453136,972300.5,13316.638297872341,0.26202036861362393,0.01902516740165087,0.18540914642499393,0.09733096809229926,0.6543000689041122,0.7611463739862316,0.21206553311966153
2020-08-06,19117.0,739952.0,37059.0,,,66671.0,28283.0,3125.0,1334694.0,2020,8,3,Thursday,False,False,5138942.700341006,2014691.217948718,311722.78138528136,273115.0462962963,27957.998182919444,973126.8103280916,13384.991496598639,0.25972151818533284,0.018394382062047236,0.21387913871330552,0.1035570920882785,0.6837757079360306,0.7603859971245923,0.23347045089973478
2020-08-07,17502.0,735101.0,32170.0,,,65969.0,32882.0,2741.0,1283894.0,2020,8,4,Friday,False,False,5142805.084745763,2022153.5714285711,312300.0,272525.0,27989.423076923074,970850.4854368932,13316.666666666668,0.2496485826010009,0.015908781832664257,0.21123599103426194,0.12065682047518576,0.6253076368133568,0.7571722021328512,0.20583229036295367
2020-08-08,10613.0,630411.0,15143.0,,,41729.0,23513.0,806.0,833287.0,2020,8,5,Saturday,True,False,2945506.25,1374088.888888889,133403.7037037037,151762.5,16640.145985401457,957488.7755102041,4719.444444444444,0.2829011141972624,0.01102039331112333,0.3128024098392515,0.1549328720863191,0.6377948852919245,0.6584004075286224,0.17078281341965862
2020-08-09,8287.0,649493.0,11534.0,,,37616.0,20503.0,649.0,662993.0,2020,8,6,Sunday,True,False,2381887.720588235,1099990.1639344264,104098.1819912431,103998.25949367089,17984.8125,919344.6279761905,3612.239583333333,0.27834771314756435,0.010485548305946103,0.3613511713697778,0.1971475301588847,0.46077767004799186,0.7064739165657264,0.1796669310071372
2020-08-10,18178.0,720799.0,34883.0,,,73548.0,33500.0,2995.0,1275268.0,2020,8,0,Monday,False,False,5126568.518518518,2019618.5185185184,312460.0,272998.3333333334,28005.31914893617,972075.8241758242,13400.0,0.24875664792022104,0.017272073750634977,0.23538372911732702,0.12271137186429708,0.6490909781576448,0.7415049135813355,0.22350746268656715
2020-08-11,18546.0,716441.0,36426.0,,,72436.0,33509.0,3164.0,1319814.0,2020,8,1,Tuesday,False,False,5146831.5476190485,2013055.0,312109.3058350101,272936.40116561437,27963.24375294672,971388.4801288936,13413.723776223775,0.2564323288588205,0.018094885634023908,0.23208535806456135,0.12277219109248518,0.6632277772869485,0.7375432328628556,0.23587782578379052
2020-08-12,19346.0,696198.0,36053.0,,,68345.0,33736.0,3124.0,1298963.0,2020,8,2,Wednesday,False,False,5145409.141791045,2012229.337686567,312848.643761302,273273.76395534293,27967.2903453136,972300.5,13316.638297872341,0.2524508672108918,0.017916943821845697,0.2184602726043653,0.12345129481772342,0.6917366595452732,0.7160317206460348,0.23459374131226013
2020-08-13,18608.0,713144.0,34723.0,,,69223.0,33822.0,2971.0,1291277.0,2020,8,3,Thursday,False,False,5138942.700341006,2014691.217948718,311722.78138528136,273115.0462962963,27957.998182919444,973126.8103280916,13384.991496598639,0.25127289314090123,0.017234899169984788,0.22206590000376697,0.12383792273131405,0.6655698265038268,0.7328376861383175,0.22196502707939583
2020-08-14,18113.0,777169.0,32713.0,,,72916.0,39342.0,3012.0,1355786.0,2020,8,4,Friday,False,False,5142805.084745763,2022153.5714285711,312300.0,272525.0,27989.423076923074,970850.4854368932,13316.666666666668,0.2636277241036103,0.016177307432140065,0.23348062760166508,0.14436106779194569,0.6471373114844207,0.8005032820787699,0.22618272841051312
2020-08-15,11487.0,699313.0,15522.0,,,46806.0,27677.0,974.0,860789.0,2020,8,5,Saturday,True,False,2945506.25,1374088.888888889,133403.7037037037,151762.5,16640.145985401457,957488.7755102041,4719.444444444444,0.29223804906202455,0.011296212439758061,0.3508598239817874,0.18237048019108804,0.6903184629556521,0.7303615644239448,0.20638022366097705
2020-08-16,7902.0,537419.0,8603.0,,,29858.0,18164.0,529.0,554451.0,2020,8,6,Sunday,True,False,2381887.720588235,1099990.1639344264,104098.1819912431,103998.25949367089,17984.8125,919344.6279761905,3612.239583333333,0.23277797488416951,0.007820979025147765,0.2868253741694711,0.1746567691462704,0.43937071904419356,0.5845675099913873,0.14644654314757408
2020-08-17,17377.0,701456.0,34768.0,,,74453.0,35362.0,3058.0,1304485.0,2020,8,0,Monday,False,False,5126568.518518518,2019618.5185185184,312460.0,272998.3333333334,28005.31914893617,972075.8241758242,13400.0,0.25445578173545447,0.017215132304047153,0.23828009985278115,0.12953192632433652,0.6204892687559355,0.721606260082366,0.2282089552238806
2020-08-18,19274.0,729923.0,36646.0,,,74213.0,34361.0,2951.0,1369617.0,2020,8,1,Tuesday,False,False,5146831.5476190485,2013055.0,312109.3058350101,272936.40116561437,27963.24375294672,971388.4801288936,13413.723776223775,0.2661087675646956,0.01820417226553671,0.23777887622239344,0.125893797431403,0.6892619529509676,0.7514223350714911,0.21999856633627238
2020-08-19,19915.0,710695.0,34181.0,,,70104.0,34377.0,2783.0,1292148.0,2020,8,2,Wednesday,False,False,5145409.141791045,2012229.337686567,312848.643761302,273273.76395534293,27967.2903453136,972300.5,13316.638297872341,0.251126385558957,0.01698663236830521,0.2240827997754982,0.1257969279686056,0.7120818554142518,0.7309417201780726,0.20898667800000637
2020-08-20,19344.0,775926.0,35059.0,,,75643.0,37078.0,2960.0,1410489.0,2020,8,3,Thursday,False,False,5138942.700341006,2014691.217948718,311722.78138528136,273115.0462962963,27957.998182919444,973126.8103280916,13384.991496598639,0.27447066103819445,0.017401674106514317,0.24266112237240434,0.1357596386680759,0.6918950303036343,0.7973534299588304,0.2211432110922288
2020-08-21,19035.0,792319.0,31342.0,,,76062.0,41110.0,2769.0,1387463.0,2020,8,4,Friday,False,False,5142805.084745763,2022153.5714285711,312300.0,272525.0,27989.423076923074,970850.4854368932,13316.666666666668,0.2697872031190523,0.015499317382634853,0.24355427473583094,0.15084854600495368,0.680078326290838,0.8161081565957583,0.20793491864831037
2020-08-22,11456.0,708443.0,13705.0,,,49095.0,27784.0,871.0,882522.0,2020,8,5,Saturday,True,False,2945506.25,1374088.888888889,133403.7037037037,151762.5,16640.145985401457,957488.7755102041,4719.444444444444,0.29961640719655575,0.009973881683216352,0.36801826813626143,0.1830755291985833,0.6884554985305085,0.7398969242459281,0.18455562095350206
2020-08-23,8297.0,641684.0,9698.0,,,37891.0,22496.0,633.0,671560.0,2020,8,6,Sunday,True,False,2381887.720588235,1099990.1639344264,104098.1819912431,103998.25949367089,17984.8125,919344.6279761905,3612.239583333333,0.2819444401997884,0.0088164424719148,0.36399290818726737,0.21631131241546458,0.46133369474938923,0.6979798222268163,0.17523754595919547
2020-08-24,17643.0,710872.0,34021.0,,,75145.0,35904.0,2756.0,1307345.0,2020,8,0,Monday,False,False,5126568.518518518,2019618.5185185184,312460.0,272998.3333333334,28005.31914893617,972075.8241758242,13400.0,0.25501365977603246,0.016845260472733208,0.24049478333226654,0.13151728643032007,0.6299874643874643,0.7312927472532441,0.20567164179104477
2020-08-25,18682.0,715798.0,34993.0,,,73331.0,35689.0,2845.0,1346490.0,2020,8,1,Tuesday,False,False,5146831.5476190485,2013055.0,312109.3058350101,272936.40116561437,27963.24375294672,971388.4801288936,13413.723776223775,0.26161532343581234,0.017383032256942807,0.23495294318063323,0.13075939980004486,0.6680913046087982,0.7368812937796222,0.21209621186943237
2020-08-26,20659.0,748927.0,35975.0,,,76583.0,36621.0,3012.0,1407639.0,2020,8,2,Wednesday,False,False,5145409.141791045,2012229.337686567,312848.643761302,273273.76395534293,27967.2903453136,972300.5,13316.638297872341,0.2735718309681435,0.017878180844614844,0.2447924947964022,0.13400847366373753,0.7386843610847617,0.7702628971187405,0.22618321025368998
2020-08-27,19271.0,739049.0,33969.0,,,73060.0,35551.0,2856.0,1358272.0,2020,8,3,Thursday,False,False,5138942.700341006,2014691.217948718,311722.78138528136,273115.0462962963,27957.998182919444,973126.8103280916,13384.991496598639,0.26430962149273796,0.016860648270748877,0.23437491374651798,0.13016858822721736,0.6892839706876207,0.7594580605078881,0.2133733144862856
2020-08-28,18845.0,787675.0,31956.0,,,76114.0,41222.0,2716.0,1388583.0,2020,8,4,Friday,False,False,5142805.084745763,2022153.5714285711,312300.0,272525.0,27989.423076923074,970850.4854368932,13316.666666666668,0.27000498310128845,0.015802954064178396,0.24372078130003202,0.15125951747546096,0.6732900477515545,0.811324721793323,0.2039549436795995
2020-08-29,9814.0,555413.0,14035.0,,,37641.0,22234.0,798.0,773667.0,2020,8,5,Saturday,True,False,2945506.25,1374088.888888889,133403.7037037037,151762.5,16640.145985401457,957488.7755102041,4719.444444444444,0.26266011148338253,0.01021404081896691,0.2821585829700991,0.14650523021167944,0.5897784796245121,0.5800725963644269,0.16908769864626252
2020-08-30,9752.0,706101.0,16027.0,,,45147.0,26520.0,825.0,748061.0,2020,8,6,Sunday,True,False,2381887.720588235,1099990.1639344264,104098.1819912431,103998.25949367089,17984.8125,919344.6279761905,3612.239583333333,0.31406224295713553,0.014570130284324448,0.4336963349061931,0.25500426765905587,0.5422352888027051,0.7680482144703268,0.22839016653449645
2020-08-31,18185.0,711594.0,787291.0,,,78122.0,37727.0,3184.0,1397264.0,2020,8,0,Monday,False,False,5126568.518518518,2019618.5185185184,312460.0,272998.3333333334,28005.31914893617,972075.8241758242,13400.0,0.2725534624091561,0.3898216384832486,0.25002240286756705,0.1381949828753533,0.649340930674264,0.7320354876671539,0.23761194029850746
2020-09-01,18929.0,704251.0,947758.0,,,76483.0,36035.0,3217.0,1469274.0,2020,9,1,Tuesday,False,False,5762951.365079366,2323449.6794871795,327453.04878048785,288018.6728395062,29693.90243902439,952311.3494623655,17075.012370113807,0.2549516570455676,0.407909845591829,0.23356936295093503,0.1251134158932811,0.6374709433652306,0.7395175962121948,0.18840396307007526
2020-09-02,19990.0,703330.0,972213.0,,,77585.0,36159.0,3192.0,1487969.0,2020,9,2,Wednesday,False,False,5785243.432835821,2325995.1836158196,327301.2780853142,288897.5016655563,29776.363636363632,953917.4934330168,17181.72682526661,0.2572007586672329,0.4179772197501586,0.23704459834029956,0.12516203771765275,0.671337851865421,0.7373069524795198,0.18577876557238707
2020-09-03,19992.0,758827.0,1022623.0,,,82554.0,39920.0,3327.0,1529185.0,2020,9,3,Thursday,False,False,5772755.223880596,2314074.193548387,328298.75,287986.88524590165,29723.364485981307,952776.6990291262,17116.666666666668,0.2648969063635513,0.4419145258397771,0.2514599888059275,0.13861742337993532,0.6726021884039743,0.7964374031955653,0.19437195715676728
2020-09-04,20223.0,817722.0,1030811.0,,,88345.0,47152.0,3148.0,1568385.0,2020,9,4,Friday,False,False,5751001.871657753,2323600.806451613,327431.3093453273,287666.21052631584,29691.265201908216,951014.2857142857,17050.0,0.2727150912138211,0.4436265459789363,0.26981231628899127,0.16391219501842227,0.6811094058295736,0.8598419732315874,0.184633431085044
2020-09-05,12118.0,694277.0,715922.0,,,50550.0,34621.0,21.0,1013725.0,2020,9,5,Saturday,True,False,3220394.520547945,1402825.0,118303.61445783133,152795.5223880597,17135.164835164833,953082.0,4144.68085106383,0.31478286077431167,0.5103430577584517,0.4272904106240834,0.2265838648862493,0.7072006669659464,0.7284546345435126,0.0050667351129363445
2020-09-06,10160.0,655687.0,559273.0,,,44727.0,28565.0,191.0,819409.0,2020,9,6,Sunday,True,False,2544627.2727272725,1099881.6666666667,99359.68992248061,105071.27659574468,17174.418604651164,886614.1509433961,2926.9662921348313,0.3220153335548339,0.5084847006268856,0.4501523709956778,0.2718630716737372,0.5915775220040622,0.7395404182330277,0.06525527831094051
2020-09-07,9261.0,611390.0,615802.0,,,80050.0,27326.0,1210.0,870964.0,2020,9,0,Monday,False,False,5744982.089552239,2314379.365079365,326433.3333333333,287153.94736842107,29658.97435897436,951296.9072164949,17097.56097560976,0.15160430205412226,0.26607651679390204,0.24522618196671092,0.09516149873761094,0.31224950289617015,0.6426910414214777,0.0707703281027104
2020-09-08,19806.0,726886.0,1039401.0,,,90603.0,42963.0,3496.0,1555816.0,2020,9,1,Tuesday,False,False,5762951.365079366,2323449.6794871795,327453.04878048785,288018.6728395062,29693.90243902439,952311.3494623655,17075.012370113807,0.2699686152875548,0.4473524902116286,0.2766900486571338,0.14916741187798074,0.667005626514436,0.7632860832860692,0.2047436291243342
2020-09-09,21801.0,719499.0,1072887.0,,,86063.0,41954.0,3586.0,1610076.0,2020,9,2,Wednesday,False,False,5785243.432835821,2325995.1836158196,327301.2780853142,288897.5016655563,29776.363636363632,953917.4934330168,17181.72682526661,0.27830738994690324,0.4612593386079886,0.26294733862165626,0.14522105507360278,0.7321579043780914,0.754257055723575,0.20871010443063284
2020-09-10,20181.0,697793.0,997030.0,,,82142.0,39296.0,3403.0,1543662.0,2020,9,3,Thursday,False,False,5772755.223880596,2314074.193548387,328298.75,287986.88524590165,29723.364485981307,952776.6990291262,17116.666666666668,0.26740472099253676,0.43085481130194897,0.25020503428660634,0.13645065804453754,0.6789608225380456,0.7323783219206,0.1988120740019474
2020-09-11,20809.0,781923.0,1070920.0,,,88582.0,47781.0,3442.0,1690334.0,2020,9,4,Friday,False,False,5751001.871657753,2323600.806451613,327431.3093453273,287666.21052631584,29691.265201908216,951014.2857142857,17050.0,0.2939199182546524,0.46088811685145237,0.27053613222606177,0.16609875700235907,0.7008458500671313,0.8221990055729973,0.20187683284457478
2020-09-12,12349.0,693696.0,752875.0,,,44546.0,32400.0,29.0,1083698.0,2020,9,5,Saturday,True,False,3220394.520547945,1402825.0,118303.61445783133,152795.5223880597,17135.164835164833,953082.0,4144.68085106383,0.3365109439496905,0.5366849036765099,0.3765396366302754,0.21204809861975324,0.7206817161546849,0.7278450332710092,0.006996919917864475
2020-09-13,9315.0,611591.0,557231.0,,,36686.0,24009.0,4.0,796740.0,2020,9,6,Sunday,True,False,2544627.2727272725,1099881.6666666667,99359.68992248061,105071.27659574468,17174.418604651164,886614.1509433961,2926.9662921348313,0.31310675969690155,0.5066281372693122,0.3692241796308144,0.22850203003027328,0.5423764387271496,0.6898051416721023,0.0013666026871401152
2020-09-14,19888.0,697572.0,1065601.0,,,89498.0,41286.0,3515.0,1604381.0,2020,9,0,Monday,False,False,5744982.089552239,2314379.365079365,326433.3333333333,287153.94736842107,29658.97435897436,951296.9072164949,17097.56097560976,0.2792664929134783,0.460426244754156,0.27416930460533034,0.14377653651763908,0.6705558917610444,0.7332852600573497,0.20558487874465048
2020-09-15,20763.0,711338.0,1091806.0,,,87025.0,41288.0,3696.0,1678078.0,2020,9,1,Tuesday,False,False,5762951.365079366,2323449.6794871795,327453.04878048785,288018.6728395062,29693.90243902439,952311.3494623655,17075.012370113807,0.2911837865174991,0.4699073148168968,0.26576329133016646,0.1433518167171303,0.6992344654811286,0.7469594900886052,0.21645665138545173
2020-09-16,22070.0,711372.0,1097389.0,,,87034.0,41417.0,3496.0,1686909.0,2020,9,2,Wednesday,False,False,5785243.432835821,2325995.1836158196,327301.2780853142,288897.5016655563,29776.363636363632,953917.4934330168,17181.72682526661,0.29158824854723664,0.47179332430692333,0.26591402425661703,0.14336226433673563,0.7411919154912379,0.7457374509821293,0.20347198134118583
2020-09-17,21005.0,740052.0,1094592.0,,,86854.0,42339.0,3617.0,1692368.0,2020,9,3,Thursday,False,False,5772755.223880596,2314074.193548387,328298.75,287986.88524590165,29723.364485981307,952776.6990291262,17116.666666666668,0.29316469075270196,0.4730150844133305,0.2645578150998138,0.14701711143494695,0.7066831216199221,0.7767318415260455,0.21131450827653359
2020-09-18,20702.0,781132.0,1083295.0,,,90657.0,48213.0,3367.0,1725443.0,2020,9,4,Friday,False,False,5751001.871657753,2323600.806451613,327431.3093453273,287666.21052631584,29691.265201908216,951014.2857142857,17050.0,0.30002476759803814,0.46621390257404294,0.2768733392700332,0.1676004975064301,0.6972420965971337,0.8213672620210002,0.19747800586510264
2020-09-19,12246.0,697698.0,752437.0,,,46777.0,34608.0,1001.0,1136947.0,2020,9,5,Saturday,True,False,3220394.520547945,1402825.0,118303.61445783133,152795.5223880597,17135.164835164833,953082.0,4144.68085106383,0.3530458745801587,0.5363726765633632,0.3953978939221118,0.22649878385902533,0.7146706855640352,0.7320440423804038,0.24151437371663242
2020-09-20,9269.0,615409.0,558863.0,,,38973.0,26328.0,760.0,827605.0,2020,9,6,Sunday,True,False,2544627.2727272725,1099881.6666666667,99359.68992248061,105071.27659574468,17174.418604651164,886614.1509433961,2926.9662921348313,0.32523623749147046,0.5081119332534257,0.3922415622513147,0.25057276215740076,0.5396980365605958,0.6941114117625778,0.2596545105566219
2020-09-21,19488.0,686709.0,1058256.0,,,89706.0,41901.0,3497.0,1624139.0,2020,9,0,Monday,False,False,5744982.089552239,2314379.365079365,326433.3333333333,287153.94736842107,29658.97435897436,951296.9072164949,17097.56097560976,0.2827056681262142,0.45725260774769744,0.2748064944348004,0.14591824484390822,0.6570692487248206,0.7218661122417795,0.20453209700427957
2020-09-22,21103.0,704257.0,1095678.0,,,87376.0,41389.0,3821.0,1698504.0,2020,9,1,Tuesday,False,False,5762951.365079366,2323449.6794871795,327453.04878048785,288018.6728395062,29693.90243902439,952311.3494623655,17075.012370113807,0.2947281509769619,0.47157380238242674,0.2668352007269707,0.14370248842533678,0.7106846277054499,0.7395238966726518,0.22377729029865015
2020-09-23,22501.0,727921.0,1119904.0,,,88998.0,42506.0,3710.0,1735333.0,2020,9,2,Wednesday,False,False,5785243.432835821,2325995.1836158196,327301.2780853142,288897.5016655563,29776.363636363632,953917.4934330168,17181.72682526661,0.29995850998259055,0.48147305200309154,0.2719146118849002,0.1471317673394327,0.7556664834829335,0.7630859115292176,0.2159270740205376
2020-09-24,21554.0,747851.0,1107707.0,,,89129.0,42969.0,3816.0,1722364.0,2020,9,3,Thursday,False,False,5772755.223880596,2314074.193548387,328298.75,287986.88524590165,29723.364485981307,952776.6990291262,17116.666666666668,0.2983608230736972,0.47868257771867245,0.27148747901111414,0.14920471105241587,0.7251534398188908,0.7849173901524416,0.22294060370009736
2020-09-25,21233.0,796850.0,1110956.0,,,92506.0,49819.0,3708.0,1761591.0,2020,9,4,Friday,False,False,5751001.871657753,2323600.806451613,327431.3093453273,287666.21052631584,29691.265201908216,951014.2857142857,17050.0,0.30631028111493436,0.4781182709677867,0.2825203252094564,0.17318335688036093,0.7151261441912345,0.8378948791515826,0.21747800586510263
2020-09-26,12128.0,718420.0,755197.0,,,47169.0,35771.0,32.0,1120143.0,2020,9,5,Saturday,True,False,3220394.520547945,1402825.0,118303.61445783133,152795.5223880597,17135.164835164833,953082.0,4144.68085106383,0.34782788035840073,0.5383401350845615,0.3987114021508881,0.23411026344837016,0.7077842621689221,0.7537861380238007,0.007720739219712525
2020-09-27,9491.0,636532.0,576684.0,,,39994.0,28480.0,5.0,846179.0,2020,9,6,Sunday,True,False,2544627.2727272725,1099881.6666666667,99359.68992248061,105071.27659574468,17174.418604651164,886614.1509433961,2926.9662921348313,0.3325355383356734,0.5243145853569096,0.4025173592148174,0.27105409701620986,0.5526242383209208,0.7179357551677944,0.001708253358925144
2020-09-28,17678.0,658998.0,985185.0,,,89664.0,43237.0,3371.0,1489240.0,2020,9,0,Monday,False,False,5744982.089552239,2314379.365079365,326433.3333333333,287153.94736842107,29658.97435897436,951296.9072164949,17097.56097560976,0.25922448090975175,0.42567999648848226,0.2746778311038497,0.15057080146812868,0.5960421889859082,0.6927364054280754,0.19716262482168329
2020-09-29,20517.0,688012.0,1057135.0,,,88444.0,40515.0,3632.0,1661264.0,2020,9,1,Tuesday,False,False,5762951.365079366,2323449.6794871795,327453.04878048785,288018.6728395062,29693.90243902439,952311.3494623655,17075.012370113807,0.2882661842448364,0.4549851065564397,0.2700967370112639,0.14066796295036169,0.6909499363423549,0.7224653999854379,0.21270848426189412
2020-09-30,21424.0,717050.0,1101663.0,,,89223.0,41967.0,3704.0,1740820.0,2020,9,2,Wednesday,False,False,5785243.432835821,2325995.1836158196,327301.2780853142,288897.5016655563,29776.363636363632,953917.4934330168,17181.72682526661,0.3009069575395001,0.47363081736370427,0.2726020519135986,0.1452660537320372,0.719496855345912,0.7516897477363964,0.21557786581457447
2020-10-01,22309.0,759870.0,1159859.0,,,86082.0,42390.0,4003.0,1809958.0,2020,10,3,Thursday,False,False,5753361.111111111,2253958.8235294116,314336.5853658537,290771.6216216216,29730.10752688172,925780.198019802,17836.363636363636,0.3145914127490694,0.5145874839824309,0.2738529461971787,0.1457845155713363,0.7503841006908026,0.820788780776824,0.22442915392456678
2020-10-02,21626.0,776683.0,1115793.0,,,87291.0,48883.0,3589.0,1790612.0,2020,10,4,Friday,False,False,5756068.412698412,2247057.401129944,314450.7211538461,291025.6581256581,29758.2427184466,926983.2165109033,17936.086956521736,0.3110824735942586,0.49655740856415953,0.2775983457111951,0.16796800775172016,0.7267230193869758,0.8378609085538546,0.2000993867112695
2020-10-03,12759.0,705741.0,777674.0,,,45018.0,36907.0,33.0,1168040.0,2020,10,5,Saturday,True,False,3329512.5,1388290.625,113551.48514851485,152183.58208955222,17687.96992481203,946215.6862745098,4541.772151898734,0.3508141206858361,0.5601665717507817,0.39645452405242093,0.2425163049341428,0.7213377258235919,0.7458563731686595,0.007265886287625419
2020-10-04,10010.0,617011.0,570608.0,,,34976.0,27667.0,761.0,852830.0,2020,10,6,Sunday,True,False,2456172.56097561,1000988.799010278,91166.64021164022,105091.34735426871,18374.333529066353,844693.9814814815,3762.105263157895,0.3472190893872903,0.5700443407200815,0.3836491058440283,0.2632662031321477,0.5447816642799688,0.7304550683761761,0.20228035814213766
2020-10-05,19971.0,681284.0,1102675.0,,,88694.0,42257.0,3587.0,1678792.0,2020,10,0,Monday,False,False,5762367.908902692,2259552.5110590686,313900.3651411879,290869.15343915345,29762.116932032186,926695.552631579,17782.445442875483,0.2913371771015028,0.48800591913801916,0.28255462512796603,0.14527838205036647,0.6710208163487772,0.7351756443260434,0.20171578827686648
2020-10-06,21475.0,698860.0,1137217.0,,,87748.0,43803.0,3866.0,1758454.0,2020,10,1,Tuesday,False,False,5748704.710424711,2255897.9228855725,313633.75331564987,291107.8095238095,29750.885585003234,927888.2437758339,17826.632996632994,0.3058869934319668,0.5041083590100384,0.27977856041434396,0.15047002714098393,0.721827252457489,0.7531725988424484,0.2168665277806634
2020-10-07,23027.0,710155.0,1123231.0,,,87119.0,43534.0,3791.0,1770617.0,2020,10,2,Wednesday,False,False,5737598.701298702,2255338.2352941176,314166.2921348315,289893.3333333333,29755.882352941175,929977.6699029126,17804.25531914894,0.3085989613737228,0.49803217203628,0.27730218734800144,0.15017247723300525,0.7738637936147079,0.7636258621931626,0.2129266252390057
2020-10-08,21964.0,738395.0,1126770.0,,,87959.0,44802.0,3913.0,1798005.0,2020,10,3,Thursday,False,False,5753361.111111111,2253958.8235294116,314336.5853658537,290771.6216216216,29730.10752688172,925780.198019802,17836.363636363636,0.3125138445642885,0.49990709157482394,0.2798242523937367,0.1540796854594718,0.7387797027017252,0.797592129945521,0.21938328236493373
2020-10-09,21274.0,782600.0,1117172.0,,,78663.0,52686.0,3700.0,1808079.0,2020,10,4,Friday,False,False,5756068.412698412,2247057.401129944,314450.7211538461,291025.6581256581,29758.2427184466,926983.2165109033,17936.086956521736,0.31411701014727567,0.49717110005210574,0.25016002415689753,0.18103558407640954,0.714894363934085,0.8442439798917276,0.20628802753739126
2020-10-10,12627.0,716866.0,771088.0,,,44528.0,41409.0,1430.0,1170227.0,2020,10,5,Saturday,True,False,3329512.5,1388290.625,113551.48514851485,152183.58208955222,17687.96992481203,946215.6862745098,4541.772151898734,0.351470973603493,0.5554226082885203,0.3921393008797858,0.2720989966948795,0.7138750265674814,0.7576137347949521,0.31485507246376815
2020-10-11,9470.0,603801.0,564051.0,,,34593.0,28784.0,1049.0,848469.0,2020,10,6,Sunday,True,False,2456172.56097561,1000988.799010278,91166.64021164022,105091.34735426871,18374.333529066353,844693.9814814815,3762.105263157895,0.34544356267174564,0.5634938178705918,0.37944800773280163,0.2738950515399479,0.5153928432299005,0.7148162686574526,0.27883324006715166
2020-10-12,15722.0,598916.0,767564.0,,,76776.0,39838.0,2237.0,1284655.0,2020,10,0,Monday,False,False,5762367.908902692,2259552.5110590686,313900.3651411879,290869.15343915345,29762.116932032186,926695.552631579,17782.445442875483,0.222938732880149,0.33969734991475686,0.2445871637182303,0.13696192782550817,0.528255434111235,0.6462920840606511,0.12579822090196552
2020-10-13,20909.0,667518.0,1063680.0,,,76552.0,42205.0,3670.0,1715183.0,2020,10,1,Tuesday,False,False,5748704.710424711,2255897.9228855725,313633.75331564987,291107.8095238095,29750.885585003234,927888.2437758339,17826.632996632994,0.29835990651766897,0.47151069612202207,0.2440808720066424,0.14498065190706633,0.7028026086907398,0.7193948241909873,0.20587174261640834
2020-10-14,23169.0,719962.0,1162256.0,,,89173.0,45148.0,3956.0,1838682.0,2020,10,2,Wednesday,False,False,5737598.701298702,2255338.2352941176,314166.2921348315,289893.3333333333,29755.882352941175,929977.6699029126,17804.25531914894,0.32046193812470986,0.5153355633366588,0.2838401261766473,0.15574004231441452,0.7786359592764655,0.7741712766879255,0.22219407265774374
2020-10-15,22834.0,757151.0,1152434.0,,,90288.0,46249.0,4069.0,1853753.0,2020,10,3,Thursday,False,False,5753361.111111111,2253958.8235294116,314336.5853658537,290771.6216216216,29730.10752688172,925780.198019802,17836.363636363636,0.32220348491944323,0.5112932800588769,0.2872335076584056,0.1590560995673209,0.7680429671959204,0.81785179853653,0.22812945973496432
2020-10-16,20776.0,715224.0,974110.0,,,83798.0,47291.0,3366.0,1671320.0,2020,10,4,Friday,False,False,5756068.412698412,2247057.401129944,314450.7211538461,291025.6581256581,29758.2427184466,926983.2165109033,17936.086956521736,0.29035791102011843,0.43350472467243784,0.2664900868807406,0.16249769970309919,0.6981595047990294,0.7715608948046012,0.18766635153807
2020-10-17,11831.0,691236.0,778070.0,,,43768.0,37764.0,1588.0,1209473.0,2020,10,5,Saturday,True,False,3329512.5,1388290.625,113551.48514851485,152183.58208955222,17687.96992481203,946215.6862745098,4541.772151898734,0.3632582848089623,0.5604518146191472,0.3854463016732498,0.2481476614065887,0.668872688629118,0.730526887290963,0.3496432552954292
2020-10-18,9998.0,655748.0,583350.0,,,34682.0,30690.0,1074.0,896812.0,2020,10,6,Sunday,True,False,2456172.56097561,1000988.799010278,91166.64021164022,105091.34735426871,18374.333529066353,844693.9814814815,3762.105263157895,0.36512581169939445,0.5827737538889386,0.3804242420197446,0.2920316541050932,0.5441285793677451,0.7763142799359181,0.2854784555120313
2020-10-19,20812.0,683334.0,1105134.0,,,89186.0,44368.0,3570.0,1719153.0,2020,10,0,Monday,False,False,5762367.908902692,2259552.5110590686,313900.3651411879,290869.15343915345,29762.116932032186,926695.552631579,17782.445442875483,0.2983414157475017,0.48909418771684826,0.28412200145063676,0.15253594090471778,0.6992782149041485,0.7373878055845912,0.20075978928029364
2020-10-20,21936.0,688694.0,1119283.0,,,86591.0,42741.0,3859.0,1780231.0,2020,10,1,Tuesday,False,False,5748704.710424711,2255897.9228855725,313633.75331564987,291107.8095238095,29750.885585003234,927888.2437758339,17826.632996632994,0.30967515112956245,0.4961585312194882,0.27608954420429477,0.14682189416324895,0.7373225895183925,0.7422165380579817,0.21647385688194
2020-10-21,22959.0,704874.0,1140385.0,,,86210.0,44102.0,3848.0,1812949.0,2020,10,2,Wednesday,False,False,5737598.701298702,2255338.2352941176,314166.2921348315,289893.3333333333,29755.882352941175,929977.6699029126,17804.25531914894,0.3159769608128293,0.5056381265363875,0.27440881519842064,0.15213181859994482,0.771578531185134,0.75794723122071,0.21612810707456975
2020-10-22,22391.0,738372.0,1140210.0,,,88686.0,45770.0,3927.0,1825208.0,2020,10,3,Thursday,False,False,5753361.111111111,2253958.8235294116,314336.5853658537,290771.6216216216,29730.10752688172,925780.198019802,17836.363636363636,0.31724203726324224,0.505869933424328,0.2821370598550567,0.15740875861524092,0.753142247459221,0.7975672860354338,0.22016819571865442
2020-10-23,21766.0,769176.0,1123540.0,,,89931.0,51765.0,3680.0,1842588.0,2020,10,4,Friday,False,False,5756068.412698412,2247057.401129944,314450.7211538461,291025.6581256581,29758.2427184466,926983.2165109033,17936.086956521736,0.32011224813365363,0.5000050285475673,0.28599393784185645,0.17787091465883423,0.7314275982602846,0.8297625958052638,0.20517295711827022
2020-10-24,12916.0,699927.0,775122.0,,,43618.0,38673.0,,1185612.0,2020,10,5,Saturday,True,False,3329512.5,1388290.625,113551.48514851485,152183.58208955222,17687.96992481203,946215.6862745098,4541.772151898734,0.3560917701915821,0.5583283399324259,0.38412531498774927,0.2541207104537921,0.7302138150903295,0.7397118967196469,
2020-10-25,10074.0,632680.0,572347.0,,,33678.0,28321.0,,885001.0,2020,10,6,Sunday,True,False,2456172.56097561,1000988.799010278,91166.64021164022,105091.34735426871,18374.333529066353,844693.9814814815,3762.105263157895,0.3603171104755242,0.5717816228971841,0.36941144174906176,0.26948936057055534,0.5482647838118287,0.7490049815323213,
2020-10-26,20817.0,663499.0,1061566.0,,,86745.0,43557.0,3429.0,1690651.0,2020,10,0,Monday,False,False,5762367.908902692,2259552.5110590686,313900.3651411879,290869.15343915345,29762.116932032186,926695.552631579,17782.445442875483,0.29339518523070923,0.4698124937589684,0.2763456485977114,0.14974774562718157,0.6994462137064991,0.7159837965293262,0.19283062113224844
2020-10-27,21870.0,688233.0,1143906.0,,,87401.0,43340.0,3642.0,1815242.0,2020,10,1,Tuesday,False,False,5748704.710424711,2255897.9228855725,313633.75331564987,291107.8095238095,29750.885585003234,927888.2437758339,17826.632996632994,0.31576539262979314,0.5070734754420105,0.2786721743945626,0.1488795510876023,0.7351041681604323,0.7417197109852256,0.20430105902151477
2020-10-28,23258.0,700135.0,1119450.0,,,86652.0,43289.0,3676.0,1819352.0,2020,10,2,Wednesday,False,False,5737598.701298702,2255338.2352941176,314166.2921348315,289893.3333333333,29755.882352941175,929977.6699029126,17804.25531914894,0.31709293290034224,0.49635570509184096,0.2758157134273697,0.14932733879127957,0.7816269645151726,0.7528514099409424,0.20646749521988525
2020-10-29,20925.0,677257.0,987440.0,,,81794.0,41157.0,3539.0,1705072.0,2020,10,3,Thursday,False,False,5753361.111111111,2253958.8235294116,314336.5853658537,290771.6216216216,29730.10752688172,925780.198019802,17836.363636363636,0.29636102568064077,0.43809141040730953,0.2602115178696131,0.14154407424792376,0.7038319649896922,0.731552696254056,0.19841488277268093
2020-10-30,21243.0,718742.0,1030639.0,,,84254.0,47967.0,3270.0,1768018.0,2020,10,4,Friday,False,False,5756068.412698412,2247057.401129944,314450.7211538461,291025.6581256581,29758.2427184466,926983.2165109033,17936.086956521736,0.30715722490364966,0.4586616254136357,0.2679402346124003,0.16482051894987543,0.7138526357549952,0.7753560012718376,0.18231401352628904
2020-10-31,12816.0,643982.0,747636.0,,,41538.0,34077.0,20.0,1174059.0,2020,10,5,Saturday,True,False,3329512.5,1388290.625,113551.48514851485,152183.58208955222,17687.96992481203,946215.6862745098,4541.772151898734,0.3526218928446732,0.5385298917508717,0.36580763294880847,0.22392034365407062,0.7245602550478214,0.6805868993099446,0.004403567447045708
2020-11-01,10180.0,573521.0,510820.0,,,29495.0,22602.0,3.0,786675.0,2020,11,6,Sunday,True,False,2525686.7934882017,996664.4871794871,94493.67346938775,104049.31084715374,18814.851616322205,823135.2092352093,3065.11946729338,0.31146973648048054,0.5125295488811848,0.312137298901341,0.21722392792396159,0.5410619338166173,0.6967518744980784,0.0009787546723746847
2020-11-02,21127.0,671888.0,1072262.0,,,87198.0,40609.0,3535.0,1747908.0,2020,11,0,Monday,False,False,5636705.812807882,2184359.351325758,327818.6764379303,286024.43277310923,31191.57647907648,943581.6917293234,16987.22943722944,0.3100938842733914,0.4908816854466779,0.26599460698057636,0.1419773814645176,0.677330304679282,0.7120612935681443,0.2080975013060486
2020-11-03,20416.0,625256.0,1027710.0,,,82140.0,39749.0,3184.0,1602912.0,2020,11,1,Tuesday,False,False,5625737.7049180325,2190970.6896551726,327065.2777777778,286282.9268292683,31157.547169811318,942660.8247422681,16970.454545454544,0.28492476615088735,0.4690660650333697,0.2511425259143817,0.13884516425845148,0.6552505525781936,0.6632884104109774,0.18762019552698542
2020-11-04,22174.0,656967.0,1089354.0,,,81551.0,38818.0,3448.0,1690489.0,2020,11,2,Wednesday,False,False,5628739.140504375,2188876.9153225804,327509.72222222225,286570.60690943047,31232.67399267399,943337.5216903134,17038.322050290135,0.30033173643369804,0.4976771386158363,0.24900329506757643,0.13545701849411332,0.7099616256104484,0.6964283566531074,0.2023673452011835
2020-11-05,22937.0,714654.0,1130774.0,,,86987.0,41550.0,3793.0,1793796.0,2020,11,3,Thursday,False,False,5653378.947368421,2185431.746031746,327975.0,286084.8101265823,31149.20634920635,940648.0769230769,16962.222222222223,0.3172962606433786,0.5174144660675092,0.2652244835734431,0.14523665196210736,0.7363590501426824,0.7597464105148456,0.22361456832176077
2020-11-06,22659.0,749668.0,1120729.0,,,89499.0,48138.0,3546.0,1837314.0,2020,11,4,Friday,False,False,5603684.375,2173806.153846154,326782.6666666667,284676.4705882353,31152.06611570248,942817.6470588235,16980.0,0.32787606814489795,0.5155606897225284,0.2738792755225695,0.1690972207872714,0.7273674855414655,0.7951357320672079,0.2088339222614841
2020-11-07,13409.0,687679.0,752851.0,,,46368.0,35870.0,35.0,1246321.0,2020,11,5,Saturday,True,False,3163074.418604651,1314585.7142857143,115327.73109243698,151124.39024390245,16958.181818181816,908835.5769230769,3471.4285714285716,0.3940220289062305,0.5726906901685485,0.40205421160011656,0.23735414212165715,0.7907097673421251,0.7566594194388636,0.010082304526748971
2020-11-08,10474.0,633243.0,587220.0,,,38485.0,27961.0,846.0,927670.0,2020,11,6,Sunday,True,False,2525686.7934882017,996664.4871794871,94493.67346938775,104049.31084715374,18814.851616322205,823135.2092352093,3065.11946729338,0.36729415634264134,0.5891852349046814,0.4072759433198206,0.26872835362719627,0.556687887504445,0.7693061758205656,0.27600881760966106
2020-11-09,21444.0,675604.0,1111203.0,,,91681.0,42627.0,3561.0,1752614.0,2020,11,0,Monday,False,False,5636705.812807882,2184359.351325758,327818.6764379303,286024.43277310923,31191.57647907648,943581.6917293234,16987.22943722944,0.3109287690724715,0.5087088803980788,0.27966984979685566,0.1490327227877562,0.6874933049435568,0.7159994793474695,0.20962806284323593
2020-11-10,23138.0,699076.0,1151911.0,,,91532.0,43083.0,3848.0,1836902.0,2020,11,1,Tuesday,False,False,5625737.7049180325,2190970.6896551726,327065.2777777778,286282.9268292683,31157.547169811318,942660.8247422681,16970.454545454544,0.326517533583938,0.5257537243372682,0.2798585059897149,0.1504909862322792,0.7426130135949376,0.7415986552651466,0.22674702022231152
2020-11-11,20263.0,622409.0,969123.0,,,83306.0,40073.0,3050.0,1614812.0,2020,11,2,Wednesday,False,False,5628739.140504375,2188876.9153225804,327509.72222222225,286570.60690943047,31232.67399267399,943337.5216903134,17038.322050290135,0.2868869847564656,0.44274897012981557,0.2543619146166144,0.13983639296498024,0.6487757021621952,0.6597945970438454,0.17900823748944594
2020-11-12,22059.0,680988.0,1054132.0,,,86189.0,40381.0,3546.0,1776666.0,2020,11,3,Thursday,False,False,5653378.947368421,2185431.746031746,327975.0,286084.8101265823,31149.20634920635,940648.0769230769,16962.222222222223,0.314266214336652,0.48234496543489286,0.26279137129354374,0.1411504510922228,0.7081721361598043,0.7239561922324421,0.20905279706537402
2020-11-13,22054.0,716046.0,1061680.0,,,86252.0,45127.0,3332.0,1816693.0,2020,11,4,Friday,False,False,5603684.375,2173806.153846154,326782.6666666667,284676.4705882353,31152.06611570248,942817.6470588235,16980.0,0.3241961678114678,0.4883968140956592,0.26394300799308,0.15852030168405826,0.7079466228046903,0.7594745412686628,0.1962308598351001
2020-11-14,12928.0,635637.0,755951.0,,,41422.0,31397.0,14.0,1215477.0,2020,11,5,Saturday,True,False,3163074.418604651,1314585.7142857143,115327.73109243698,151124.39024390245,16958.181818181816,908835.5769230769,3471.4285714285716,0.3842707565938938,0.5750488475456689,0.35916773535412416,0.2077560078113652,0.7623458775597728,0.6993971364457268,0.004032921810699588
2020-11-15,9763.0,514867.0,528421.0,,,30948.0,20946.0,697.0,820858.0,2020,11,6,Sunday,True,False,2525686.7934882017,996664.4871794871,94493.67346938775,104049.31084715374,18814.851616322205,823135.2092352093,3065.11946729338,0.3250038770113379,0.5301894537201844,0.32751398970668594,0.20130839723455002,0.518898591341025,0.6254950513881831,0.22739733554838507
2020-11-16,21851.0,658968.0,1079560.0,,,89463.0,41961.0,3532.0,1741750.0,2020,11,0,Monday,False,False,5636705.812807882,2184359.351325758,327818.6764379303,286024.43277310923,31191.57647907648,943581.6917293234,16987.22943722944,0.3090014022094867,0.49422271081211083,0.27290391435931216,0.14670425037879836,0.7005416996046288,0.6983687854225897,0.20792089805175773
2020-11-17,22524.0,664732.0,1092416.0,,,86965.0,40078.0,3584.0,1788847.0,2020,11,1,Tuesday,False,False,5625737.7049180325,2190970.6896551726,327065.2777777778,286282.9268292683,31157.547169811318,942660.8247422681,16970.454545454544,0.317975542733922,0.49859909361541055,0.26589493262897734,0.13999437704471102,0.7229067126896177,0.7051656147710855,0.21119057184947101
2020-11-18,23390.0,678350.0,1065597.0,,,84069.0,39693.0,3495.0,1787688.0,2020,11,2,Wednesday,False,False,5628739.140504375,2188876.9153225804,327509.72222222225,286570.60690943047,31232.67399267399,943337.5216903134,17038.322050290135,0.31760007976489923,0.48682362746877444,0.25669161644904515,0.1385103672287815,0.7488952116455483,0.719095747177005,0.20512583279528313
2020-11-19,21780.0,698169.0,1056928.0,,,84662.0,40122.0,3529.0,1757535.0,2020,11,3,Thursday,False,False,5653378.947368421,2185431.746031746,327975.0,286084.8101265823,31149.20634920635,940648.0769230769,16962.222222222223,0.3108822204140607,0.4836243465023075,0.2581355286226084,0.1402451251509909,0.6992152466367713,0.742221259074656,0.20805056989388182
2020-11-20,22945.0,736628.0,1079029.0,,,87402.0,44683.0,3473.0,1800423.0,2020,11,4,Friday,False,False,5603684.375,2173806.153846154,326782.6666666667,284676.4705882353,31152.06611570248,942817.6470588235,16980.0,0.3212927209163168,0.4963777465119669,0.267462166495979,0.1569606364293832,0.7365482570170319,0.7813048496683908,0.20453474676089517
2020-11-21,13193.0,645448.0,750801.0,,,39204.0,27716.0,19.0,1157957.0,2020,11,5,Saturday,True,False,3163074.418604651,1314585.7142857143,115327.73109243698,151124.39024390245,16958.181818181816,908835.5769230769,3471.4285714285716,0.36608591729271345,0.5711312635159366,0.3399355872923346,0.18339858943528992,0.7779725528036883,0.710192268424622,0.005473251028806584
2020-11-22,10694.0,517830.0,542124.0,,,31019.0,20269.0,92.0,817963.0,2020,11,6,Sunday,True,False,2525686.7934882017,996664.4871794871,94493.67346938775,104049.31084715374,18814.851616322205,823135.2092352093,3065.11946729338,0.323857654127541,0.5439383132173045,0.3282653627604915,0.19480186687420484,0.5683807780191459,0.6290947030210575,0.030015143286157
2020-11-23,21297.0,660835.0,1005225.0,,,87693.0,40668.0,3223.0,1646525.0,2020,11,0,Monday,False,False,5636705.812807882,2184359.351325758,327818.6764379303,286024.43277310923,31191.57647907648,943581.6917293234,16987.22943722944,0.29210766974191194,0.4601921379785321,0.2675045880633464,0.14218365754879464,0.6827804940954546,0.7003474164371215,0.18973076285980045
2020-11-24,22814.0,716305.0,1068789.0,,,89805.0,41772.0,3405.0,1735702.0,2020,11,1,Tuesday,False,False,5625737.7049180325,2190970.6896551726,327065.2777777778,286282.9268292683,31157.547169811318,942660.8247422681,16970.454545454544,0.30852878165340797,0.4878152889248427,0.2745782145086565,0.14591160032715378,0.7322142489478306,0.7598756426478678,0.2006428284451587
2020-11-25,21450.0,739563.0,1037242.0,,,93444.0,46209.0,3166.0,1688227.0,2020,11,2,Wednesday,False,False,5628739.140504375,2188876.9153225804,327509.72222222225,286570.60690943047,31232.67399267399,943337.5216903134,17038.322050290135,0.29992987023532997,0.4738694956939317,0.2853167208776669,0.161248219063179,0.6867807733987606,0.7839855650762398,0.18581641963658552
2020-11-26,12151.0,476637.0,444391.0,,,72572.0,20393.0,847.0,652276.0,2020,11,3,Thursday,False,False,5653378.947368421,2185431.746031746,327975.0,286084.8101265823,31149.20634920635,940648.0769230769,16962.222222222223,0.11537807850358706,0.2033424291593249,0.22127296287826817,0.07128305760441048,0.3900901956787607,0.5067112894751369,0.049934494956111616
2020-11-27,12395.0,579048.0,815993.0,,,77273.0,25009.0,2046.0,1263473.0,2020,11,4,Friday,False,False,5603684.375,2173806.153846154,326782.6666666667,284676.4705882353,31152.06611570248,942817.6470588235,16980.0,0.22547183521555852,0.37537523691164876,0.23646603043001055,0.08785060440128112,0.3978869316071523,0.6141675453428085,0.12049469964664311
2020-11-28,10808.0,561092.0,689580.0,,,37770.0,24688.0,1203.0,1032823.0,2020,11,5,Saturday,True,False,3163074.418604651,1314585.7142857143,115327.73109243698,151124.39024390245,16958.181818181816,908835.5769230769,3471.4285714285716,0.3265250396655594,0.5245606981015203,0.3275014573010784,0.16336211487871402,0.6373324756084486,0.6173745991542433,0.3465432098765432
2020-11-29,9360.0,548733.0,548548.0,,,32628.0,21898.0,826.0,826974.0,2020,11,6,Sunday,True,False,2525686.7934882017,996664.4871794871,94493.67346938775,104049.31084715374,18814.851616322205,823135.2092352093,3065.11946729338,0.3274253965820814,0.5503838122620026,0.3452929577403951,0.2104579052154195,0.49747934189818643,0.6666377453466464,0.26948378646049653
2020-11-30,19751.0,574662.0,849277.0,,,80033.0,37026.0,3035.0,1459131.0,2020,11,0,Monday,False,False,5636705.812807882,2184359.351325758,327818.6764379303,286024.43277310923,31191.57647907648,943581.6917293234,16987.22943722944,0.2588623654412691,0.38879912294858743,0.2441380121158337,0.1294504796007099,0.6332158303460264,0.6090219903978892,0.17866362559090734
2020-12-01,21693.0,855711.0,1068627.0,,,73589.0,35225.0,3432.0,1706348.0,2020,12,1,Tuesday,False,False,5351988.235294118,1998182.8571428573,315567.85714285716,279232.9411764706,29125.362318840584,884767.3469387755,15622.448979591836,0.3188250655611219,0.5347994034579989,0.2331954865944612,0.12614915651279976,0.7448147687408254,0.9671593362488928,0.21968386675375573
2020-12-02,22712.0,748924.0,1026056.0,,,73631.0,35615.0,3277.0,1699968.0,2020,12,2,Wednesday,False,False,5328986.111111112,1998535.4166666667,314553.5802469136,278541.7327425373,29102.604166666664,884639.0717754991,15592.26785053644,0.3190040215071138,0.513403961442598,0.23408094717027933,0.12786234812763153,0.7804112604470534,0.8465870702464966,0.2101682725959109
2020-12-03,22941.0,769462.0,1070197.0,,,75093.0,37013.0,3325.0,1736045.0,2020,12,3,Thursday,False,False,5323077.142857144,2001965.7142857143,316324.59016393445,278548.3333333334,29079.120879120877,887495.2380952381,15590.90909090909,0.32613560792173374,0.5345730910191127,0.23739223043356583,0.13287819588461605,0.7889165595948908,0.8670040885531244,0.21326530612244898
2020-12-04,21960.0,777856.0,1024641.0,,,72062.0,39228.0,3121.0,1701628.0,2020,12,4,Friday,False,False,5357951.064754454,2006115.976535542,314922.4775224775,278818.6326156665,29122.47927031509,884935.9170024865,15644.787644787644,0.3175893134212458,0.5107586061746549,0.22882456840463727,0.14069361015077234,0.7540566789031629,0.8789969816512876,0.19949136229022704
2020-12-05,10151.0,573714.0,617332.0,,,33528.0,19727.0,996.0,1000240.0,2020,12,5,Saturday,True,False,3318082.161588412,1269123.360215054,128093.1411862991,157152.23964165733,17254.941520467837,883727.2134387351,4967.299107142857,0.3014512454149632,0.4864239516443797,0.2617470357076868,0.12552795967134814,0.5882952421460756,0.649198068448724,0.200511380232323
2020-12-06,9904.0,591731.0,547330.0,,,35055.0,19652.0,885.0,878393.0,2020,12,6,Sunday,True,False,2545125.7228719946,980215.2346041056,106420.31155474894,107722.00459176351,17861.851958525345,795059.8224195337,3387.976190476191,0.34512754796599815,0.5583773651723118,0.3294014036217665,0.18243255010409082,0.5544777788438049,0.7442597189721378,0.26121789240662
2020-12-07,21424.0,731655.0,1032813.0,,,77787.0,36890.0,3209.0,1656627.0,2020,12,0,Monday,False,False,5356369.230769231,2004322.222222222,315470.68965517246,278594.5945945946,29126.956521739132,885151.5151515151,15584.444444444443,0.3092817034500982,0.5152928947995721,0.2465744126182551,0.13241462941404733,0.7355385717697636,0.82658729887025,0.20591045201768146
2020-12-08,22177.0,746111.0,1034410.0,,,75033.0,36403.0,3185.0,1540893.0,2020,12,1,Tuesday,False,False,5351988.235294118,1998182.8571428573,315567.85714285716,279232.9411764706,29125.362318840584,884767.3469387755,15622.448979591836,0.2879103862445842,0.517675345027768,0.23777136454690523,0.13036785648077928,0.7614325877640384,0.843284963647771,0.20387328543435665
2020-12-09,22459.0,752016.0,1018247.0,,,74734.0,35917.0,3233.0,1701926.0,2020,12,2,Wednesday,False,False,5328986.111111112,1998535.4166666667,314553.5802469136,278541.7327425373,29102.604166666664,884639.0717754991,15592.26785053644,0.3193714459963459,0.5094966001144587,0.23758750398369782,0.12894656626983408,0.7717178803443278,0.8500822810037992,0.2073463610932499
2020-12-10,22845.0,786581.0,1075970.0,,,76847.0,37600.0,3346.0,1761336.0,2020,12,3,Thursday,False,False,5323077.142857144,2001965.7142857143,316324.59016393445,278548.3333333334,29079.120879120877,887495.2380952381,15590.90909090909,0.3308868071475306,0.5374567567876144,0.24293716767379428,0.1349855500840668,0.7856152218275263,0.8862932061339028,0.2146122448979592
2020-12-11,22751.0,823997.0,1064457.0,,,79717.0,42420.0,3278.0,1786290.0,2020,12,4,Friday,False,False,5357951.064754454,2006115.976535542,314922.4775224775,278818.6326156665,29122.47927031509,884935.9170024865,15644.787644787644,0.33339050290147854,0.5306059133421897,0.2531321378745035,0.1521419124756746,0.7812178279474434,0.9311374803173287,0.20952665350444225
2020-12-12,12307.0,673151.0,703892.0,,,41791.0,24118.0,20.0,1091352.0,2020,12,5,Saturday,True,False,3318082.161588412,1269123.360215054,128093.1411862991,157152.23964165733,17254.941520467837,883727.2134387351,4967.299107142857,0.328910481070654,0.5546285113534787,0.3262547831442359,0.15346901867255916,0.7132449556784309,0.7617180842272054,0.004026332936392029
2020-12-13,10208.0,660776.0,582389.0,,,39293.0,22669.0,80.0,911439.0,2020,12,6,Sunday,True,False,2545125.7228719946,980215.2346041056,106420.31155474894,107722.00459176351,17861.851958525345,795059.8224195337,3387.976190476191,0.35811158239032115,0.5941439996443417,0.36922462851262505,0.21043982690360447,0.5714972906338409,0.8311022408214769,0.023612916827717063
2020-12-14,21333.0,725902.0,955525.0,,,75008.0,36057.0,2979.0,1584089.0,2020,12,0,Monday,False,False,5356369.230769231,2004322.222222222,315470.68965517246,278594.5945945946,29126.956521739132,885151.5151515151,15584.444444444443,0.2957393211245275,0.47673222868356724,0.2377653533581457,0.12942462165308496,0.7324143181275375,0.8200878466278672,0.19115214601454442
2020-12-15,23432.0,821393.0,1088287.0,,,78446.0,38322.0,3353.0,1783388.0,2020,12,1,Tuesday,False,False,5351988.235294118,1998182.8571428573,315567.85714285716,279232.9411764706,29125.362318840584,884767.3469387755,15622.448979591836,0.3332197160373605,0.5446383428372064,0.2485867879899048,0.13724025481571364,0.8045221804791878,0.9283717384484795,0.21462704114957545
2020-12-16,19296.0,632195.0,853797.0,,,68092.0,33572.0,2899.0,1569079.0,2020,12,2,Wednesday,False,False,5328986.111111112,1998535.4166666667,314553.5802469136,278541.7327425373,29102.604166666664,884639.0717754991,15592.26785053644,0.29444231365670454,0.42721134330660887,0.21647186449618586,0.12052772009942006,0.663033448467169,0.7146360817312356,0.18592548741395962
2020-12-17,9940.0,298209.0,523854.0,,,21417.0,12527.0,1613.0,1079818.0,2020,12,3,Thursday,False,False,5323077.142857144,2001965.7142857143,316324.59016393445,278548.3333333334,29079.120879120877,887495.2380952381,15590.90909090909,0.20285597428340318,0.26166981595232114,0.06770577016760124,0.04497244643359321,0.341826014662535,0.3360119437260562,0.10345772594752187
2020-12-18,17537.0,738425.0,943587.0,,,74908.0,41287.0,3063.0,1735664.0,2020,12,4,Friday,False,False,5357951.064754454,2006115.976535542,314922.4775224775,278818.6326156665,29122.47927031509,884935.9170024865,15644.787644787644,0.32394174172614293,0.4703551594407447,0.23786171310891413,0.1480783390000749,0.6021808733116925,0.8344389529371143,0.1957840572556762
2020-12-19,11589.0,653358.0,670787.0,,,41101.0,24217.0,25.0,1112827.0,2020,12,5,Saturday,True,False,3318082.161588412,1269123.360215054,128093.1411862991,157152.23964165733,17254.941520467837,883727.2134387351,4967.299107142857,0.33538259325901515,0.5285435766357138,0.3208680778639238,0.15409898105951428,0.6716336874427022,0.7393209013646544,0.005032916170490035
2020-12-20,9585.0,556415.0,516593.0,,,32597.0,18767.0,736.0,821265.0,2020,12,6,Sunday,True,False,2545125.7228719946,980215.2346041056,106420.31155474894,107722.00459176351,17861.851958525345,795059.8224195337,3387.976190476191,0.32268150552235214,0.5270199663940586,0.3063043090531657,0.1742169584675083,0.5366184885114974,0.6998404199406184,0.21723883481499698
2020-12-21,21647.0,779140.0,1028489.0,,,81225.0,39814.0,3244.0,1716035.0,2020,12,0,Monday,False,False,5356369.230769231,2004322.222222222,315470.68965517246,278594.5945945946,29126.956521739132,885151.5151515151,15584.444444444443,0.32037279845130456,0.5131355570461614,0.25747241396271575,0.14291016686069072,0.7431947098160974,0.8802334816843547,0.20815628119207188
2020-12-22,22820.0,821140.0,1046799.0,,,82001.0,39579.0,3254.0,1760948.0,2020,12,1,Tuesday,False,False,5351988.235294118,1998182.8571428573,315567.85714285716,279232.9411764706,29125.362318840584,884767.3469387755,15622.448979591836,0.3290268817086119,0.523875478291705,0.2598521938908317,0.14174187269326052,0.7835095663423979,0.9280857875701211,0.20829000653167865
2020-12-23,23305.0,867193.0,1048565.0,,,84404.0,42100.0,3201.0,1772537.0,2020,12,2,Wednesday,False,False,5328986.111111112,1998535.4166666667,314553.5802469136,278541.7327425373,29102.604166666664,884639.0717754991,15592.26785053644,0.3326218089223768,0.5246667090588212,0.2683294843878293,0.15114431717459742,0.8007874438498847,0.9802788817133248,0.20529406181858734
2020-12-24,15928.0,762357.0,822916.0,,,75759.0,38899.0,2176.0,1312480.0,2020,12,3,Thursday,False,False,5323077.142857144,2001965.7142857143,316324.59016393445,278548.3333333334,29079.120879120877,887495.2380952381,15590.90909090909,0.246564151669523,0.4110539926472267,0.2394976627038008,0.13964901363617324,0.5477469579018971,0.8589984117956367,0.13956851311953353
2020-12-25,8611.0,477472.0,314171.0,,,51348.0,14435.0,631.0,485208.0,2020,12,4,Friday,False,False,5357951.064754454,2006115.976535542,314922.4775224775,278818.6326156665,29122.47927031509,884935.9170024865,15644.787644787644,0.09055849785411137,0.1566065988580366,0.16304965083457737,0.051772006284449855,0.29568224326207354,0.5395554534811117,0.040332922013820334
2020-12-26,9094.0,595107.0,559111.0,,,36047.0,22076.0,1014.0,879170.0,2020,12,5,Saturday,True,False,3318082.161588412,1269123.360215054,128093.1411862991,157152.23964165733,17254.941520467837,883727.2134387351,4967.299107142857,0.2649633002394158,0.4405489785526115,0.2814124133904494,0.14047524903455577,0.5270374280441741,0.6734057647544155,0.20413507987507584
2020-12-27,9457.0,596095.0,474033.0,,,34432.0,20470.0,901.0,760350.0,2020,12,6,Sunday,True,False,2545125.7228719946,980215.2346041056,106420.31155474894,107722.00459176351,17861.851958525345,795059.8224195337,3387.976190476191,0.2987475208658843,0.4836009309643661,0.3235472580089763,0.19002617039643493,0.5294523782841138,0.7497486141180646,0.26594047577216345
2020-12-28,18820.0,745278.0,922336.0,,,81566.0,41012.0,3027.0,1510168.0,2020,12,0,Monday,False,False,5356369.230769231,2004322.222222222,315470.68965517246,278594.5945945946,29126.956521739132,885151.5151515151,15584.444444444443,0.2819387415126205,0.4601735139060586,0.2585533384707033,0.1472103220799379,0.6461368521614521,0.8419778842862033,0.1942321403108513
2020-12-29,19717.0,761890.0,930711.0,,,78904.0,39416.0,3097.0,1555198.0,2020,12,1,Tuesday,False,False,5351988.235294118,1998182.8571428573,315567.85714285716,279232.9411764706,29125.362318840584,884767.3469387755,15622.448979591836,0.29058322470593667,0.46577869321269033,0.25003813986124784,0.1411581306773177,0.6769701191749806,0.8611190304842044,0.19824036577400392
2020-12-30,20922.0,801993.0,948194.0,,,79298.0,40962.0,2990.0,1582486.0,2020,12,2,Wednesday,False,False,5328986.111111112,1998535.4166666667,314553.5802469136,278541.7327425373,29102.604166666664,884639.0717754991,15592.26785053644,0.2969581768472739,0.47444443170363293,0.25209695574837787,0.147058753446695,0.7189047371906152,0.9065765074002149,0.1917617134762812
2020-12-31,17167.0,706032.0,792993.0,,,75157.0,39947.0,2162.0,1274984.0,2020,12,3,Thursday,False,False,5323077.142857144,2001965.7142857143,316324.59016393445,278548.3333333334,29079.120879120877,887495.2380952381,15590.90909090909,0.23952010571758436,0.39610718322562966,0.23759455425533016,0.14341137684064403,0.5903548484619454,0.79553328253941,0.13867055393586006
2021-01-01,5960.0,446899.0,378288.0,,,28977.0,14988.0,805.0,613692.0,2021,1,4,Friday,False,False,5129050.134310134,2047720.1129943505,301619.1314553991,268270.5018939394,28288.191287878788,869741.1204481793,16363.233923578751,0.11965022449181863,0.18473618420773097,0.09607149208399891,0.05586898259103231,0.21068862053947582,0.5138299081107169,0.04919565434067577
2021-01-02,10450.0,626033.0,608686.0,,,28879.0,23139.0,1194.0,988418.0,2021,1,5,Saturday,True,False,2705277.2151898732,1193827.0833333335,97377.01149425287,129873.41772151898,14520.833333333334,765329.9999999999,4097.8723404255325,0.365366622854814,0.5098611084450043,0.2965689699945702,0.17816578947368422,0.7196556671449067,0.8179909320162545,0.2913707165109034
2021-01-03,9745.0,497567.0,413820.0,,,20819.0,15546.0,728.0,653187.0,2021,1,6,Sunday,True,False,2095472.1381578948,913782.6223776224,82814.40991237678,90573.26786688488,13501.375636868921,682857.6058201058,2739.4444444444443,0.31171352179094547,0.4528648169334392,0.25139344737259983,0.17164004751211898,0.721778303344795,0.7286541084981056,0.26574731291827214
2021-01-04,20612.0,689950.0,964597.0,,,71078.0,35679.0,3260.0,1557977.0,2021,1,0,Monday,False,False,5139695.081967213,2039527.8688524591,300793.3333333334,267998.275862069,28215.384615384613,866718.1818181818,16281.39534883721,0.3031263479941082,0.4729511249791015,0.23630177973802607,0.1331314534962268,0.7305234460196293,0.7960488362579847,0.20022853878017424
2021-01-05,21641.0,710475.0,990479.0,,,70424.0,35805.0,3392.0,1597518.0,2021,1,1,Tuesday,False,False,5148953.489116518,2043323.325129888,302659.45701357466,269917.4025974026,28263.335679099226,868912.0103473762,16476.075650118204,0.3102607167411236,0.48473924210552344,0.23268395673108405,0.1326516914265259,0.7656916453779923,0.8176604668129334,0.20587426715145393
2021-01-06,22795.0,744816.0,996123.0,,,70289.0,35857.0,3260.0,1613629.0,2021,1,2,Wednesday,False,False,5155313.043478262,2043222.5806451612,301629.1666666667,268885.5263157895,28261.05263157895,868683.3333333334,16400.0,0.31300310696773775,0.48752544604585735,0.23303117790885605,0.13335414699074638,0.8065870828367103,0.8574079545672569,0.19878048780487806
2021-01-07,21571.0,738699.0,989097.0,,,69695.0,36344.0,3149.0,1611099.0,2021,1,3,Thursday,False,False,5138548.1409544945,2045409.1208791207,303636.27413127414,268106.5839481333,28271.446776611694,869319.7641509434,16370.038759689924,0.31353194634092413,0.4835692722318967,0.2295344987992708,0.13555802869440517,0.7629959715342614,0.8497437081986517,0.19236362517077188
2021-01-08,21641.0,756595.0,982175.0,,,68649.0,39102.0,3017.0,1619242.0,2021,1,4,Friday,False,False,5129050.134310134,2047720.1129943505,301619.1314553991,268270.5018939394,28288.191287878788,869741.1204481793,16363.233923578751,0.31570017012863355,0.4796431864722861,0.22760161024517517,0.1457558685131135,0.7650188652843618,0.8699082775459956,0.1843767567028805
2021-01-09,12023.0,632270.0,643475.0,,,26962.0,22332.0,806.0,990412.0,2021,1,5,Saturday,True,False,2705277.2151898732,1193827.0833333335,97377.01149425287,129873.41772151898,14520.833333333334,765329.9999999999,4097.8723404255325,0.36610370073681586,0.5390018445580302,0.276882598739347,0.17195204678362574,0.8279827833572453,0.8261403577541715,0.19668743509865003
2021-01-10,9467.0,565726.0,501437.0,,,23751.0,18076.0,593.0,763097.0,2021,1,6,Sunday,True,False,2095472.1381578948,913782.6223776224,82814.40991237678,90573.26786688488,13501.375636868921,682857.6058201058,2739.4444444444443,0.36416470832717907,0.5487486714239355,0.2867979138549699,0.19957323419716086,0.7011878089035581,0.8284684759724807,0.21646724802271344
2021-01-11,21089.0,709963.0,966517.0,,,72285.0,36015.0,3123.0,1568207.0,2021,1,0,Monday,False,False,5139695.081967213,2039527.8688524591,300793.3333333334,267998.275862069,28215.384615384613,866718.1818181818,16281.39534883721,0.3051167384427347,0.4738925193230191,0.24031450165118903,0.13438519290525544,0.7474291166848419,0.8191393868196646,0.1918140265676332
2021-01-12,21623.0,732786.0,997279.0,,,71403.0,36563.0,3297.0,1640428.0,2021,1,1,Tuesday,False,False,5148953.489116518,2043323.325129888,302659.45701357466,269917.4025974026,28263.335679099226,868912.0103473762,16476.075650118204,0.318594449040454,0.4880671540009978,0.23591861527987043,0.1354599579284476,0.765054777875714,0.8433374050233747,0.2001083310136626
2021-01-13,22720.0,740020.0,996646.0,,,70591.0,36488.0,3160.0,1641652.0,2021,1,2,Wednesday,False,False,5155313.043478262,2043222.5806451612,301629.1666666667,268885.5263157895,28261.05263157895,868683.3333333334,16400.0,0.31843885834959623,0.48778141424283905,0.2340324073434543,0.13570087055242644,0.803933253873659,0.851886955353888,0.1926829268292683
2021-01-14,21950.0,755924.0,1017757.0,,,70937.0,37403.0,3234.0,1647396.0,2021,1,3,Thursday,False,False,5138548.1409544945,2045409.1208791207,303636.27413127414,268106.5839481333,28271.446776611694,869319.7641509434,16370.038759689924,0.32059561471657116,0.4975811389569663,0.23362491916671027,0.1395079503427481,0.7764017233868173,0.8695580512175564,0.1975560380445463
2021-01-15,21819.0,790866.0,981817.0,,,70180.0,41025.0,2978.0,1627120.0,2021,1,4,Friday,False,False,5129050.134310134,2047720.1129943505,301619.1314553991,268270.5018939394,28288.191287878788,869741.1204481793,16363.233923578751,0.31723612703950504,0.47946835789208697,0.23267754820909836,0.15292400659174676,0.7713112435487959,0.9093119566342514,0.18199336475345645
2021-01-16,11654.0,632549.0,645625.0,,,27116.0,22548.0,1099.0,991500.0,2021,1,5,Saturday,True,False,2705277.2151898732,1193827.0833333335,97377.01149425287,129873.41772151898,14520.833333333334,765329.9999999999,4097.8723404255325,0.3665058776353204,0.5408027753879766,0.2784640808328808,0.17361520467836258,0.8025710186513629,0.8265049063802544,0.2681879543094496
2021-01-17,9880.0,582016.0,504031.0,,,24223.0,20269.0,910.0,797654.0,2021,1,6,Sunday,True,False,2095472.1381578948,913782.6223776224,82814.40991237678,90573.26786688488,13501.375636868921,682857.6058201058,2739.4444444444443,0.38065597985054017,0.5515874209651015,0.29249740504858474,0.22378567625261414,0.7317772844583452,0.8523241083344222,0.33218414114784023
2021-01-18,14124.0,691017.0,766926.0,,,68674.0,22337.0,2141.0,1276978.0,2021,1,0,Monday,False,False,5139695.081967213,2039527.8688524591,300793.3333333334,267998.275862069,28215.384615384613,866718.1818181818,16281.39534883721,0.24845403854409936,0.37603114510590685,0.2283095813293734,0.08334755112938194,0.500577971646674,0.7972799169280148,0.13149978574489357
2021-01-19,21049.0,738221.0,1013616.0,,,72565.0,36885.0,3328.0,1635915.0,2021,1,1,Tuesday,False,False,5148953.489116518,2043323.325129888,302659.45701357466,269917.4025974026,28263.335679099226,868912.0103473762,16476.075650118204,0.3177179602530646,0.496062462329875,0.23975791378210715,0.13665291546620323,0.7447457808586183,0.8495923536663647,0.20198984701652084
2021-01-20,19281.0,714588.0,921371.0,,,67925.0,35263.0,2963.0,1575075.0,2021,1,2,Wednesday,False,False,5155313.043478262,2043222.5806451612,301629.1666666667,268885.5263157895,28261.05263157895,868683.3333333334,16400.0,0.3055246086350763,0.45094010252621175,0.22519373955325936,0.1311450284556625,0.6822463498212157,0.822610464112354,0.18067073170731707
2021-01-21,19925.0,762233.0,1007042.0,,,71225.0,37003.0,3258.0,1652842.0,2021,1,3,Thursday,False,False,5138548.1409544945,2045409.1208791207,303636.27413127414,268106.5839481333,28271.446776611694,869319.7641509434,16370.038759689924,0.32165544715379113,0.49234257817681554,0.23457342244031942,0.13801600637736833,0.7047746851244799,0.8768154497723469,0.19902213109125907
2021-01-22,20375.0,789504.0,1018584.0,,,71317.0,40981.0,3174.0,1672001.0,2021,1,4,Friday,False,False,5129050.134310134,2047720.1129943505,301619.1314553991,268270.5018939394,28288.191287878788,869741.1204481793,16363.233923578751,0.32598648018964765,0.49742344841773317,0.23644720298700866,0.15275999303196525,0.7202652086395671,0.907745973414672,0.19397143711466447
2021-01-23,10536.0,641840.0,619673.0,,,27942.0,22216.0,1114.0,997551.0,2021,1,5,Saturday,True,False,2705277.2151898732,1193827.0833333335,97377.01149425287,129873.41772151898,14520.833333333334,765329.9999999999,4097.8723404255325,0.3687426169853671,0.5190642838071537,0.2869465756981987,0.1710588693957115,0.7255781922525107,0.8386447676165838,0.27184839044652126
2021-01-24,8317.0,561859.0,458203.0,,,23974.0,17881.0,821.0,741139.0,2021,1,6,Sunday,True,False,2095472.1381578948,913782.6223776224,82814.40991237678,90573.26786688488,13501.375636868921,682857.6058201058,2739.4444444444443,0.3536859242860307,0.5014354495030512,0.28949068194008876,0.19742028107321494,0.6160113031214632,0.8228055091005576,0.29969580206854596
2021-01-25,19991.0,729490.0,978987.0,,,73131.0,36509.0,3226.0,1592468.0,2021,1,0,Monday,False,False,5139695.081967213,2039527.8688524591,300793.3333333334,267998.275862069,28215.384615384613,866718.1818181818,16281.39534883721,0.3098370573747119,0.48000667946294223,0.24312706398634717,0.13622848834591061,0.7085141766630316,0.8416692014810309,0.19814026567633194
2021-01-26,18115.0,655013.0,911579.0,,,68237.0,34574.0,2965.0,1550953.0,2021,1,1,Tuesday,False,False,5148953.489116518,2043323.325129888,302659.45701357466,269917.4025974026,28263.335679099226,868912.0103473762,16476.075650118204,0.3012171314575459,0.4461256761418576,0.22545801368083299,0.12809103698870844,0.6409363779872617,0.7538312190415425,0.1799579015636972
2021-01-27,19841.0,742279.0,1004792.0,,,70353.0,35635.0,3098.0,1660278.0,2021,1,2,Wednesday,False,False,5155313.043478262,2043222.5806451612,301629.1666666667,268885.5263157895,28261.05263157895,868683.3333333334,16400.0,0.3220518300242384,0.4917682535021369,0.2332433589810888,0.1325285168311696,0.702061606078665,0.8544874426814527,0.18890243902439025
2021-01-28,20139.0,770803.0,950205.0,,,70023.0,37015.0,3208.0,1646806.0,2021,1,3,Thursday,False,False,5138548.1409544945,2045409.1208791207,303636.27413127414,268106.5839481333,28271.446776611694,869319.7641509434,16370.038759689924,0.320480796292414,0.46455498330407374,0.230614738638659,0.13806076469632972,0.7123441597852899,0.8866737324818977,0.19596777057727413
2021-01-29,19047.0,782378.0,812264.0,,,65128.0,37760.0,2646.0,1511680.0,2021,1,4,Friday,False,False,5129050.134310134,2047720.1129943505,301619.1314553991,268270.5018939394,28288.191287878788,869741.1204481793,16363.233923578751,0.2947290356722792,0.3966674912482246,0.21592794756001935,0.14075345493977715,0.6733198247341269,0.8995527308135541,0.1617039768763082
2021-01-30,10284.0,654176.0,566837.0,,,26642.0,21229.0,811.0,942615.0,2021,1,5,Saturday,True,False,2705277.2151898732,1193827.0833333335,97377.01149425287,129873.41772151898,14520.833333333334,765329.9999999999,4097.8723404255325,0.3484356407939663,0.47480661807178237,0.2735964021813546,0.16345916179337233,0.7082238163558106,0.8547633047182263,0.1979075804776739
2021-01-31,8616.0,574927.0,427945.0,,,23091.0,17531.0,620.0,722853.0,2021,1,6,Sunday,True,False,2095472.1381578948,913782.6223776224,82814.40991237678,90573.26786688488,13501.375636868921,682857.6058201058,2739.4444444444443,0.3449594899579298,0.4683225414010455,0.27882828633847456,0.1935560062353633,0.6381571946248079,0.84194273461964,0.2263232610018252
2021-02-01,12202.0,157422.0,337228.0,,,8611.0,12093.0,954.0,583230.0,2021,2,0,Monday,False,False,5407455.1305403765,2157567.140151515,302429.1666666667,267888.8531187123,29316.151112281164,880479.0803307134,16097.817460317461,0.10785665084967923,0.15630011864952587,0.028472782883044237,0.04514185588245102,0.416221077359924,0.17879130068697524,0.05926269212281069
2021-02-02,8155.0,312589.0,543073.0,,,22756.0,22258.0,1517.0,1005985.0,2021,2,1,Tuesday,False,False,5425127.660455487,2153160.2099817405,303072.07792207797,269324.7230710466,29473.21785476349,884115.4686489981,16111.559139784946,0.18543065950922505,0.25222136164433645,0.07508444907237787,0.08264373112946057,0.2766918780360449,0.35356128366090234,0.09415600233586385
2021-02-03,16869.0,658681.0,949695.0,,,69068.0,36347.0,3057.0,1702598.0,2021,2,2,Wednesday,False,False,5424265.453016102,2150871.0057471264,303626.1538461538,269255.74603174604,29436.812570145903,884487.095959596,16221.581196581195,0.31388544951340636,0.4415397285390037,0.22747711000876586,0.1349906196457348,0.5730579681411611,0.7447039114633833,0.18845265223862903
2021-02-04,20328.0,744332.0,1033791.0,,,71341.0,37590.0,3381.0,1785833.0,2021,2,3,Thursday,False,False,5441076.470588235,2148666.176470588,301795.77464788733,269256.09756097564,29396.907216494845,884428.3018867924,16262.222222222223,0.3282131779719195,0.4811315090825841,0.23638833274997081,0.13960686625300056,0.6915013150973173,0.8415967675526457,0.20790516534572287
2021-02-05,20136.0,768269.0,1001775.0,,,68866.0,40322.0,3115.0,1741015.0,2021,2,4,Friday,False,False,5433685.448717949,2149628.3898305083,302966.95804195805,268663.5774218154,29408.226704802048,883766.338724169,16224.285714285714,0.32041144384071474,0.4660224086819894,0.2273053155534628,0.15008361158197644,0.6847063647231748,0.8693123581840599,0.19199612573743066
2021-02-06,12020.0,691034.0,715717.0,,,29248.0,25168.0,1280.0,1148477.0,2021,2,5,Saturday,True,False,2871608.225494571,1270277.9407535233,93604.26685525695,130924.46808510639,16257.678571428572,831914.673076923,4261.589782691575,0.3999420916139075,0.5634333849609636,0.3124643884581357,0.19223297499776548,0.7393429478378348,0.8306549005129803,0.3003573936653202
2021-02-07,7115.0,340934.0,367095.0,,,17110.0,14068.0,736.0,652521.0,2021,2,6,Sunday,True,False,2197103.4597850866,976913.8356854839,78060.25518341307,90978.317373461,16876.08639084049,754182.1455505278,2814.4474948524366,0.29699147625202293,0.37577009004321826,0.21918964983906025,0.15463025043925172,0.4216024874026286,0.45205790406391755,0.2615078097374806
2021-02-08,17786.0,703137.0,964007.0,,,70984.0,36921.0,3075.0,1639753.0,2021,2,0,Monday,False,False,5407455.1305403765,2157567.140151515,302429.1666666667,267888.8531187123,29316.151112281164,880479.0803307134,16097.817460317461,0.3032393169087908,0.4468027817351272,0.23471281153989224,0.13782208393582848,0.6066962860124249,0.7985845611867318,0.1910196837291854
2021-02-09,19386.0,684228.0,992290.0,,,69548.0,34582.0,3123.0,1666467.0,2021,2,1,Tuesday,False,False,5425127.660455487,2153160.2099817405,303072.07792207797,269324.7230710466,29473.21785476349,884115.4686489981,16111.559139784946,0.30717562872245585,0.46085284104726,0.22947676498882652,0.1284026197285922,0.6577496931461393,0.7739124857136107,0.19383598898807042
2021-02-10,22169.0,771226.0,1052021.0,,,71257.0,36580.0,3284.0,1750121.0,2021,2,2,Wednesday,False,False,5424265.453016102,2150871.0057471264,303626.1538461538,269255.74603174604,29436.812570145903,884487.095959596,16221.581196581195,0.32264663578123093,0.4891139436949033,0.23468663386654642,0.13585596793795854,0.753104635468694,0.8719471471353497,0.2024463558886679
2021-02-11,20144.0,757548.0,1005348.0,,,70196.0,37230.0,3148.0,1714656.0,2021,2,3,Thursday,False,False,5441076.470588235,2148666.176470588,301795.77464788733,269256.09756097564,29396.907216494845,884428.3018867924,16262.222222222223,0.3151317591782768,0.4678939944274595,0.23259437638548594,0.13826984917795188,0.685242153252674,0.8565397538544247,0.19357748018584311
2021-02-12,20165.0,806177.0,965421.0,,,72130.0,42228.0,2823.0,1706430.0,2021,2,4,Friday,False,False,5433685.448717949,2149628.3898305083,302966.95804195805,268663.5774218154,29408.226704802048,883766.338724169,16224.285714285714,0.3140465189059892,0.44911064841124493,0.2380787676193081,0.15717798596011362,0.6856924833453923,0.9122060489018181,0.17399841507440345
2021-02-13,11669.0,668385.0,656637.0,,,29284.0,25456.0,1198.0,1092063.0,2021,2,5,Saturday,True,False,2871608.225494571,1270277.9407535233,93604.26685525695,130924.46808510639,16257.678571428572,831914.673076923,4261.589782691575,0.3802966540855051,0.5169238785729726,0.3128489863104501,0.1944327166061315,0.7177531496106235,0.8034297526306496,0.28111574813363566
2021-02-14,7835.0,552596.0,479319.0,,,23392.0,20489.0,863.0,858014.0,2021,2,6,Sunday,True,False,2197103.4597850866,976913.8356854839,78060.25518341307,90978.317373461,16876.08639084049,754182.1455505278,2814.4474948524366,0.39052052654995506,0.4906461373470773,0.29966594325162466,0.2252075064863398,0.46426640742088476,0.7327089394255327,0.30663211929816003
2021-02-15,11437.0,643715.0,726412.0,,,65652.0,21792.0,1764.0,1218593.0,2021,2,0,Monday,False,False,5407455.1305403765,2157567.140151515,302429.1666666667,267888.8531187123,29316.151112281164,880479.0803307134,16097.817460317461,0.22535425085963198,0.33668106381569557,0.21708223688742542,0.08134716971722257,0.3901262466616498,0.7310963024336894,0.10958007222708392
2021-02-16,19126.0,728390.0,963223.0,,,72718.0,36234.0,3211.0,1627528.0,2021,2,1,Tuesday,False,False,5425127.660455487,2153160.2099817405,303072.07792207797,269324.7230710466,29473.21785476349,884115.4686489981,16111.559139784946,0.2999981017706328,0.4473531488900069,0.2399363230640347,0.13453647918702824,0.6489281249929362,0.8238629747232457,0.19929790606490366
2021-02-17,22336.0,826880.0,1061711.0,,,74219.0,39205.0,3349.0,1733160.0,2021,2,2,Wednesday,False,False,5424265.453016102,2150871.0057471264,303626.1538461538,269255.74603174604,29436.812570145903,884487.095959596,16221.581196581195,0.3195197607883102,0.493619095316785,0.2444420517133925,0.14560506350485689,0.7587778040429767,0.9348694896480123,0.20645336354176272
2021-02-18,15843.0,457873.0,725951.0,,,57987.0,31747.0,2521.0,1381886.0,2021,2,3,Thursday,False,False,5441076.470588235,2148666.176470588,301795.77464788733,269256.09756097564,29396.907216494845,884428.3018867924,16262.222222222223,0.253972905447992,0.33786123128370343,0.19213986699334967,0.11790633633769644,0.5389342451341399,0.5177050519789994,0.15502186389723968
2021-02-19,14172.0,609824.0,809308.0,,,64121.0,38307.0,2707.0,1566021.0,2021,2,4,Friday,False,False,5433685.448717949,2149628.3898305083,302966.95804195805,268663.5774218154,29408.226704802048,883766.338724169,16224.285714285714,0.2882060462976367,0.37648739839345513,0.21164354164033905,0.14258352534276006,0.48190596945057773,0.6900285440610465,0.16684863960552965
2021-02-20,10578.0,658685.0,679240.0,,,30920.0,25729.0,1381.0,1110589.0,2021,2,5,Saturday,True,False,2871608.225494571,1270277.9407535233,93604.26685525695,130924.46808510639,16257.678571428572,831914.673076923,4261.589782691575,0.38674809124031034,0.5347176221898948,0.3303268220434065,0.1965178883390618,0.6506463978559581,0.7917699029923164,0.3240574692592244
2021-02-21,9195.0,606743.0,516715.0,,,25208.0,19844.0,956.0,836095.0,2021,2,6,Sunday,True,False,2197103.4597850866,976913.8356854839,78060.25518341307,90978.317373461,16876.08639084049,754182.1455505278,2814.4474948524366,0.38054420982150017,0.5289258695342663,0.3229300229773835,0.2181179051547136,0.5448538118998131,0.804504592928407,0.33967590503944495
2021-02-22,19015.0,693705.0,927414.0,,,69741.0,35468.0,3079.0,1582054.0,2021,2,0,Monday,False,False,5407455.1305403765,2157567.140151515,302429.1666666667,267888.8531187123,29316.151112281164,880479.0803307134,16097.817460317461,0.2925690480656661,0.42984247523109403,0.23060275822162213,0.13239819270973063,0.6486185695786719,0.7878722112732538,0.19126816461858923
2021-02-23,20852.0,762056.0,1040398.0,,,73492.0,37505.0,3406.0,1730198.0,2021,2,1,Tuesday,False,False,5425127.660455487,2153160.2099817405,303072.07792207797,269324.7230710466,29473.21785476349,884115.4686489981,16111.559139784946,0.31892300205424745,0.4831958138446293,0.24249017099785525,0.13925568946043754,0.7074897658868924,0.8619417112614091,0.21140101776925002
2021-02-24,23223.0,799814.0,1099351.0,,,74777.0,39124.0,3546.0,1806306.0,2021,2,2,Wednesday,False,False,5424265.453016102,2150871.0057471264,303626.1538461538,269255.74603174604,29436.812570145903,884487.095959596,16221.581196581195,0.3330047202973121,0.5111189825250024,0.24627983805996242,0.14530423427022118,0.7889101425183581,0.9042687040360576,0.21859767904421937
2021-02-25,22138.0,816902.0,1069420.0,,,75030.0,39397.0,3543.0,1798165.0,2021,2,3,Thursday,False,False,5441076.470588235,2148666.176470588,301795.77464788733,269256.09756097564,29396.907216494845,884428.3018867924,16262.222222222223,0.33047964124746076,0.4977134241283752,0.24861183059152958,0.14631794918248106,0.7530724180256005,0.9236497726918786,0.21786690352555343
2021-02-26,21911.0,853307.0,1065376.0,,,76696.0,44410.0,3359.0,1822812.0,2021,2,4,Friday,False,False,5433685.448717949,2149628.3898305083,302966.95804195805,268663.5774218154,29408.226704802048,883766.338724169,16224.285714285714,0.33546513084044705,0.49560938301712776,0.2531497180275954,0.1652996674360293,0.7450636252209716,0.9655346244934595,0.20703530862023423
2021-02-27,11319.0,683410.0,635820.0,,,28849.0,24256.0,1324.0,1072932.0,2021,2,5,Saturday,True,False,2871608.225494571,1270277.9407535233,93604.26685525695,130924.46808510639,16257.678571428572,831914.673076923,4261.589782691575,0.37363453359492005,0.5005361264660192,0.3082017622616506,0.185267126571273,0.696224860780071,0.8214904991065213,0.3106821790725656
2021-02-28,8910.0,621280.0,491545.0,,,23778.0,20086.0,972.0,810071.0,2021,2,6,Sunday,True,False,2197103.4597850866,976913.8356854839,78060.25518341307,90978.317373461,16876.08639084049,754182.1455505278,2814.4474948524366,0.36869952409033957,0.5031610588820161,0.3046108412550073,0.22077787960781986,0.52796601022592,0.8237797774256328,0.34536085742504236
2021-03-01,20359.0,749977.0,1020837.0,,,74430.0,36339.0,3333.0,1696274.0,2021,3,0,Monday,False,False,5544265.343915343,2241835.9973924384,313690.3395784544,276307.2155411656,29647.423220973782,923330.6152665059,15960.676532769558,0.30595108545113325,0.4553575735189251,0.23727220959377027,0.13151665232059798,0.6867038611840378,0.8122518495539435,0.20882573449545658
2021-03-02,20640.0,765693.0,1024511.0,,,75335.0,36611.0,3472.0,1749511.0,2021,3,1,Tuesday,False,False,5579462.711864407,2240693.846153846,312771.69811320753,275253.6231884058,29763.636363636364,922663.9175257732,15965.217391304348,0.31356262965603576,0.4572293540943019,0.24086258588759057,0.13300824009477424,0.6934636530238241,0.8298720535786115,0.2174727668845316
2021-03-03,22823.0,800979.0,1119137.0,,,78770.0,39651.0,3569.0,1846431.0,2021,3,2,Wednesday,False,False,5560024.226190476,2238006.617647059,312623.31871345034,275301.80995475117,29709.85085850357,920110.2857142857,15917.153679653678,0.33209045948080457,0.5000597367208016,0.2519645697709465,0.14402738582255262,0.7681963840443712,0.8705249929666816,0.2242235057742845
2021-03-04,21727.0,809641.0,1078036.0,,,78642.0,39730.0,3456.0,1808744.0,2021,3,3,Thursday,False,False,5556527.605042016,2237700.0,313649.21875,274745.4203599248,29792.34693877551,923111.3137254901,16020.516795865633,0.3255169646523016,0.48176073647048306,0.250732331849623,0.14460659598239164,0.7292812494648331,0.8770784064301552,0.2157233779681739
2021-03-05,21842.0,848562.0,1041408.0,,,79104.0,45027.0,3270.0,1825915.0,2021,3,4,Friday,False,False,5583752.888257576,2236808.276643991,313452.250335871,275884.12022703816,29696.351909184727,922131.7757009345,16030.060975609756,0.3270049797224786,0.4655776764034881,0.25236379676725346,0.16320982868801995,0.7355112192499487,0.9202177198101515,0.2039917380835549
2021-03-06,11951.0,729902.0,696719.0,,,37158.0,27276.0,3.0,1167884.0,2021,3,5,Saturday,True,False,3075971.0843373495,1330663.492063492,107664.58333333334,135717.33333333334,16949.137931034486,871945.2830188678,5055.813953488372,0.37967977200656783,0.5235876719812768,0.3451274211962305,0.20097653947420127,0.70510960785311,0.8370961047841414,0.000593376264949402
2021-03-07,9843.0,663948.0,525930.0,,,29306.0,21547.0,58.0,894119.0,2021,3,6,Sunday,True,False,2292858.73015873,994259.4202898551,86623.57142857143,94526.08695652173,17662.5,807161.1650485437,3144.4444444444443,0.38995817240694197,0.5289665747865646,0.33831438160184046,0.2279476565015409,0.5572823779193206,0.8225717846076865,0.0184452296819788
2021-03-08,20685.0,770032.0,1039763.0,,,79355.0,39763.0,3344.0,1719586.0,2021,3,0,Monday,False,False,5544265.343915343,2241835.9973924384,313690.3395784544,276307.2155411656,29647.423220973782,923330.6152665059,15960.676532769558,0.3101557904127355,0.4637997610928661,0.25297240618451755,0.1439086558855207,0.6976997577774853,0.8339721300996193,0.2095149283386759
2021-03-09,22200.0,793851.0,1101988.0,,,79269.0,40944.0,3602.0,1834068.0,2021,3,1,Tuesday,False,False,5579462.711864407,2240693.846153846,312771.69811320753,275253.6231884058,29763.636363636364,922663.9175257732,15965.217391304348,0.3287176731372287,0.4918065901290191,0.253440450265128,0.1487500855600895,0.7458766035430666,0.8603902080931056,0.22561546840958605
2021-03-10,22774.0,807054.0,1104610.0,,,78069.0,41488.0,3625.0,1849077.0,2021,3,2,Wednesday,False,False,5560024.226190476,2238006.617647059,312623.31871345034,275301.80995475117,29709.85085850357,920110.2857142857,15917.153679653678,0.3325663566877872,0.49356869246496604,0.24972225463308392,0.15070006262152436,0.7665470994271791,0.8771274623601022,0.22774172273235674
2021-03-11,22617.0,839112.0,1107502.0,,,80398.0,42543.0,3682.0,1881902.0,2021,3,3,Thursday,False,False,5556527.605042016,2237700.0,313649.21875,274745.4203599248,29792.34693877551,923111.3137254901,16020.516795865633,0.3386831009878101,0.49492872145506545,0.2563309429572746,0.15484516518698432,0.7591546931995273,0.9090041336548179,0.22983028868021305
2021-03-12,21724.0,875441.0,1092388.0,,,82399.0,48553.0,3507.0,1914465.0,2021,3,4,Friday,False,False,5583752.888257576,2236808.276643991,313452.250335871,275884.12022703816,29696.351909184727,922131.7757009345,16030.060975609756,0.342863489540529,0.48836907991013473,0.26287576468730933,0.17599055704997962,0.7315376672001596,0.9493664821761036,0.21877646038502355
2021-03-13,11932.0,778578.0,730218.0,,,38465.0,31500.0,,1257372.0,2021,3,5,Saturday,True,False,3075971.0843373495,1330663.492063492,107664.58333333334,135717.33333333334,16949.137931034486,871945.2830188678,5055.813953488372,0.40877237318727044,0.5487623312394581,0.357266974980166,0.23210005108657208,0.7039886068867299,0.892920708630237,
2021-03-14,9732.0,674893.0,531754.0,,,30405.0,22347.0,,923968.0,2021,3,6,Sunday,True,False,2292858.73015873,994259.4202898551,86623.57142857143,94526.08695652173,17662.5,807161.1650485437,3144.4444444444443,0.4029764188463698,0.5348242009565054,0.3510014595169576,0.23641092866013524,0.5509978768577495,0.8361316540289833,
2021-03-15,19986.0,777009.0,1023990.0,,,79331.0,39529.0,3264.0,1730024.0,2021,3,0,Monday,False,False,5544265.343915343,2241835.9973924384,313690.3395784544,276307.2155411656,29647.423220973782,923330.6152665059,15960.676532769558,0.3120384564383534,0.45676401003063577,0.2528958976122987,0.14306177246431978,0.6741226666154615,0.8415284700331611,0.20450260947889898
2021-03-16,20903.0,790665.0,1062179.0,,,77672.0,40038.0,3394.0,1798288.0,2021,3,1,Tuesday,False,False,5579462.711864407,2240693.846153846,312771.69811320753,275253.6231884058,29763.636363636364,922663.9175257732,15965.217391304348,0.3223048692799835,0.47404021831149834,0.24833448956077434,0.14545857575358692,0.7022999389126451,0.8569371631224693,0.2125871459694989
2021-03-17,22323.0,811451.0,1103979.0,,,81431.0,41682.0,3465.0,1866414.0,2021,3,2,Wednesday,False,False,5560024.226190476,2238006.617647059,312623.31871345034,275301.80995475117,29709.85085850357,920110.2857142857,15917.153679653678,0.3356845085689129,0.4932867451306622,0.2604764108292236,0.1514047437859231,0.7513669491750645,0.8819062373268298,0.2176896742807217
2021-03-18,20264.0,802401.0,1019472.0,,,76532.0,39884.0,3283.0,1771092.0,2021,3,3,Thursday,False,False,5556527.605042016,2237700.0,313649.21875,274745.4203599248,29792.34693877551,923111.3137254901,16020.516795865633,0.31874079027213037,0.45558922107521116,0.24400507135010996,0.14516711487947917,0.6801746784717346,0.8692353653013657,0.20492472507798462
2021-03-19,20357.0,866162.0,1083647.0,,,80041.0,46605.0,3331.0,1906749.0,2021,3,4,Friday,False,False,5583752.888257576,2236808.276643991,313452.250335871,275884.12022703816,29696.351909184727,922131.7757009345,16030.060975609756,0.341481623230466,0.48446127963450514,0.2553530877964165,0.16892962147167634,0.6855050769284501,0.9393039290307608,0.20779708854933376
2021-03-20,12558.0,789944.0,768908.0,,,41743.0,33068.0,,1307403.0,2021,3,5,Saturday,True,False,3075971.0843373495,1330663.492063492,107664.58333333334,135717.33333333334,16949.137931034486,871945.2830188678,5055.813953488372,0.42503748057230234,0.5778380519087029,0.38771338454691456,0.24365347585177033,0.7409226387264126,0.9059559302448874,
2021-03-21,10358.0,737403.0,579358.0,,,34693.0,26380.0,,1013386.0,2021,3,6,Sunday,True,False,2292858.73015873,994259.4202898551,86623.57142857143,94526.08695652173,17662.5,807161.1650485437,3144.4444444444443,0.4419748965213593,0.5827030533249568,0.4005029973695711,0.27907639942964907,0.5864401981599434,0.9135759151094089,
2021-03-22,20427.0,790925.0,1095241.0,,,84171.0,43281.0,3646.0,1801438.0,2021,3,0,Monday,False,False,5544265.343915343,2241835.9973924384,313690.3395784544,276307.2155411656,29647.423220973782,923330.6152665059,15960.676532769558,0.32491915308076325,0.48854644196717106,0.26832512634310407,0.15664086048289166,0.6889974837863521,0.8565999945444364,0.22843643203433384
2021-03-23,21590.0,812727.0,1133504.0,,,83106.0,41654.0,3727.0,1879574.0,2021,3,1,Tuesday,False,False,5579462.711864407,2240693.846153846,312771.69811320753,275253.6231884058,29763.636363636364,922663.9175257732,15965.217391304348,0.33687365559468546,0.5058718762251528,0.265708184280535,0.15132952481242595,0.7253817959682346,0.8808483615349548,0.23344498910675382
2021-03-24,21651.0,796805.0,1075968.0,,,79590.0,40301.0,3578.0,1828084.0,2021,3,2,Wednesday,False,False,5560024.226190476,2238006.617647059,312623.31871345034,275301.80995475117,29709.85085850357,920110.2857142857,15917.153679653678,0.32879065371492744,0.4807706963490685,0.2545875346968342,0.14638843096100207,0.7287481887107164,0.8659885802509389,0.22478893349968895
2021-03-25,21763.0,850151.0,1127964.0,,,83556.0,44105.0,3747.0,1925768.0,2021,3,3,Thursday,False,False,5556527.605042016,2237700.0,313649.21875,274745.4203599248,29792.34693877551,923111.3137254901,16020.516795865633,0.34657759969599544,0.5040729320284221,0.2663995157807164,0.1605304282860152,0.7304896134810679,0.9209626047902749,0.23388758600889686
2021-03-26,20805.0,868437.0,1091753.0,,,84436.0,49529.0,3536.0,1938246.0,2021,3,4,Friday,False,False,5583752.888257576,2236808.276643991,313452.250335871,275884.12022703816,29696.351909184727,922131.7757009345,16030.060975609756,0.34712245308635686,0.4880851932638672,0.2693743621541238,0.17952827425964288,0.7005911050496832,0.9417710384612658,0.22058556142613153
2021-03-27,12900.0,843498.0,781981.0,,,47484.0,38301.0,,1374266.0,2021,3,5,Saturday,True,False,3075971.0843373495,1330663.492063492,107664.58333333334,135717.33333333334,16949.137931034486,871945.2830188678,5055.813953488372,0.4467746810097389,0.5876624741446563,0.4410363977631146,0.2822115573545015,0.7611006561212551,0.9673749218295247,
2021-03-28,9104.0,603133.0,459949.0,,,28347.0,21000.0,,807247.0,2021,3,6,Sunday,True,False,2292858.73015873,994259.4202898551,86623.57142857143,94526.08695652173,17662.5,807161.1650485437,3144.4444444444443,0.35207009894766433,0.46260461868785885,0.327243491956165,0.222160894163102,0.5154423213021939,0.7472274758953831,
2021-03-29,18543.0,765733.0,1002597.0,,,86467.0,44240.0,3378.0,1742162.0,2021,3,0,Monday,False,False,5544265.343915343,2241835.9973924384,313690.3395784544,276307.2155411656,29647.423220973782,923330.6152665059,15960.676532769558,0.31422774559517935,0.4472213851352897,0.27564444641870933,0.16011163484584753,0.6254506458045883,0.8293161597148844,0.2116451638540811
2021-03-30,21019.0,844533.0,1079381.0,,,91258.0,46574.0,3806.0,1881537.0,2021,3,1,Tuesday,False,False,5579462.711864407,2240693.846153846,312771.69811320753,275253.6231884058,29763.636363636364,922663.9175257732,15965.217391304348,0.3372254815860709,0.48171730459864426,0.29177192358040405,0.16920394892720808,0.7061973121563836,0.9153202850553753,0.23839324618736382
2021-03-31,20374.0,835543.0,995873.0,,,84850.0,43954.0,3526.0,1808546.0,2021,3,2,Wednesday,False,False,5560024.226190476,2238006.617647059,312623.31871345034,275301.80995475117,29709.85085850357,920110.2857142857,15917.153679653678,0.32527664024930864,0.44498215159301757,0.27141289507508964,0.15965750463908798,0.6857658120545073,0.9080900550430911,0.22152201775290756
2021-04-01,20490.0,858814.0,1030209.0,,,77285.0,38466.0,3434.0,1841815.0,2021,4,3,Thursday,False,False,5581935.863808323,2185126.7391304346,311003.37734404893,287274.03969270166,28950.82417582418,939956.4320388349,16211.730545876888,0.32995990010236453,0.4714641862878713,0.24850212451070303,0.13390002118237782,0.7077518717795427,0.9136742626859513,0.21182192673892952
2021-04-02,18839.0,847596.0,958085.0,,,79770.0,49308.0,3070.0,1757698.0,2021,4,4,Friday,False,False,5581218.9655172415,2186919.696969697,310225.3968253968,286157.14285714284,28958.44155844156,941837.7358490565,16181.81818181818,0.31493084411482225,0.4380979335124054,0.25713562079798613,0.17231091807698068,0.6505529643914253,0.8999384583331664,0.18971910112359552
2021-04-03,12735.0,781573.0,750682.0,,,47662.0,37706.0,1503.0,1318461.0,2021,4,5,Saturday,True,False,3170231.8055555555,1336330.8974358975,114119.62365591398,149238.35001021036,16706.49021595073,912598.1617647059,5100.744680851064,0.4158878848194986,0.5617485919396019,0.4176494670514104,0.25265623747126853,0.7622786016323824,0.8564262265098799,0.2946628569044987
2021-04-04,11632.0,751492.0,519812.0,,,40868.0,30673.0,1066.0,950194.0,2021,4,6,Sunday,True,False,2435088.2352941176,995331.1475409836,91600.0,102942.69662921347,18634.513274336285,864630.3921568628,3272.5,0.39020926889954466,0.5222503096423959,0.44615720524017466,0.2979618856350757,0.6242180747494894,0.8691482589749898,0.32574484339190224
2021-04-05,19970.0,834568.0,1088750.0,,,87048.0,46156.0,3431.0,1818703.0,2021,4,0,Monday,False,False,5575529.166666667,2192433.962264151,310364.7887323944,286171.4285714286,28993.617021276597,940363.8297872341,16282.926829268294,0.3261937917701384,0.49659420476940425,0.2804699603828298,0.1612879392971246,0.6887722903060101,0.8874947903821744,0.21071150389454762
2021-04-06,21695.0,842891.0,1155101.0,,,85757.0,45178.0,3873.0,1942198.0,2021,4,1,Tuesday,False,False,5594090.0,2183766.176470588,309667.1428571429,286013.63636363635,28925.49019607843,941739.0,16197.959183673469,0.34718747821361473,0.5289490296378154,0.2769328357176138,0.1579575036155301,0.7500305043383948,0.8950367352313114,0.23910419553987652
2021-04-07,23469.0,861139.0,1172362.0,,,85479.0,45747.0,3809.0,1985370.0,2021,4,2,Wednesday,False,False,5566984.138655462,2185750.964912281,310066.2509819324,286827.94117647054,28901.2689241571,938204.1237623763,16198.322510822512,0.3566329543161778,0.5363657703095419,0.27567979336448606,0.1594928297862523,0.8120404699733947,0.9178588946578805,0.2351478060431943
2021-04-08,22579.0,880644.0,1177833.0,,,86715.0,47059.0,3893.0,2013413.0,2021,4,3,Thursday,False,False,5581935.863808323,2185126.7391304346,311003.37734404893,287274.03969270166,28950.82417582418,939956.4320388349,16211.730545876888,0.3607015646765837,0.5390227390053886,0.27882333864198244,0.16381222629910877,0.7799087121966958,0.9368987433702838,0.24013475853076663
2021-04-09,21978.0,897983.0,1144311.0,,,87051.0,52445.0,3686.0,2026724.0,2021,4,4,Friday,False,False,5581218.9655172415,2186919.696969697,310225.3968253968,286157.14285714284,28958.44155844156,941837.7358490565,16181.81818181818,0.36313285906211934,0.5232524091239442,0.28060565282794897,0.18327342618940642,0.7589496815857925,0.9534370580198489,0.2277865168539326
2021-04-10,12713.0,824102.0,790023.0,,,45962.0,36629.0,1500.0,1391245.0,2021,4,5,Saturday,True,False,3170231.8055555555,1336330.8974358975,114119.62365591398,149238.35001021036,16706.49021595073,912598.1617647059,5100.744680851064,0.43884645834476965,0.5911881567027052,0.40275281785524997,0.2454395937605446,0.7609617481391816,0.9030283365971509,0.2940747074895197
2021-04-11,9742.0,668094.0,504407.0,,,32034.0,22933.0,1020.0,899646.0,2021,4,6,Sunday,True,False,2435088.2352941176,995331.1475409836,91600.0,102942.69662921347,18634.513274336285,864630.3921568628,3272.5,0.36945108886016936,0.5067730485940918,0.3497161572052402,0.22277442451893167,0.522793370375647,0.7726931716260943,0.3116883116883117
2021-04-12,21192.0,795751.0,1087799.0,,,83124.0,43563.0,3418.0,1845836.0,2021,4,0,Monday,False,False,5575529.166666667,2192433.962264151,310364.7887323944,286171.4285714286,28993.617021276597,940363.8297872341,16282.926829268294,0.331060235687644,0.4961604402791763,0.2678267735831075,0.15222693690095845,0.7309194980553313,0.846216086575816,0.20991312162971837
2021-04-13,22728.0,834987.0,1196355.0,,,87182.0,46150.0,3877.0,2012153.0,2021,4,1,Tuesday,False,False,5594090.0,2183766.176470588,309667.1428571429,286013.63636363635,28925.49019607843,941739.0,16197.959183673469,0.359692639911049,0.5478402463094991,0.2815345509233416,0.1613559429779254,0.78574295010846,0.886643751612708,0.2393511402293058
2021-04-14,23462.0,855217.0,1199954.0,,,86698.0,47970.0,3810.0,2018126.0,2021,4,2,Wednesday,False,False,5566984.138655462,2185750.964912281,310066.2509819324,286827.94117647054,28901.2689241571,938204.1237623763,16198.322510822512,0.3625169301250098,0.5489893493187394,0.27961121123450455,0.16724312074773257,0.8117982660750688,0.9115468354268342,0.2352095408308139
2021-04-15,21198.0,824792.0,1083083.0,,,81762.0,44175.0,3593.0,1906733.0,2021,4,3,Thursday,False,False,5581935.863808323,2185126.7391304346,311003.37734404893,287274.03969270166,28950.82417582418,939956.4320388349,16211.730545876888,0.34158991549199125,0.49566140975008616,0.26289746657493823,0.1537730316573478,0.73220713411336,0.8774789680527695,0.22162963971257243
2021-04-16,21632.0,892319.0,1157507.0,,,87190.0,54355.0,3591.0,2078856.0,2021,4,4,Friday,False,False,5581218.9655172415,2186919.696969697,310225.3968253968,286157.14285714284,28958.44155844156,941837.7358490565,16181.81818181818,0.37247347091090904,0.529286466990031,0.28105371414537306,0.18994808047526335,0.7470015248004306,0.9474232832639522,0.22191573033707868
2021-04-17,13313.0,814841.0,803352.0,,,49901.0,39789.0,,1425036.0,2021,4,5,Saturday,True,False,3170231.8055555555,1336330.8974358975,114119.62365591398,149238.35001021036,16706.49021595073,912598.1617647059,5100.744680851064,0.44950530037038566,0.6011624826915566,0.43726923031623577,0.2666137758644328,0.7968759343173857,0.8928803871622191,
2021-04-18,10865.0,755021.0,607333.0,,,38263.0,30983.0,,1082503.0,2021,4,6,Sunday,True,False,2435088.2352941176,995331.1475409836,91600.0,102942.69662921347,18634.513274336285,864630.3921568628,3272.5,0.444543644994142,0.6101818490262735,0.4177183406113537,0.3009732697366267,0.5830578904877237,0.8732297717601196,
2021-04-19,21274.0,818994.0,1147977.0,,,87167.0,45925.0,3634.0,1911326.0,2021,4,0,Monday,False,False,5575529.166666667,2192433.962264151,310364.7887323944,286171.4285714286,28993.617021276597,940363.8297872341,16282.926829268294,0.3428062059879219,0.5236084733947797,0.2808533801660018,0.1604807308306709,0.7337477067586409,0.870933115521154,0.22317855002995804
2021-04-20,23528.0,863148.0,1223642.0,,,90034.0,49100.0,4135.0,2082495.0,2021,4,1,Tuesday,False,False,5594090.0,2183766.176470588,309667.1428571429,286013.63636363635,28925.49019607843,941739.0,16197.959183673469,0.3722669817611086,0.5603356317101932,0.2907444398824544,0.1716701365160593,0.8134002169197397,0.9165469413499919,0.2552790726974928
2021-04-21,22379.0,830908.0,1139762.0,,,83533.0,45253.0,3788.0,1965922.0,2021,4,2,Wednesday,False,False,5566984.138655462,2185750.964912281,310066.2509819324,286827.94117647054,28901.2689241571,938204.1237623763,16198.322510822512,0.35313950085634865,0.5214509879197246,0.26940371528814816,0.15777054290592332,0.7743258629483404,0.8856366956349557,0.2338513755031819
2021-04-22,21832.0,874377.0,1166357.0,,,86606.0,46790.0,3837.0,2040232.0,2021,4,3,Thursday,False,False,5581935.863808323,2185126.7391304346,311003.37734404893,287274.03969270166,28950.82417582418,939956.4320388349,16211.730545876888,0.36550617022103055,0.5337708697227094,0.2784728601329358,0.16287583817198198,0.7541063379546596,0.930231413070297,0.23668046968470371
2021-04-23,22035.0,923361.0,1184193.0,,,92834.0,56155.0,3737.0,2121350.0,2021,4,4,Friday,False,False,5581218.9655172415,2186919.696969697,310225.3968253968,286157.14285714284,28958.44155844156,941837.7358490565,16181.81818181818,0.380087219854024,0.5414890183854835,0.2992469377104205,0.19623833058758924,0.7609180195533232,0.9803822514794441,0.23093820224719103
2021-04-24,13351.0,856875.0,809163.0,,,51570.0,43227.0,,1520057.0,2021,4,5,Saturday,True,False,3170231.8055555555,1336330.8974358975,114119.62365591398,149238.35001021036,16706.49021595073,912598.1617647059,5100.744680851064,0.4794781874739356,0.6055109565696581,0.45189423473293683,0.28965074993822004,0.7991504994420053,0.9389400898452906,
2021-04-25,9777.0,697476.0,540989.0,,,34054.0,23855.0,,985027.0,2021,4,6,Sunday,True,False,2435088.2352941176,995331.1475409836,91600.0,102942.69662921347,18634.513274336285,864630.3921568628,3272.5,0.4045138840240117,0.5435266457163939,0.3717685589519651,0.2317308636854801,0.5246716056418292,0.8066753219952308,
2021-04-26,21083.0,829098.0,1156913.0,,,89303.0,46752.0,3761.0,1955370.0,2021,4,0,Monday,False,False,5575529.166666667,2192433.962264151,310364.7887323944,286171.4285714286,28993.617021276597,940363.8297872341,16282.926829268294,0.3507057252413261,0.52768430881505,0.2877356041731901,0.163370607028754,0.727160049900932,0.8816778928934251,0.23097813061713598
2021-04-27,22603.0,842367.0,1198299.0,,,89028.0,47310.0,4020.0,2041698.0,2021,4,1,Tuesday,False,False,5594090.0,2183766.176470588,309667.1428571429,286013.63636363635,28925.49019607843,941739.0,16197.959183673469,0.3649741066017887,0.5487304515068073,0.287495790410902,0.16541169365732722,0.7814215021691975,0.8944803177950579,0.24817941287640166
2021-04-28,24412.0,891506.0,1227777.0,,,92150.0,50011.0,4027.0,2135793.0,2021,4,2,Wednesday,False,False,5566984.138655462,2185750.964912281,310066.2509819324,286827.94117647054,28901.2689241571,938204.1237623763,16198.322510822512,0.38365350911810514,0.5617186128289201,0.2971945502232992,0.1743588849638285,0.8446687951336024,0.9502260514746962,0.24860598974427497
2021-04-29,22201.0,875558.0,1166096.0,,,88705.0,47785.0,3881.0,2028524.0,2021,4,3,Thursday,False,False,5581935.863808323,2185126.7391304346,311003.37734404893,287274.03969270166,28950.82417582418,939956.4320388349,16211.730545876888,0.3634086900124328,0.5336514258500378,0.28522198298145707,0.1663394299433246,0.7668520890862679,0.9314878542836821,0.23939455377803887
2021-04-30,22322.0,925495.0,1185321.0,,,93530.0,57364.0,3699.0,2159476.0,2021,4,4,Friday,False,False,5581218.9655172415,2186919.696969697,310225.3968253968,286157.14285714284,28958.44155844156,941837.7358490565,16181.81818181818,0.3869183440646231,0.5420048123588803,0.3014904677602563,0.2004632819130348,0.7708287738810655,0.9826480345530818,0.22858988764044946
2021-05-01,13263.0,851688.0,818655.0,,,51067.0,41395.0,,1515211.0,2021,5,5,Saturday,True,False,3212641.516516517,1391093.5047193244,118529.28841991341,150498.80576044958,17291.094911377928,956502.2916666667,4867.136752136752,0.4716402350558399,0.5884974642054539,0.4308386617414345,0.2750520164650929,0.7670422300020254,0.8904191944129772,
2021-05-02,11541.0,811745.0,620063.0,,,41827.0,32683.0,,1153471.0,2021,5,6,Sunday,True,False,2391359.493670886,963553.3333333334,97502.5641025641,104090.81632653062,17024.358974358973,853056.5217391305,3515.5181843040746,0.482349476543717,0.6435170514692146,0.42898359017514337,0.3139854326579027,0.6779109872731381,0.9515723510853554,
2021-05-03,21492.0,830922.0,1165505.0,,,91084.0,45800.0,3744.0,1971010.0,2021,5,0,Monday,False,False,5716296.875,2267007.727652465,319412.2631848438,286301.64835164836,29366.565217391304,962588.775510204,17395.0,0.3448053946638312,0.5141160243008547,0.285161249263901,0.15997113626026496,0.7318526984991806,0.8632159662983643,0.21523426271917218
2021-05-04,22962.0,853754.0,1227250.0,,,93107.0,49415.0,4181.0,2120071.0,2021,5,1,Tuesday,False,False,5706690.286470871,2276651.138375917,319988.21371610847,286533.8312236287,29395.263424518744,962189.3092783506,17288.257575757576,0.3715062310331008,0.5390593136177539,0.29097009205034013,0.17245782038712726,0.7811462570819241,0.8873035605023736,0.24184045047216318
2021-05-05,23236.0,844607.0,1158445.0,,,91994.0,48351.0,3851.0,2074543.0,2021,5,2,Wednesday,False,False,5723566.349206349,2275398.146853147,318580.4212454213,287037.86075036076,29373.234811165843,962160.6969520481,17459.37669376694,0.36245635560556816,0.5091174929548562,0.2887622523705925,0.16844816176375865,0.7910603019850965,0.8778232187986508,0.2205691570521427
2021-05-06,23792.0,908361.0,1258536.0,,,94244.0,52748.0,4168.0,2199943.0,2021,5,3,Thursday,False,False,5720059.154929577,2277316.0714285714,317896.1538461538,287151.4285714286,29435.227272727272,961900.9803921569,17383.720930232557,0.38460144212041536,0.5526400203246773,0.29646159244068576,0.18369401908400743,0.8082832104389454,0.9443394055276572,0.2397645484949833
2021-05-07,22730.0,939468.0,1222741.0,,,101637.0,61477.0,3827.0,2238033.0,2021,5,4,Friday,False,False,5719113.207547169,2275682.2580645164,318995.3846153846,287064.70588235295,29388.043478260868,965228.1553398058,17384.848484848484,0.39132517905863495,0.5373074363377731,0.3186158950937318,0.21415729185877339,0.7734437992380812,0.973311848398437,0.22013421648945442
2021-05-08,13339.0,856180.0,779188.0,,,56309.0,42664.0,,1444674.0,2021,5,5,Saturday,True,False,3212641.516516517,1391093.5047193244,118529.28841991341,150498.80576044958,17291.094911377928,956502.2916666667,4867.136752136752,0.4496841594596795,0.5601262584841223,0.47506401793718905,0.2834839770616433,0.7714375560579821,0.8951154717132364,
2021-05-09,13897.0,856813.0,576000.0,,,54074.0,37795.0,856.0,1107878.0,2021,5,6,Sunday,True,False,2391359.493670886,963553.3333333334,97502.5641025641,104090.81632653062,17024.358974358973,853056.5217391305,3515.5181843040746,0.4632837525818162,0.5977873565206562,0.5545905433124705,0.3630963934554794,0.816300926274569,1.0044035514237803,0.24349184248906172
2021-05-10,20751.0,847057.0,1149109.0,,,96813.0,50090.0,3850.0,1990039.0,2021,5,0,Monday,False,False,5716296.875,2267007.727652465,319412.2631848438,286301.64835164836,29366.565217391304,962588.775510204,17395.0,0.3481342980458831,0.5068835831406393,0.3030973170368676,0.17495533221128104,0.706619921205867,0.8799780566223948,0.22132796780684105
2021-05-11,22751.0,875781.0,1231886.0,,,97358.0,51588.0,4227.0,2148322.0,2021,5,1,Tuesday,False,False,5706690.286470871,2276651.138375917,319988.21371610847,286533.8312236287,29395.263424518744,962189.3092783506,17288.257575757576,0.3764567362439717,0.5410956379020742,0.3042549563602846,0.1800415670976651,0.7739682298959523,0.9101961449320639,0.2445012160119191
2021-05-12,23946.0,890320.0,1238990.0,,,98930.0,53548.0,4193.0,2182277.0,2021,5,2,Wednesday,False,False,5723566.349206349,2275398.146853147,318580.4212454213,287037.86075036076,29373.234811165843,962160.6969520481,17459.37669376694,0.38127923515774437,0.5445156935341232,0.31053383510905835,0.18655378722520213,0.8152319672635187,0.9253339933967096,0.24015748520374822
2021-05-13,23439.0,921006.0,1182347.0,,,103047.0,55558.0,4112.0,2163052.0,2021,5,3,Thursday,False,False,5720059.154929577,2277316.0714285714,317896.1538461538,287151.4285714286,29435.227272727272,961900.9803921569,17383.720930232557,0.3781520332942484,0.5191844095924322,0.3241530252985373,0.19347979662298637,0.7962907771300621,0.9574852492867983,0.23654314381270905
2021-05-14,22437.0,950053.0,1220112.0,,,104885.0,63394.0,3963.0,2266974.0,2021,5,4,Friday,False,False,5719113.207547169,2275682.2580645164,318995.3846153846,287064.70588235295,29388.043478260868,965228.1553398058,17384.848484848484,0.39638557897549764,0.5361521783966948,0.3287978605911829,0.22083522878629536,0.7634737581832304,0.98427816754427,0.22795712044622626
2021-05-15,13516.0,893665.0,844096.0,,,63079.0,49401.0,11.0,1637231.0,2021,5,5,Saturday,True,False,3212641.516516517,1391093.5047193244,118529.28841991341,150498.80576044958,17291.094911377928,956502.2916666667,4867.136752136752,0.509621441291482,0.6067859544569651,0.5321807026844723,0.3282484518756385,0.7816740391093551,0.9343051321318057,0.002260055667260802
2021-05-16,11062.0,815930.0,621750.0,,,49166.0,36227.0,14.0,1201904.0,2021,5,6,Sunday,True,False,2391359.493670886,963553.3333333334,97502.5641025641,104090.81632653062,17024.358974358973,853056.5217391305,3515.5181843040746,0.5026028094818159,0.6452678627026354,0.5042534055646137,0.34803262457234163,0.649774832442202,0.9564782393745253,0.003982343218279047
2021-05-17,20779.0,812362.0,1157960.0,,,98458.0,52803.0,3990.0,2022584.0,2021,5,0,Monday,False,False,5716296.875,2267007.727652465,319412.2631848438,286301.64835164836,29366.565217391304,962588.775510204,17395.0,0.3538276692460974,0.5107878486144785,0.3082474010805977,0.18443135170198188,0.7075733864747102,0.8439346278159343,0.22937625754527163
2021-05-18,22367.0,840817.0,1215676.0,,,100430.0,54920.0,4321.0,2150049.0,2021,5,1,Tuesday,False,False,5706690.286470871,2276651.138375917,319988.21371610847,286533.8312236287,29395.263424518744,962189.3092783506,17288.257575757576,0.3767593634960751,0.533975530773336,0.31385530996182526,0.19167021138644197,0.7609049007992073,0.8738581814327362,0.2499384325496812
2021-05-19,23784.0,918384.0,1253578.0,,,104762.0,56851.0,4367.0,2257549.0,2021,5,2,Wednesday,False,False,5723566.349206349,2275398.146853147,318580.4212454213,287037.86075036076,29373.234811165843,962160.6969520481,17459.37669376694,0.39443047608123566,0.5509268792073536,0.3288400448164881,0.19806098000933678,0.8097167422281604,0.9545016782635949,0.2501234767194773
2021-05-20,23659.0,934700.0,1243965.0,,,106604.0,57425.0,4441.0,2269471.0,2021,5,3,Thursday,False,False,5720059.154929577,2277316.0714285714,317896.1538461538,287151.4285714286,29435.227272727272,961900.9803921569,17383.720930232557,0.3967565611702036,0.54624169899247,0.3353422138337387,0.19998159258927595,0.8037648148863066,0.9717216418876429,0.2554688963210702
2021-05-21,22520.0,968479.0,1221591.0,,,110077.0,67283.0,4264.0,2331876.0,2021,5,4,Friday,False,False,5719113.207547169,2275682.2580645164,318995.3846153846,287064.70588235295,29388.043478260868,965228.1553398058,17384.848484848484,0.4077338418345634,0.5368020933814247,0.3450739581474533,0.23438269707587958,0.7662980360247069,1.0033679546563266,0.24527104758584628
2021-05-22,13397.0,913273.0,839877.0,,,66293.0,51249.0,1787.0,1645268.0,2021,5,5,Saturday,True,False,3212641.516516517,1391093.5047193244,118529.28841991341,150498.80576044958,17291.094911377928,956502.2916666667,4867.136752136752,0.5121231209711727,0.6037530885959091,0.5592963636560776,0.3405276190800712,0.7747918838375281,0.9548048216472734,0.36715631612682303
2021-05-23,11765.0,887792.0,645466.0,,,58005.0,40613.0,1358.0,1268928.0,2021,5,6,Sunday,True,False,2391359.493670886,963553.3333333334,97502.5641025641,104090.81632653062,17024.358974358973,853056.5217391305,3515.5181843040746,0.5306303813200902,0.6698809268471559,0.5949074317572188,0.3901689066650981,0.6910686045635968,1.0407188473162998,0.38628729217306756
2021-05-24,21563.0,872507.0,1192453.0,,,105528.0,55179.0,4252.0,2118877.0,2021,5,0,Monday,False,False,5716296.875,2267007.727652465,319412.2631848438,286301.64835164836,29366.565217391304,962588.775510204,17395.0,0.3706730154738508,0.5260030592109232,0.33038180484301244,0.19273029099792927,0.7342704140023185,0.9064171764703388,0.24443805691290602
2021-05-25,22854.0,905301.0,1253998.0,,,110871.0,58737.0,4683.0,2270945.0,2021,5,1,Tuesday,False,False,5706690.286470871,2276651.138375917,319988.21371610847,286533.8312236287,29395.263424518744,962189.3092783506,17288.257575757576,0.39794432254083245,0.5508081492426451,0.3464846367696657,0.2049915004771566,0.7774721957734646,0.9408761781805524,0.2708775004929778
2021-05-26,23594.0,923924.0,1241052.0,,,114548.0,59613.0,4429.0,2275882.0,2021,5,2,Wednesday,False,False,5723566.349206349,2275398.146853147,318580.4212454213,287037.86075036076,29373.234811165843,962160.6969520481,17459.37669376694,0.3976335489350241,0.5454219085641616,0.35955756336877,0.20768340400866464,0.8032482684212586,0.9602595522004016,0.2536745771446222
2021-05-27,23450.0,973897.0,1246269.0,,,117293.0,62852.0,4619.0,2352019.0,2021,5,3,Thursday,False,False,5720059.154929577,2277316.0714285714,317896.1538461538,287151.4285714286,29435.227272727272,961900.9803921569,17383.720930232557,0.41118788045627425,0.5472534162630353,0.3689664017035075,0.21888102842701213,0.7966644790178744,1.012471158520862,0.26570836120401337
2021-05-28,21520.0,934622.0,1135369.0,,,112780.0,66048.0,4047.0,2232599.0,2021,5,4,Friday,False,False,5719113.207547169,2275682.2580645164,318995.3846153846,287064.70588235295,29388.043478260868,965228.1553398058,17384.848484848484,0.3903750317538344,0.4989136756577077,0.3535474349761511,0.23008053113665702,0.7322705921514961,0.9682912737568964,0.23278891406658533
2021-05-29,11734.0,746640.0,648192.0,,,54774.0,38894.0,1332.0,1370135.0,2021,5,5,Saturday,True,False,3212641.516516517,1391093.5047193244,118529.28841991341,150498.80576044958,17291.094911377928,956502.2916666667,4867.136752136752,0.42648237998419575,0.46595861299113983,0.4621136322522437,0.25843394439892076,0.6786152097446857,0.7805940524188498,0.2736721953446717
2021-05-30,10028.0,665576.0,484864.0,,,43418.0,30072.0,956.0,1065176.0,2021,5,6,Sunday,True,False,2391359.493670886,963553.3333333334,97502.5641025641,104090.81632653062,17024.358974358973,853056.5217391305,3515.5181843040746,0.44542696437702406,0.5032041125556102,0.44530110976700155,0.2889015675087492,0.5890383311996386,0.7802249710758754,0.27193715119105494
2021-05-31,10380.0,757928.0,702801.0,,,102292.0,43039.0,1651.0,1389651.0,2021,5,0,Monday,False,False,5716296.875,2267007.727652465,319412.2631848438,286301.64835164836,29366.565217391304,962588.775510204,17395.0,0.2431033640113382,0.3100126177019103,0.32025069726519434,0.15032746143025202,0.35346319609256904,0.7873850384327129,0.09491233112963496
2021-06-01,22308.0,910608.0,1230127.0,,,114759.0,94923.0,4705.0,2258831.0,2021,6,1,Tuesday,False,False,5609193.269617707,2142021.7741935486,332150.9479956663,295377.47002893756,29264.064407814407,980691.0496719775,16245.212765957447,0.40270158139050005,0.574283144466695,0.3455025514528934,0.3213616799910317,0.7623001265006468,0.928537076283689,0.28962378442094233
2021-06-02,24325.0,913501.0,1249102.0,,,112503.0,90821.0,4772.0,2343745.0,2021,6,2,Wednesday,False,False,5598098.412698412,2141323.880597015,331925.3521126761,295093.58974358975,29288.636363636364,983069.7916666667,16168.181818181818,0.4186680596188842,0.5833316535244273,0.3389406662791142,0.3077701554917388,0.830526887561108,0.9292331101449858,0.2951475962890076
2021-06-03,23026.0,898343.0,1143159.0,,,102751.0,84815.0,4419.0,2233917.0,2021,6,3,Thursday,False,False,5622586.098901099,2148801.8537200503,332244.5887445888,295330.26737967914,29238.605737883066,983602.9172445678,16165.116279069767,0.3973113013665733,0.531998331079685,0.30926312566369374,0.28718695429534524,0.7875204517760678,0.9133187633446512,0.2733664220975399
2021-06-04,22743.0,933507.0,1160335.0,,,104564.0,88908.0,4308.0,2310032.0,2021,6,4,Friday,False,False,5597701.612903226,2153018.4615384615,333809.45945945947,294857.4074074074,29278.571428571428,983598.0769230769,16175.0,0.41267508698126387,0.5389340689493534,0.3132445682315935,0.30152879923126685,0.7767797023664309,0.9490736327181796,0.2663369397217929
2021-06-05,14636.0,949213.0,874545.0,,,72827.0,62687.0,,1792204.0,2021,6,5,Saturday,True,False,3220746.987951807,1403253.9682539683,123109.57446808512,158940.54054054053,17338.235294117647,983351.923076923,5080.645161290323,0.5564560043692626,0.6232264577795373,0.5915624378904798,0.3944053530131955,0.8441458863443596,0.9652831074249575,
2021-06-06,12514.0,924262.0,654780.0,,,61866.0,51469.0,,1363344.0,2021,6,6,Sunday,True,False,2614790.909090909,1083173.4375,98477.77777777777,108991.8918918919,18115.88785046729,922322.9166666667,3888.6792452830186,0.5213969481307388,0.6045015297930992,0.6282229493399527,0.47222778783445335,0.6907748658687577,1.0021023909287012,
2021-06-07,21511.0,900055.0,1200737.0,,,112097.0,89412.0,4348.0,2223265.0,2021,6,0,Monday,False,False,5617044.604105571,2142238.6363636362,332142.8259141494,294851.81305398874,29239.31623931624,982727.9974489796,16141.036585365855,0.3958068978791777,0.5605057156649003,0.33749637581807734,0.30324385349337585,0.7356875182695118,0.9158739776788828,0.26937551234733464
2021-06-08,22948.0,881384.0,1175335.0,,,108346.0,87986.0,4561.0,2265591.0,2021,6,1,Tuesday,False,False,5609193.269617707,2142021.7741935486,332150.9479956663,295377.47002893756,29264.064407814407,980691.0496719775,16245.212765957447,0.4039067457831438,0.5487035725593885,0.32619506478546506,0.2978764764671462,0.7841699526150638,0.8987376812450835,0.2807596345895681
2021-06-09,23868.0,911424.0,1259005.0,,,107918.0,90641.0,4586.0,2386026.0,2021,6,2,Wednesday,False,False,5598098.412698412,2141323.880597015,331925.3521126761,295093.58974358975,29288.636363636364,983069.7916666667,16168.181818181818,0.4262208028690015,0.5879563626073143,0.3251273194804533,0.3071601795171458,0.8149235663847287,0.9271203405149896,0.2836435198200731
2021-06-10,23498.0,954252.0,1276901.0,,,113236.0,91323.0,4801.0,2473818.0,2021,6,3,Thursday,False,False,5622586.098901099,2148801.8537200503,332244.5887445888,295330.26737967914,29238.605737883066,983602.9172445678,16165.116279069767,0.43997867822486403,0.5942385975651513,0.34082120171729735,0.3092233004434807,0.8036634923926883,0.9701597903686678,0.29699755430873254
2021-06-11,23324.0,971852.0,1221484.0,,,118259.0,94566.0,4371.0,2468258.0,2021,6,4,Friday,False,False,5597701.612903226,2153018.4615384615,333809.45945945947,294857.4074074074,29278.571428571428,983598.0769230769,16175.0,0.44094133104744887,0.5673355903911647,0.3542709670106348,0.3207177355030366,0.7966235667235911,0.9880580521671806,0.2702318392581144
2021-06-12,14450.0,921587.0,849178.0,,,68188.0,61468.0,,1775538.0,2021,6,5,Saturday,True,False,3220746.987951807,1403253.9682539683,123109.57446808512,158940.54054054053,17338.235294117647,983351.923076923,5080.645161290323,0.5512814283897323,0.6051491883943215,0.5538805596121773,0.3867358182560196,0.833418150975403,0.9371894012433925,
2021-06-13,12047.0,889307.0,647385.0,,,59186.0,51712.0,,1379959.0,2021,6,6,Sunday,True,False,2614790.909090909,1083173.4375,98477.77777777777,108991.8918918919,18115.88785046729,922322.9166666667,3888.6792452830186,0.5277511846940656,0.597674368284165,0.6010086878032269,0.47445731147866194,0.6649963887742468,0.9642035169352743,
2021-06-14,21568.0,872138.0,1176722.0,,,115254.0,91064.0,4205.0,2223186.0,2021,6,0,Monday,False,False,5617044.604105571,2142238.6363636362,332142.8259141494,294851.81305398874,29239.31623931624,982727.9974489796,16141.036585365855,0.3957928335436475,0.5492954799832376,0.3470013229483098,0.3088466679474878,0.7376369482607424,0.8874663205525279,0.2605161061224798
2021-06-15,23460.0,920824.0,1277203.0,,,117580.0,96688.0,4925.0,2469785.0,2021,6,1,Tuesday,False,False,5609193.269617707,2142021.7741935486,332150.9479956663,295377.47002893756,29264.064407814407,980691.0496719775,16245.212765957447,0.4403101981487487,0.5962605120953335,0.35399567789743025,0.32733708495278147,0.8016658135065974,0.9389542204020299,0.3031662355522085
2021-06-16,24788.0,949017.0,1288040.0,,,119205.0,94690.0,4745.0,2519444.0,2021,6,2,Wednesday,False,False,5598098.412698412,2141323.880597015,331925.3521126761,295093.58974358975,29288.636363636364,983069.7916666667,16168.181818181818,0.4500535385882168,0.6015157313058528,0.3591319531372657,0.3208812501900744,0.84633506634593,0.9653607587626768,0.29347764970480744
2021-06-17,23292.0,976995.0,1281552.0,,,121580.0,98435.0,4989.0,2552497.0,2021,6,3,Thursday,False,False,5622586.098901099,2148801.8537200503,332244.5887445888,295330.26737967914,29238.605737883066,983602.9172445678,16165.116279069767,0.45397206109460386,0.5964030595847405,0.3659352300044952,0.33330481455004785,0.7966180128015361,0.9932819259390985,0.30862753560638756
2021-06-18,22491.0,992677.0,1235675.0,,,122848.0,104304.0,4549.0,2572013.0,2021,6,4,Friday,False,False,5597701.612903226,2153018.4615384615,333809.45945945947,294857.4074074074,29278.571428571428,983598.0769230769,16175.0,0.45947661698709863,0.5739268018710048,0.36801833057376154,0.35374386866219076,0.7681727250548914,1.0092303180434472,0.2812364760432767
2021-06-19,13949.0,955520.0,841519.0,,,76508.0,66134.0,,1784312.0,2021,6,5,Saturday,True,False,3220746.987951807,1403253.9682539683,123109.57446808512,158940.54054054053,17338.235294117647,983351.923076923,5080.645161290323,0.5540056411369061,0.5996911600022623,0.6214626305920171,0.41609270847503743,0.8045224766751484,0.9716968844787159,
2021-06-20,13189.0,953899.0,652557.0,,,76969.0,60876.0,,1389352.0,2021,6,6,Sunday,True,False,2614790.909090909,1083173.4375,98477.77777777777,108991.8918918919,18115.88785046729,922322.9166666667,3888.6792452830186,0.5313434413320028,0.6024492268810829,0.7815874985896424,0.5585369603491457,0.7280349773008666,1.0342353884553268,
2021-06-21,20512.0,929097.0,1191844.0,,,123918.0,95740.0,4601.0,2264368.0,2021,6,0,Monday,False,False,5617044.604105571,2142238.6363636362,332142.8259141494,294851.81305398874,29239.31623931624,982727.9974489796,16141.036585365855,0.4031244470348239,0.5563544507922362,0.3730864866912095,0.32470548174133007,0.7015211926337328,0.9454264073190161,0.28504984643746245
2021-06-22,22293.0,899940.0,1172110.0,,,116165.0,97637.0,4648.0,2354873.0,2021,6,1,Tuesday,False,False,5609193.269617707,2142021.7741935486,332150.9479956663,295377.47002893756,29264.064407814407,980691.0496719775,16245.212765957447,0.4198238297038561,0.5471979856233201,0.3497355666180897,0.33054992308802256,0.7617875524510902,0.9176590326800809,0.28611505844602336
2021-06-23,24223.0,950036.0,1264095.0,,,121867.0,101864.0,5027.0,2547416.0,2021,6,2,Wednesday,False,False,5598098.412698412,2141323.880597015,331925.3521126761,295093.58974358975,29288.636363636364,983069.7916666667,16168.181818181818,0.45505023531233113,0.5903333967618024,0.3671518286395634,0.3451921815330208,0.8270443082175836,0.9663973077530312,0.31091931402867584
2021-06-24,22842.0,981805.0,1248843.0,,,121542.0,100509.0,5045.0,2552639.0,2021,6,3,Thursday,False,False,5622586.098901099,2148801.8537200503,332244.5887445888,295330.26737967914,29238.605737883066,983602.9172445678,16165.116279069767,0.45399731637704904,0.5811810883530173,0.3658208564336762,0.3403274608179079,0.7812274020441649,0.9981721107033675,0.31209178535462523
2021-06-25,22400.0,991962.0,1214123.0,,,126722.0,100537.0,4712.0,2582713.0,2021,6,4,Friday,False,False,5597701.612903226,2153018.4615384615,333809.45945945947,294857.4074074074,29278.571428571428,983598.0769230769,16175.0,0.4613881158021365,0.5639166694058145,0.3796237536383841,0.3409682018301376,0.7650646499146133,1.0085033951094002,0.29131375579598145
2021-06-26,13520.0,952815.0,841585.0,,,76560.0,66738.0,1682.0,1854179.0,2021,6,5,Saturday,True,False,3220746.987951807,1403253.9682539683,123109.57446808512,158940.54054054053,17338.235294117647,983351.923076923,5080.645161290323,0.5756984348463651,0.5997381935410893,0.621885018535641,0.4198928717181336,0.7797794741306192,0.9689460890243927,0.33106031746031744
2021-06-27,11883.0,902209.0,656004.0,,,75058.0,62411.0,1436.0,1559967.0,2021,6,6,Sunday,True,False,2614790.909090909,1083173.4375,98477.77777777777,108991.8918918919,18115.88785046729,922322.9166666667,3888.6792452830186,0.5965934004804834,0.6056315427325091,0.762182105381925,0.5726205767847844,0.6559435617003714,0.978192110048225,0.36927704997573996
2021-06-28,20503.0,927751.0,1152019.0,,,122263.0,101482.0,4564.0,2252362.0,2021,6,0,Monday,False,False,5617044.604105571,2142238.6363636362,332142.8259141494,294851.81305398874,29239.31623931624,982727.9974489796,16141.036585365855,0.4009870240933674,0.5377640849366371,0.36810369052379266,0.3441796709637942,0.7012133878982754,0.9440567506047532,0.28275755251914336
2021-06-29,21612.0,933165.0,1169268.0,,,119355.0,97829.0,4717.0,2343739.0,2021,6,1,Tuesday,False,False,5609193.269617707,2142021.7741935486,332150.9479956663,295377.47002893756,29264.064407814407,980691.0496719775,16245.212765957447,0.4178388740311202,0.5458712017249304,0.35933963374253947,0.33119993881190696,0.7385166906012184,0.9515382039146028,0.29036246357355683
2021-06-30,23001.0,948951.0,1139886.0,,,119358.0,99455.0,4476.0,2346388.0,2021,6,2,Wednesday,False,False,5598098.412698412,2141323.880597015,331925.3521126761,295093.58974358975,29288.636363636364,983069.7916666667,16168.181818181818,0.4191401842235544,0.5323276923816832,0.35959290015148493,0.3370286697397175,0.7853216419647707,0.9652936221254212,0.2768400337362946
2021-07-01,22011.0,936649.0,1104516.0,,,114363.0,90018.0,4598.0,2292461.0,2021,7,3,Thursday,False,False,5270933.763203144,2074822.8050595238,315829.3246659444,283431.8181818182,28327.380952380954,962791.050658464,13733.531914893618,0.4349250252400957,0.5323423269238228,0.36210380439170053,0.3176001924464758,0.7770220634587097,0.9728476384979013,0.3348009840799658
2021-07-02,21489.0,922888.0,1121116.0,,,116542.0,94252.0,4258.0,2296044.0,2021,7,4,Friday,False,False,5270115.625,2081210.3448275863,316553.4246575342,282100.0,28373.19587628866,960044.1176470588,13787.234042553193,0.43567241468255263,0.5386846182012788,0.368159024424019,0.3341084721729883,0.7573697405711795,0.9612974893923381,0.3088364197530864
2021-07-03,12676.0,779202.0,738089.0,,,63827.0,57381.0,1768.0,1541988.0,2021,7,5,Saturday,True,False,2828115.734700218,1350311.2121212122,127832.47422680413,154536.685660019,15865.753588516745,925137.4655501378,5089.622641509433,0.545235112226923,0.5466065847446615,0.4993019214097058,0.3713098915958267,0.7989535403584351,0.8422553717859037,0.34737349397590367
2021-07-04,12816.0,775329.0,615001.0,,,70165.0,63948.0,1815.0,1468510.0,2021,7,6,Sunday,True,False,2340581.787141905,1097483.6363636362,104631.02931379082,106196.31130063965,16527.62520777625,883173.5503696445,3581.034482758621,0.6274123844196892,0.5603737309812862,0.6705945689358898,0.6021678080603429,0.7754290068224725,0.8778897416883611,0.5068367838228214
2021-07-05,10303.0,840026.0,770321.0,,,78370.0,59711.0,2005.0,1495709.0,2021,7,0,Monday,False,False,5258977.525118984,2071709.7350230415,316438.35994194483,283053.1968124537,28358.00304878049,960258.5532746823,13839.36170212766,0.2844106088789873,0.3718286336050994,0.24766276760623493,0.2109532790034642,0.3633189538162163,0.8747914789567204,0.1448766238757783
2021-07-06,22648.0,906534.0,1181416.0,,,127893.0,100494.0,4690.0,2302002.0,2021,7,1,Tuesday,False,False,5285514.705882353,2077013.3333333335,316417.7215189873,282205.1282051282,28382.926829268294,961250.0,13800.0,0.43553033679729564,0.5688052074774034,0.40419038284594155,0.3561026712702163,0.7979444874108447,0.9430782834850455,0.3398550724637681
2021-07-07,23637.0,929636.0,1234617.0,,,122603.0,99137.0,5028.0,2437064.0,2021,7,2,Wednesday,False,False,5287003.448275862,2066837.931034483,316178.4810126582,284209.45945945947,28384.920634920636,960340.594059406,13769.811320754716,0.4609537375646592,0.5973458206188696,0.3877651622821592,0.3488166797422913,0.8327308821473507,0.9680273912720734,0.36514661551109895
2021-07-08,22941.0,904145.0,1164513.0,,,116274.0,93197.0,4785.0,2364250.0,2021,7,3,Thursday,False,False,5270933.763203144,2074822.8050595238,315829.3246659444,283431.8181818182,28327.380952380954,962791.050658464,13733.531914893618,0.4485448131610074,0.5612590131361082,0.36815454082037535,0.32881629380161975,0.8098524900189115,0.9390874576385445,0.3484172920449405
2021-07-09,20632.0,891652.0,1115969.0,,,109420.0,88347.0,4325.0,2318387.0,2021,7,4,Friday,False,False,5270115.625,2081210.3448275863,316553.4246575342,282100.0,28373.19587628866,960044.1176470588,13787.234042553193,0.4399119801095446,0.5362115380473232,0.3456604524761559,0.31317617866004965,0.7271651769493496,0.9287614846131459,0.31369598765432094
2021-07-10,14518.0,928279.0,855908.0,,,72964.0,64429.0,2204.0,1781717.0,2021,7,5,Saturday,True,False,2828115.734700218,1350311.2121212122,127832.47422680413,154536.685660019,15865.753588516745,925137.4655501378,5089.622641509433,0.6300014451809071,0.6338598038117812,0.570778281820198,0.41691718522903953,0.9150526584824678,1.0033957488123066,0.43303799814643196
2021-07-11,11725.0,831831.0,635511.0,,,62559.0,53178.0,1549.0,1365854.0,2021,7,6,Sunday,True,False,2340581.787141905,1097483.6363636362,104631.02931379082,106196.31130063965,16527.62520777625,883173.5503696445,3581.034482758621,0.5835532035254578,0.5790619367279861,0.5979010281202926,0.5007518561492605,0.7094183134358217,0.9418658423951266,0.4325565719788156
2021-07-12,20623.0,868819.0,1171521.0,,,120503.0,99023.0,4563.0,2245412.0,2021,7,0,Monday,False,False,5258977.525118984,2071709.7350230415,316438.35994194483,283053.1968124537,28358.00304878049,960258.5532746823,13839.36170212766,0.4269674074998443,0.5654851064292413,0.38081034177432854,0.34983883282410333,0.7272373856694,0.9047761116390431,0.3297117380275194
2021-07-13,22286.0,898686.0,1239045.0,,,123373.0,105314.0,5117.0,2457526.0,2021,7,1,Tuesday,False,False,5285514.705882353,2077013.3333333335,316417.7215189873,282205.1282051282,28382.926829268294,961250.0,13800.0,0.46495490727988537,0.5965512980176664,0.38990546865623876,0.37318244593857897,0.7851903411532182,0.9349139141742523,0.37079710144927536
2021-07-14,23662.0,922118.0,1260044.0,,,120455.0,101843.0,5018.0,2517615.0,2021,7,2,Wednesday,False,False,5287003.448275862,2066837.931034483,316178.4810126582,284209.45945945947,28384.920634920636,960340.594059406,13769.811320754716,0.47618940003169774,0.6096481882202197,0.3809715310612096,0.35833782659344315,0.8336116314832936,0.960198918700461,0.36442038914771174
2021-07-15,23772.0,974213.0,1275846.0,,,125587.0,105171.0,5209.0,2581582.0,2021,7,3,Thursday,False,False,5270933.763203144,2074822.8050595238,315829.3246659444,283431.8181818182,28327.380952380954,962791.050658464,13733.531914893618,0.48977697614457855,0.6149180531893169,0.3976419863254767,0.37106278566273754,0.8391880647194788,1.0118633729859916,0.3792906320296959
2021-07-16,21730.0,986778.0,1219118.0,,,123465.0,104331.0,4626.0,2536569.0,2021,7,4,Friday,False,False,5270115.625,2081210.3448275863,316553.4246575342,282100.0,28373.19587628866,960044.1176470588,13787.234042553193,0.48131183080067624,0.5857735634602543,0.3900289505115023,0.3698369372562921,0.7658636726982051,1.027846514406507,0.33552777777777776
2021-07-17,13228.0,899370.0,795347.0,,,73001.0,64513.0,,1717480.0,2021,7,5,Saturday,True,False,2828115.734700218,1350311.2121212122,127832.47422680413,154536.685660019,15865.753588516745,925137.4655501378,5089.622641509433,0.6072877354087682,0.589010142891863,0.5710677231395794,0.41746074548232986,0.8337454584933244,0.9721474196974446,
2021-07-18,11313.0,840618.0,640618.0,,,67362.0,56174.0,,1405344.0,2021,7,6,Sunday,True,False,2340581.787141905,1097483.6363636362,104631.02931379082,106196.31130063965,16527.62520777625,883173.5503696445,3581.034482758621,0.60042507709849,0.5837153090706675,0.6438051927978252,0.5289637588350176,0.6844903522302304,0.951815189266217,
2021-07-19,20276.0,900042.0,1208792.0,,,126653.0,103403.0,4717.0,2327756.0,2021,7,0,Monday,False,False,5258977.525118984,2071709.7350230415,316438.35994194483,283053.1968124537,28358.00304878049,960258.5532746823,13839.36170212766,0.442625204021448,0.5834755610619148,0.40024540647738255,0.3653129558840952,0.7150009810324761,0.9372913127726578,0.34083941886386343
2021-07-20,22213.0,927426.0,1217802.0,,,125809.0,107009.0,5015.0,2462002.0,2021,7,1,Tuesday,False,False,5285514.705882353,2077013.3333333335,316417.7215189873,282205.1282051282,28382.926829268294,961250.0,13800.0,0.4658017500660796,0.5863236313681183,0.39760415249829983,0.3791887152462293,0.7826183724327576,0.9648124837451235,0.36340579710144927
2021-07-21,22865.0,917932.0,1225595.0,,,121530.0,104862.0,4934.0,2504568.0,2021,7,2,Wednesday,False,False,5287003.448275862,2066837.931034483,316178.4810126582,284209.45945945947,28384.920634920636,960340.594059406,13769.811320754716,0.47372165055363474,0.592980698484942,0.38437150944227144,0.36896027387490193,0.8055333426534321,0.9558400484976453,0.358320087695259
2021-07-22,23122.0,966822.0,1279778.0,,,127275.0,102275.0,5187.0,2582151.0,2021,7,3,Thursday,False,False,5270933.763203144,2074822.8050595238,315829.3246659444,283431.8181818182,28327.380952380954,962791.050658464,13733.531914893618,0.4898849266568715,0.6168131547808416,0.4029866451907845,0.36084516077299333,0.8162420676612733,1.0041867332883696,0.37768871344558125
2021-07-23,22314.0,988320.0,1219255.0,,,130474.0,101070.0,4713.0,2552330.0,2021,7,4,Friday,False,False,5270115.625,2081210.3448275863,316553.4246575342,282100.0,28373.19587628866,960044.1176470588,13787.234042553193,0.4843024672727176,0.5858393905403189,0.4121705526994513,0.35827720666430346,0.7864464791802921,1.0294526905932633,0.3418379629629629
2021-07-24,14042.0,952994.0,856250.0,,,84852.0,68579.0,,1852402.0,2021,7,5,Saturday,True,False,2828115.734700218,1350311.2121212122,127832.47422680413,154536.685660019,15865.753588516745,925137.4655501378,5089.622641509433,0.6549951182236027,0.634113078758275,0.6637749954636182,0.4437716501237378,0.8850509319748459,1.030110697585139,
2021-07-25,11419.0,866473.0,625645.0,,,66417.0,53090.0,,1364830.0,2021,7,6,Sunday,True,False,2340581.787141905,1097483.6363636362,104631.02931379082,106196.31130063965,16527.62520777625,883173.5503696445,3581.034482758621,0.583115705461675,0.5700722810528549,0.6347734552129266,0.4999232021317884,0.6909038568122514,0.9810902960548867,
2021-07-26,19910.0,910160.0,1219135.0,,,129875.0,101260.0,4714.0,2318455.0,2021,7,0,Monday,False,False,5258977.525118984,2071709.7350230415,316438.35994194483,283053.1968124537,28358.00304878049,960258.5532746823,13839.36170212766,0.4408566092793,0.5884680558236798,0.4104274842779094,0.3577419408800855,0.7020945715307062,0.9478280582830159,0.34062264586055807
2021-07-27,22609.0,922003.0,1267804.0,,,128262.0,102950.0,5132.0,2487947.0,2021,7,1,Tuesday,False,False,5285514.705882353,2077013.3333333335,316417.7215189873,282205.1282051282,28382.926829268294,961250.0,13800.0,0.47071044892394587,0.6103976222267872,0.4053565627875345,0.3648055606033073,0.7965704219300507,0.9591708712613785,0.3718840579710145
2021-07-28,23145.0,935188.0,1276296.0,,,126767.0,99976.0,5004.0,2534756.0,2021,7,2,Wednesday,False,False,5287003.448275862,2066837.931034483,316178.4810126582,284209.45945945947,28384.920634920636,960340.594059406,13769.811320754716,0.4794315011893185,0.6175114075641117,0.4009349390065698,0.35176872786059005,0.8153977352159932,0.9738086734904283,0.36340367223896963
2021-07-29,22164.0,921330.0,1186642.0,,,120318.0,94716.0,4743.0,2428764.0,2021,7,3,Thursday,False,False,5270933.763203144,2074822.8050595238,315829.3246659444,283431.8181818182,28327.380952380954,962791.050658464,13733.531914893618,0.4607843902261525,0.5719245022304239,0.3809589249739918,0.33417560740918933,0.782423198150872,0.9569366056839558,0.34535908383890335
2021-07-30,22127.0,991877.0,1235623.0,,,131905.0,103531.0,4812.0,2557677.0,2021,7,4,Friday,False,False,5270115.625,2081210.3448275863,316553.4246575342,282100.0,28373.19587628866,960044.1176470588,13787.234042553193,0.48531705601810204,0.5937040448943005,0.41669111665022246,0.36700106345267636,0.7798557517622265,1.0331577286583031,0.3490185185185185
2021-07-31,13932.0,956181.0,857333.0,,,85371.0,67121.0,,1841007.0,2021,7,5,Saturday,True,False,2828115.734700218,1350311.2121212122,127832.47422680413,154536.685660019,15865.753588516745,925137.4655501378,5089.622641509433,0.6509659337527599,0.6349151160888388,0.66783499667332,0.43433699715591373,0.8781177598827483,1.0335555910400862,
2021-08-01,11627.0,871374.0,629963.0,,,66030.0,51978.0,,1351294.0,2021,8,6,Sunday,True,False,2381887.720588235,1099990.1639344264,104098.1819912431,103998.25949367089,17984.8125,919344.6279761905,3612.239583333333,0.5673206122689453,0.5726987573659377,0.6343050256685036,0.4997968259571043,0.64648992031471,0.9478208426781247,
2021-08-02,19824.0,906502.0,1208484.0,,,126151.0,102349.0,4799.0,2333923.0,2021,8,0,Monday,False,False,5126568.518518518,2019618.5185185184,312460.0,272998.3333333334,28005.31914893617,972075.8241758242,13400.0,0.4552602762587205,0.5983724098977254,0.40373487806439223,0.3749070507145953,0.7078655270655271,0.932542480180061,0.35813432835820896
2021-08-03,22828.0,907760.0,1262043.0,,,123949.0,103249.0,5262.0,2483802.0,2021,8,1,Tuesday,False,False,5146831.5476190485,2013055.0,312109.3058350101,272936.40116561437,27963.24375294672,971388.4801288936,13413.723776223775,0.48258855511776366,0.6269292195195859,0.39713330452736645,0.3782895925902892,0.8163573654645994,0.9344973906624353,0.3922848038161522
2021-08-04,23611.0,923926.0,1257876.0,,,123700.0,99332.0,5016.0,2529002.0,2021,8,2,Wednesday,False,False,5145409.141791045,2012229.337686567,312848.643761302,273273.76395534293,27967.2903453136,972300.5,13316.638297872341,0.4915064925468084,0.6251156249645794,0.39539886928319534,0.3634889737026945,0.8442362384225911,0.9502473772254565,0.37667164098024863
2021-08-05,22610.0,959300.0,1259332.0,,,119999.0,98290.0,5097.0,2529190.0,2021,8,3,Thursday,False,False,5138942.700341006,2014691.217948718,311722.78138528136,273115.0462962963,27957.998182919444,973126.8103280916,13384.991496598639,0.4921615490735419,0.6250744475285915,0.3849542194726035,0.3598849691106634,0.8087131221652797,0.985791358144341,0.3807996442355034
2021-08-06,22179.0,982889.0,1222343.0,,,123238.0,101218.0,4500.0,2519444.0,2021,8,4,Friday,False,False,5142805.084745763,2022153.5714285711,312300.0,272525.0,27989.423076923074,970850.4854368932,13316.666666666668,0.4898968478259078,0.6044758505341724,0.3946141530579571,0.3714081276947069,0.7924064722250851,1.0123999675992224,0.33792240300375465
2021-08-07,14108.0,926001.0,836715.0,,,76835.0,67267.0,,1780458.0,2021,8,5,Saturday,True,False,2945506.25,1374088.888888889,133403.7037037037,151762.5,16640.145985401457,957488.7755102041,4719.444444444444,0.604465870680125,0.6089234886955396,0.5759585218912241,0.4432386129643357,0.8478291003202177,0.9671142092569955,
2021-08-08,11934.0,845442.0,598574.0,,,61066.0,54265.0,,1333885.0,2021,8,6,Sunday,True,False,2381887.720588235,1099990.1639344264,104098.1819912431,103998.25949367089,17984.8125,919344.6279761905,3612.239583333333,0.5600117035200053,0.5441630476576541,0.5866192745338912,0.5217875786017597,0.6635598786476089,0.9196137925569033,
2021-08-09,20540.0,894251.0,1183050.0,,,109865.0,95599.0,4845.0,2289434.0,2021,8,0,Monday,False,False,5126568.518518518,2019618.5185185184,312460.0,272998.3333333334,28005.31914893617,972075.8241758242,13400.0,0.44658215173170135,0.5857789424845543,0.3516130064648275,0.35018162504044587,0.7334320987654321,0.9199395538493018,0.36156716417910445
2021-08-10,23079.0,908343.0,1245670.0,,,122544.0,95330.0,5037.0,2442194.0,2021,8,1,Tuesday,False,False,5146831.5476190485,2013055.0,312109.3058350101,272936.40116561437,27963.24375294672,971388.4801288936,13413.723776223775,0.4745043581482226,0.6187958103479537,0.392631676495991,0.3492755073814979,0.8253334342718367,0.9350975624906236,0.37551093820257675
2021-08-11,23338.0,934364.0,1246306.0,,,119708.0,94737.0,4928.0,2475949.0,2021,8,2,Wednesday,False,False,5145409.141791045,2012229.337686567,312848.643761302,273273.76395534293,27967.2903453136,972300.5,13316.638297872341,0.48119574785420405,0.6193657833420028,0.38263870528821947,0.3466743335649355,0.8344748351322023,0.9609827414467029,0.3700633665770864
2021-08-12,22427.0,968699.0,1223666.0,,,119717.0,90818.0,4764.0,2448589.0,2021,8,3,Thursday,False,False,5138942.700341006,2014691.217948718,311722.78138528136,273115.0462962963,27957.998182919444,973126.8103280916,13384.991496598639,0.4764771943920524,0.6073714865575729,0.38404956951809327,0.3325265349953427,0.8021675891552732,0.9954499143574117,0.3559210329876277
2021-08-13,21336.0,982039.0,1189426.0,,,123849.0,91861.0,4522.0,2430102.0,2021,8,4,Friday,False,False,5142805.084745763,2022153.5714285711,312300.0,272525.0,27989.423076923074,970850.4854368932,13316.666666666668,0.4725246164214939,0.588197660556373,0.3965706051873199,0.3370736629667003,0.7622879521797383,1.0115244465867181,0.33957446808510633
2021-08-14,13157.0,907113.0,811826.0,,,75664.0,57650.0,,1718222.0,2021,8,5,Saturday,True,False,2945506.25,1374088.888888889,133403.7037037037,151762.5,16640.145985401457,957488.7755102041,4719.444444444444,0.5833367354083869,0.5908103955752498,0.5671806546544879,0.3798698624495511,0.7906781594069396,0.9473876072506844,
2021-08-15,12395.0,920539.0,661705.0,,,72983.0,54362.0,,1430620.0,2021,8,6,Sunday,True,False,2381887.720588235,1099990.1639344264,104098.1819912431,103998.25949367089,17984.8125,919344.6279761905,3612.239583333333,0.6006244491015268,0.6015553790346858,0.7010977387303406,0.5227202865189139,0.6891926173820272,1.0012991559285431,
2021-08-16,20087.0,914067.0,1170216.0,,,123942.0,100258.0,4769.0,2287627.0,2021,8,0,Monday,False,False,5126568.518518518,2019618.5185185184,312460.0,272998.3333333334,28005.31914893617,972075.8241758242,13400.0,0.44622967424242704,0.5794242770453533,0.3966651731421622,0.36724766329464764,0.7172566001899335,0.9403247949047524,0.3558955223880597
2021-08-17,22245.0,912824.0,1209633.0,,,120737.0,103616.0,5081.0,2427611.0,2021,8,1,Tuesday,False,False,5146831.5476190485,2013055.0,312109.3058350101,272936.40116561437,27963.24375294672,971388.4801288936,13413.723776223775,0.47167096446415185,0.6008941633487411,0.3868420381666705,0.37963422818463527,0.7955085681951994,0.9397105469882423,0.3787911608114537
2021-08-18,22715.0,921094.0,1210760.0,,,117216.0,97853.0,4878.0,2445638.0,2021,8,2,Wednesday,False,False,5145409.141791045,2012229.337686567,312848.643761302,273273.76395534293,27967.2903453136,972300.5,13316.638297872341,0.47530486548416784,0.6017007988721575,0.374673192092959,0.3580768185854485,0.8121988122387512,0.9473346974520738,0.3663086652116533
2021-08-19,21838.0,942417.0,1194375.0,,,117409.0,93036.0,4871.0,2439624.0,2021,8,3,Thursday,False,False,5138942.700341006,2014691.217948718,311722.78138528136,273115.0462962963,27957.998182919444,973126.8103280916,13384.991496598639,0.4747326721191333,0.5928327821948155,0.3766455549967825,0.3406476547581614,0.7811002725274382,0.9684421290194053,0.3639150612264346
2021-08-20,21451.0,973262.0,1183308.0,,,124627.0,99533.0,4590.0,2456334.0,2021,8,4,Friday,False,False,5142805.084745763,2022153.5714285711,312300.0,272525.0,27989.423076923074,970850.4854368932,13316.666666666668,0.47762533471972524,0.5851721732311557,0.3990617995517131,0.36522520869644987,0.766396647085094,1.0024839196140707,0.34468085106382973
2021-08-21,13046.0,944121.0,822340.0,,,72843.0,61997.0,1409.0,1715030.0,2021,8,5,Saturday,True,False,2945506.25,1374088.888888889,133403.7037037037,151762.5,16640.145985401457,957488.7755102041,4719.444444444444,0.5822530507276975,0.598462011191254,0.5460343152225214,0.4085133020344288,0.784007544852393,0.9860387130877006,0.2985520894643908
2021-08-22,7979.0,490927.0,369246.0,,,27528.0,16121.0,560.0,745240.0,2021,8,6,Sunday,True,False,2381887.720588235,1099990.1639344264,104098.1819912431,103998.25949367089,17984.8125,919344.6279761905,3612.239583333333,0.31287788822218465,0.33568118343830194,0.2644426585885592,0.15501220961280693,0.4436521092449532,0.5339967027171384,0.1550284766779612
2021-08-23,18809.0,824488.0,1032792.0,,,110003.0,84223.0,4062.0,2052669.0,2021,8,0,Monday,False,False,5126568.518518518,2019618.5185185184,312460.0,272998.3333333334,28005.31914893617,972075.8241758242,13400.0,0.4003982376486763,0.5113797435159189,0.3520546629968636,0.30851104097094606,0.6716224121557455,0.8481725185368573,0.30313432835820897
2021-08-24,22679.0,946414.0,1234884.0,,,130591.0,98325.0,5041.0,2462365.0,2021,8,1,Tuesday,False,False,5146831.5476190485,2013055.0,312109.3058350101,272936.40116561437,27963.24375294672,971388.4801288936,13413.723776223775,0.47842346834512256,0.6134377848593308,0.4184143104949077,0.36024875971137915,0.8110289421487492,0.9742899152709946,0.37580914025792916
2021-08-25,23351.0,960229.0,1236342.0,,,127392.0,93307.0,5165.0,2498255.0,2021,8,2,Wednesday,False,False,5145409.141791045,2012229.337686567,312848.643761302,273273.76395534293,27967.2903453136,972300.5,13316.638297872341,0.4855308744467291,0.6144140614813844,0.4072001031182282,0.3414414858180377,0.8349396638603162,0.9875845996170937,0.3878606510492393
2021-08-26,22068.0,973060.0,1222996.0,,,122067.0,91039.0,4995.0,2480137.0,2021,8,3,Thursday,False,False,5138942.700341006,2014691.217948718,311722.78138528136,273115.0462962963,27957.998182919444,973126.8103280916,13384.991496598639,0.48261620037822667,0.6070389293924694,0.39158831913901193,0.3333357178030897,0.789326898714878,0.9999313446845955,0.37317916871813606
2021-08-27,21211.0,977573.0,1147249.0,,,119665.0,90532.0,4392.0,2388210.0,2021,8,4,Friday,False,False,5142805.084745763,2022153.5714285711,312300.0,272525.0,27989.423076923074,970850.4854368932,13316.666666666668,0.46437886730021044,0.5673401942412881,0.38317323086775534,0.33219704614255574,0.7578219794565255,1.0069243561845485,0.3298122653316646
2021-08-28,12760.0,892823.0,776489.0,,,68988.0,56208.0,1661.0,1659434.0,2021,8,5,Saturday,True,False,2945506.25,1374088.888888889,133403.7037037037,151762.5,16640.145985401457,957488.7755102041,4719.444444444444,0.5633781968719299,0.565093718666106,0.5171370665482107,0.3703681739560168,0.7668201956397773,0.932463150311348,0.35194820482636846
2021-08-29,11558.0,888164.0,630281.0,,,68832.0,54068.0,2076.0,1398566.0,2021,8,6,Sunday,True,False,2381887.720588235,1099990.1639344264,104098.1819912431,103998.25949367089,17984.8125,919344.6279761905,3612.239583333333,0.5871670557395575,0.5729878508600672,0.6612219222597976,0.5198933161308383,0.6426533498750682,0.9660838525321779,0.574712709970442
2021-08-30,19224.0,914180.0,1182908.0,,,131574.0,97092.0,4695.0,2321000.0,2021,8,0,Monday,False,False,5126568.518518518,2019618.5185185184,312460.0,272998.3333333334,28005.31914893617,972075.8241758242,13400.0,0.4527394867767661,0.5857086321765937,0.42109069960955003,0.35565052289696514,0.6864410256410256,0.9404410409806135,0.3503731343283582
2021-08-31,22724.0,939263.0,1246463.0,,,133641.0,99949.0,5390.0,2532584.0,2021,8,1,Tuesday,False,False,5146831.5476190485,2013055.0,312109.3058350101,272936.40116561437,27963.24375294672,971388.4801288936,13413.723776223775,0.49206661934983803,0.6191897389788158,0.428186527929566,0.3661988638127906,0.8126381975125966,0.9669282879238686,0.4018272695874307
2021-09-01,20878.0,813871.0,1086148.0,,,118437.0,90598.0,4551.0,2294448.0,2021,9,2,Wednesday,False,False,5785243.432835821,2325995.1836158196,327301.2780853142,288897.5016655563,29776.363636363632,953917.4934330168,17181.72682526661,0.3966035356398656,0.46696055419665783,0.3618592652398023,0.3135991120646009,0.7011601636441351,0.8531880436231346,0.2648744242230368
2021-09-02,21179.0,854132.0,1188941.0,,,105647.0,37898.0,2620.0,1661558.0,2021,9,3,Thursday,False,False,5772755.223880596,2314074.193548387,328298.75,287986.88524590165,29723.364485981307,952776.6990291262,17116.666666666668,0.28782755124043824,0.5137868972890991,0.3218014080163266,0.13159627032196367,0.7125371022512892,0.8964660878780468,0.15306718597857838
2021-09-03,22585.0,1018830.0,1221668.0,,,139807.0,97937.0,4450.0,2390392.0,2021,9,4,Friday,False,False,5751001.871657753,2323600.806451613,327431.3093453273,287666.21052631584,29691.265201908216,951014.2857142857,17050.0,0.4156479259345047,0.5257650094663281,0.42698115913085066,0.3404536105259421,0.7606614216812995,1.0713088281684218,0.26099706744868034
2021-09-04,13382.0,930187.0,834456.0,,,84764.0,57137.0,2104.0,1777639.0,2021,9,5,Saturday,True,False,3220394.520547945,1402825.0,118303.61445783133,152795.5223880597,17135.164835164833,953082.0,4144.68085106383,0.5519941698626222,0.5948396984655963,0.7164954375101842,0.37394420403817413,0.7809671006220741,0.975977932643781,0.5076386036960985
2021-09-05,11931.0,834523.0,618622.0,,,71004.0,45169.0,1541.0,1415352.0,2021,9,6,Sunday,True,False,2544627.2727272725,1099881.6666666667,99359.68992248061,105071.27659574468,17174.418604651164,886614.1509433961,2926.9662921348313,0.5562119117284546,0.5624441417182757,0.7146157567057282,0.42988913301001347,0.6946960054163845,0.9412471018108961,0.5264836852207294
2021-09-06,10077.0,815200.0,733947.0,,,77906.0,51338.0,1966.0,1521388.0,2021,9,0,Monday,False,False,5744982.089552239,2314379.365079365,326433.3333333333,287153.94736842107,29658.97435897436,951296.9072164949,17097.56097560976,0.26482032080949036,0.3171247596976528,0.23865822526294292,0.17878214968130976,0.33976225469006655,0.8569354045155935,0.11498716119828814
2021-09-07,21143.0,905491.0,1102372.0,,,137623.0,113742.0,4795.0,2233674.0,2021,9,1,Tuesday,False,False,5762951.365079366,2323449.6794871795,327453.04878048785,288018.6728395062,29693.90243902439,952311.3494623655,17075.012370113807,0.38759202681024857,0.4744548632718012,0.420283153607946,0.3949118953942994,0.7120317056141936,0.9508350399385681,0.2808197087102925
2021-09-08,22354.0,899077.0,1192895.0,,,135722.0,110925.0,5228.0,2529619.0,2021,9,2,Wednesday,False,False,5785243.432835821,2325995.1836158196,327301.2780853142,288897.5016655563,29776.363636363632,953917.4934330168,17181.72682526661,0.4372536833355043,0.5128535984952531,0.4146699358889236,0.3839597066796822,0.7507296818709166,0.9425102340500607,0.3042767501292104
2021-09-09,23653.0,914235.0,1249341.0,,,139547.0,111708.0,5378.0,2702713.0,2021,9,3,Thursday,False,False,5772755.223880596,2314074.193548387,328298.75,287986.88524590165,29723.364485981307,952776.6990291262,17116.666666666668,0.46818423702073514,0.5398880483102697,0.42506101530998824,0.3878926636003461,0.7957712866306126,0.9595480251895329,0.31419668938656276
2021-09-10,23037.0,999007.0,1322430.0,,,150895.0,113495.0,5377.0,2840443.0,2021,9,4,Friday,False,False,5751001.871657753,2323600.806451613,327431.3093453273,287666.21052631584,29691.265201908216,951014.2857142857,17050.0,0.49390402983493187,0.5691296010606451,0.460844750313287,0.3945371261795011,0.7758847540966171,1.0504647669405598,0.315366568914956
2021-09-11,13070.0,913939.0,870791.0,,,82235.0,65329.0,2182.0,1983091.0,2021,9,5,Saturday,True,False,3220394.520547945,1402825.0,118303.61445783133,152795.5223880597,17135.164835164833,953082.0,4144.68085106383,0.6157913222578022,0.6207410047582557,0.6951182377383086,0.4275583405780821,0.7627589302892325,0.9589300815669586,0.5264579055441478
2021-09-12,12239.0,906691.0,694561.0,,,77028.0,58979.0,1679.0,1589976.0,2021,9,6,Sunday,True,False,2544627.2727272725,1099881.6666666667,99359.68992248061,105071.27659574468,17174.418604651164,886614.1509433961,2926.9662921348313,0.6248365004340697,0.6314870236040543,0.775243965234759,0.5613237214859214,0.712629654705484,1.0226444040344282,0.5736314779270634
2021-09-13,21898.0,916302.0,1441516.0,,,147829.0,122504.0,6133.0,2852796.0,2021,9,0,Monday,False,False,5744982.089552239,2314379.365079365,326433.3333333333,287153.94736842107,29658.97435897436,951296.9072164949,17097.56097560976,0.4965717830849401,0.6228520793740171,0.4528612274073318,0.42661436878256204,0.7383262730180686,0.9632134752557008,0.35870613409415114
2021-09-14,23132.0,911375.0,1511145.0,,,144904.0,120532.0,6672.0,3011275.0,2021,9,1,Tuesday,False,False,5762951.365079366,2323449.6794871795,327453.04878048785,288018.6728395062,29693.90243902439,952311.3494623655,17075.012370113807,0.522523063138592,0.6503885207161157,0.44251840237755175,0.4184867557776872,0.7790151546264734,0.9570136914933584,0.3907464226308804
2021-09-15,23966.0,908014.0,1503627.0,,,139927.0,116413.0,6410.0,2987334.0,2021,9,2,Wednesday,False,False,5785243.432835821,2325995.1836158196,327301.2780853142,288897.5016655563,29776.363636363632,953917.4934330168,17181.72682526661,0.5163713566562338,0.6464445887899789,0.4275174262030431,0.4029560634095276,0.8048665811809246,0.9518789688321823,0.37307076670394773
2021-09-16,20826.0,867301.0,1210069.0,,,127995.0,107680.0,5308.0,2534545.0,2021,9,3,Thursday,False,False,5772755.223880596,2314074.193548387,328298.75,287986.88524590165,29723.364485981307,952776.6990291262,17116.666666666668,0.4390529135056956,0.5229171144873656,0.389873552671157,0.37390591556992575,0.7006609231543203,0.9102877944892802,0.3101071080817916
2021-09-17,23282.0,985494.0,1456201.0,,,142120.0,119349.0,6131.0,3028545.0,2021,9,4,Friday,False,False,5751001.871657753,2323600.806451613,327431.3093453273,287666.21052631584,29691.265201908216,951014.2857142857,17050.0,0.5266117221984155,0.6267001612139113,0.43404523618757646,0.4148871005101306,0.7841363391447428,1.0362557269681993,0.3595894428152493
2021-09-18,14054.0,951954.0,871175.0,,,77267.0,76288.0,2582.0,2014848.0,2021,9,5,Saturday,True,False,3220394.520547945,1402825.0,118303.61445783133,152795.5223880597,17135.164835164833,953082.0,4144.68085106383,0.6256525364032656,0.6210147381177268,0.6531245926348379,0.4992816465278931,0.8201846982620408,0.998816471195553,0.6229671457905543
2021-09-19,12612.0,917099.0,674024.0,,,69397.0,64139.0,1897.0,1596823.0,2021,9,6,Sunday,True,False,2544627.2727272725,1099881.6666666667,99359.68992248061,105071.27659574468,17174.418604651164,886614.1509433961,2926.9662921348313,0.6275272677906034,0.6128150149485777,0.6984421957651319,0.6104332418722853,0.7343480027081922,1.0343834451820633,0.6481113243761997
2021-09-20,21889.0,898321.0,1481676.0,,,148068.0,122101.0,6548.0,2883211.0,2021,9,0,Monday,False,False,5744982.089552239,2314379.365079365,326433.3333333333,287153.94736842107,29658.97435897436,951296.9072164949,17097.56097560976,0.5018659684324127,0.6402044636053822,0.453593383028694,0.42521094039965723,0.7380228235497536,0.944311910598445,0.3829786019971469
2021-09-21,22399.0,863190.0,1505803.0,,,142672.0,123923.0,6998.0,3018312.0,2021,9,1,Tuesday,False,False,5762951.365079366,2323449.6794871795,327453.04878048785,288018.6728395062,29693.90243902439,952311.3494623655,17075.012370113807,0.5237441388607715,0.648089353212226,0.43570215800812995,0.43026029798093723,0.7543299519487453,0.906415743640271,0.4098386489165019
2021-09-22,23157.0,875747.0,1506211.0,,,139853.0,120056.0,6812.0,3021113.0,2021,9,2,Wednesday,False,False,5785243.432835821,2325995.1836158196,327301.2780853142,288897.5016655563,29776.363636363632,953917.4934330168,17181.72682526661,0.5222101775100422,0.6475555111247291,0.4272913348158267,0.4155660720769523,0.7776973804726142,0.9180531922612174,0.3964677165034777
2021-09-23,23031.0,918503.0,1483075.0,,,140127.0,115473.0,6724.0,3016106.0,2021,9,3,Thursday,False,False,5772755.223880596,2314074.193548387,328298.75,287986.88524590165,29723.364485981307,952776.6990291262,17116.666666666668,0.5224725253416331,0.6408934528265328,0.42682769885660543,0.40096617559998177,0.7748449880518175,0.9640275637890274,0.3928334956183057
2021-09-24,21941.0,989979.0,1469705.0,,,142827.0,116730.0,6294.0,3121747.0,2021,9,4,Friday,False,False,5751001.871657753,2323600.806451613,327431.3093453273,287666.21052631584,29691.265201908216,951014.2857142857,17050.0,0.5428179419284629,0.6325118307410112,0.4362044676960525,0.40578279870419987,0.7389715409833691,1.0409717444532904,0.36914956011730204
2021-09-25,13909.0,956397.0,872490.0,,,88460.0,81282.0,2719.0,2129492.0,2021,9,5,Saturday,True,False,3220394.520547945,1402825.0,118303.61445783133,152795.5223880597,17135.164835164833,953082.0,4144.68085106383,0.6612519014091697,0.6219521323044571,0.7477370865243604,0.5319658503707032,0.8117225678188932,1.0034781897045584,0.6560215605749486
2021-09-26,12034.0,893367.0,657257.0,,,80069.0,64937.0,2238.0,1614677.0,2021,9,6,Sunday,True,False,2544627.2727272725,1099881.6666666667,99359.68992248061,105071.27659574468,17174.418604651164,886614.1509433961,2926.9662921348313,0.6345436195334913,0.5975706477515005,0.8058499383650352,0.6180280863041299,0.7006932972241029,1.0076164462854766,0.7646142034548945
2021-09-27,21209.0,884188.0,1489441.0,,,146154.0,121534.0,6715.0,2873368.0,2021,9,0,Monday,False,False,5744982.089552239,2314379.365079365,326433.3333333333,287153.94736842107,29658.97435897436,951296.9072164949,17097.56097560976,0.5001526471641183,0.6435595747497186,0.44773001123251305,0.423236389796414,0.7150955303881732,0.9294553501568125,0.3927460770328102
2021-09-28,21727.0,834083.0,1457421.0,,,141188.0,118253.0,6827.0,2927715.0,2021,9,1,Tuesday,False,False,5762951.365079366,2323449.6794871795,327453.04878048785,288018.6728395062,29693.90243902439,952311.3494623655,17075.012370113807,0.5080235480973351,0.6272660057443873,0.43117021058688354,0.4105740743618196,0.7316990430818514,0.8758511598868246,0.3998240148832464
2021-09-29,23323.0,889846.0,1513184.0,,,137483.0,120032.0,6789.0,3063720.0,2021,9,2,Wednesday,False,False,5785243.432835821,2325995.1836158196,327301.2780853142,288897.5016655563,29776.363636363632,953917.4934330168,17181.72682526661,0.5295749497092848,0.6505533677192386,0.42005029984687,0.41548299763061186,0.7832722720889053,0.9328332965124349,0.39512908504728567
2021-09-30,23555.0,956940.0,1516081.0,,,144838.0,121842.0,7104.0,3146861.0,2021,9,3,Thursday,False,False,5772755.223880596,2314074.193548387,328298.75,287986.88524590165,29723.364485981307,952776.6990291262,17116.666666666668,0.5451228881110601,0.6551566083001215,0.4411774336636981,0.423081766018489,0.7924742170796126,1.0043696502812425,0.41503407984420637
2021-10-01,23098.0,989671.0,1492942.0,,,140003.0,116182.0,6325.0,3162881.0,2021,10,4,Friday,False,False,5756068.412698412,2247057.401129944,314450.7211538461,291025.6581256581,29758.2427184466,926983.2165109033,17936.086956521736,0.5494863461008205,0.6643986928190027,0.445230335253399,0.3992156593623622,0.7761883058263371,1.0676255862808919,0.35264102004702697
2021-10-02,14145.0,926150.0,883902.0,,,86563.0,80946.0,2562.0,2063660.0,2021,10,5,Saturday,True,False,3329512.5,1388290.625,113551.48514851485,152183.58208955222,17687.96992481203,946215.6862745098,4541.772151898734,0.6198084554420504,0.6366836915001137,0.7623238030465528,0.5318970606984887,0.7996960680127524,0.978793750129515,0.5640969899665552
2021-10-03,12936.0,889871.0,673253.0,,,74851.0,66758.0,1904.0,1575738.0,2021,10,6,Sunday,True,False,2456172.56097561,1000988.799010278,91166.64021164022,105091.34735426871,18374.333529066353,844693.9814814815,3762.105263157895,0.6415420581744897,0.672587945704962,0.8210349731682113,0.6352378352801502,0.7040255353771905,1.053483296328552,0.5060996082820369
2021-10-04,21794.0,875071.0,1419155.0,,,152598.0,121256.0,6591.0,2864349.0,2021,10,0,Monday,False,False,5762367.908902692,2259552.5110590686,313900.3651411879,290869.15343915345,29762.116932032186,926695.552631579,17782.445442875483,0.49707846588112914,0.6280690504222147,0.48613514651811124,0.4168747306694568,0.7322731796858069,0.944291787648081,0.37064643449479423
2021-10-05,23644.0,890303.0,1499767.0,,,150226.0,124670.0,7027.0,3091160.0,2021,10,1,Tuesday,False,False,5748704.710424711,2255897.9228855725,313633.75331564987,291107.8095238095,29750.885585003234,927888.2437758339,17826.632996632994,0.5377141731413835,0.6648204179742373,0.47898543575700003,0.428260582235611,0.7947326452668159,0.9594937816833532,0.39418548647561347
2021-10-06,24677.0,917233.0,1532668.0,,,149640.0,123097.0,6972.0,3140986.0,2021,10,2,Wednesday,False,False,5737598.701298702,2255338.2352941176,314166.2921348315,289893.3333333333,29755.882352941175,929977.6699029126,17804.25531914894,0.5474391227969708,0.6795734564399497,0.4763082601356184,0.4246285990249287,0.829315014332312,0.9862957248164431,0.3915917782026768
2021-10-07,24571.0,954572.0,1523168.0,,,150072.0,121407.0,7298.0,3190747.0,2021,10,3,Thursday,False,False,5753361.111111111,2253958.8235294116,314336.5853658537,290771.6216216216,29730.10752688172,925780.198019802,17836.363636363636,0.5545883420802333,0.675774545701289,0.4774245410388119,0.4175338684116354,0.8264685883757098,1.0311000408539546,0.4091641182466871
2021-10-08,23356.0,1004577.0,1473912.0,,,153755.0,123609.0,6660.0,3168473.0,2021,10,4,Friday,False,False,5756068.412698412,2247057.401129944,314450.7211538461,291025.6581256581,29758.2427184466,926983.2165109033,17936.086956521736,0.5504578425458008,0.6559298392906368,0.48896373789766195,0.4247357459685857,0.7848581726071491,1.0837057048143266,0.37131844956730425
2021-10-09,13634.0,921868.0,856308.0,,,84631.0,81969.0,47.0,2052699.0,2021,10,5,Saturday,True,False,3329512.5,1388290.625,113551.48514851485,152183.58208955222,17687.96992481203,946215.6862745098,4541.772151898734,0.616516381902756,0.6168074498090053,0.7453094945373059,0.5386192050057375,0.7708063761955366,0.9742683548500736,0.010348383500557414
2021-10-10,11794.0,808169.0,601821.0,,,65636.0,59049.0,166.0,1499385.0,2021,10,6,Sunday,True,False,2456172.56097561,1000988.799010278,91166.64021164022,105091.34735426871,18374.333529066353,844693.9814814815,3762.105263157895,0.6104558872705724,0.6012265078241107,0.719956333233607,0.5618826048632013,0.6418736212305647,0.9567595102105244,0.044124230554001116
2021-10-11,16917.0,881347.0,1045865.0,,,131714.0,114458.0,3883.0,2263615.0,2021,10,0,Monday,False,False,5762367.908902692,2259552.5110590686,313900.3651411879,290869.15343915345,29762.116932032186,926695.552631579,17782.445442875483,0.3928272258532435,0.4628637727519753,0.4196044816346643,0.3935033971346959,0.568407147873029,0.9510642384083956,0.21836141786425217
2021-10-12,23848.0,913860.0,1514608.0,,,154602.0,128194.0,7292.0,3102879.0,2021,10,1,Tuesday,False,False,5748704.710424711,2255897.9228855725,313633.75331564987,291107.8095238095,29750.885585003234,927888.2437758339,17826.632996632994,0.5397527193166199,0.6713991730896356,0.49293801564911344,0.4403660630393191,0.8015895840096018,0.9848815373295936,0.4090508847844277
2021-10-13,24396.0,911369.0,1511356.0,,,151319.0,124790.0,7198.0,3157457.0,2021,10,2,Wednesday,False,False,5737598.701298702,2255338.2352941176,314166.2921348315,289893.3333333333,29755.882352941175,929977.6699029126,17804.25531914894,0.5503098359397829,0.6701238760326806,0.4816525635890246,0.43046867813448625,0.8198715034101018,0.9799901970712316,0.40428537284894833
2021-10-14,24144.0,956231.0,1527543.0,,,154572.0,126815.0,7386.0,3240686.0,2021,10,3,Thursday,False,False,5753361.111111111,2253958.8235294116,314336.5853658537,290771.6216216216,29730.10752688172,925780.198019802,17836.363636363636,0.5632683117597926,0.6777155749491744,0.49174040565496047,0.43613265728188283,0.8121060436182141,1.0328920428902355,0.41409785932721715
2021-10-15,23251.0,994225.0,1491099.0,,,150932.0,124654.0,6786.0,3227068.0,2021,10,4,Friday,False,False,5756068.412698412,2247057.401129944,314450.7211538461,291025.6581256581,29758.2427184466,926983.2165109033,17936.086956521736,0.5606375339252038,0.6635785090537489,0.4799861785852162,0.42832649465627975,0.7813297384521675,1.0725382965855519,0.3783433932077668
2021-10-16,13307.0,898875.0,856990.0,,,83415.0,74913.0,2369.0,2042027.0,2021,10,5,Saturday,True,False,3329512.5,1388290.625,113551.48514851485,152183.58208955222,17687.96992481203,946215.6862745098,4541.772151898734,0.6133111078573815,0.6172987014156348,0.7346006958068482,0.4922541510155645,0.7523192348565356,0.9499683983670764,0.5216025641025641
2021-10-17,12564.0,893975.0,663944.0,,,74826.0,69729.0,1853.0,1629991.0,2021,10,6,Sunday,True,False,2456172.56097561,1000988.799010278,91166.64021164022,105091.34735426871,18374.333529066353,844693.9814814815,3762.105263157895,0.6636304899329042,0.6632881413423116,0.8207607500539015,0.6635084786280235,0.6837799030982545,1.0583418606014998,0.49254336877448235
2021-10-18,21454.0,893483.0,1461843.0,,,153681.0,127381.0,6810.0,2982883.0,2021,10,0,Monday,False,False,5762367.908902692,2259552.5110590686,313900.3651411879,290869.15343915345,29762.116932032186,926695.552631579,17782.445442875483,0.5176488289460887,0.6469612867349667,0.4895852858625267,0.43793230906022035,0.7208492611259659,0.9641602330589979,0.3829619509800559
2021-10-19,23403.0,902734.0,1510722.0,,,153382.0,129993.0,7250.0,3178208.0,2021,10,1,Tuesday,False,False,5748704.710424711,2255897.9228855725,313633.75331564987,291107.8095238095,29750.885585003234,927888.2437758339,17826.632996632994,0.552856366798008,0.6696765774169425,0.4890481282020434,0.44654590411930517,0.7866320460657795,0.9728908691918821,0.4066948593920873
2021-10-20,24474.0,919558.0,1525608.0,,,155242.0,131127.0,7148.0,3234327.0,2021,10,2,Wednesday,False,False,5737598.701298702,2255338.2352941176,314166.2921348315,289893.3333333333,29755.882352941175,929977.6699029126,17804.25531914894,0.5637074268139235,0.6764431055730522,0.4941395811278647,0.4523284426455708,0.8224928338440249,0.9887957848450272,0.4014770554493307
2021-10-21,24007.0,952092.0,1476434.0,,,149850.0,127259.0,7498.0,3267697.0,2021,10,3,Thursday,False,False,5753361.111111111,2253958.8235294116,314336.5853658537,290771.6216216216,29730.10752688172,925780.198019802,17836.363636363636,0.5679631326615843,0.6550403603594199,0.47671829171774854,0.43765962885333065,0.8074979203587833,1.0284212192445654,0.4203771661569827
2021-10-22,22843.0,989555.0,1471199.0,,,145810.0,126554.0,6297.0,3225816.0,2021,10,4,Friday,False,False,5756068.412698412,2247057.401129944,314450.7211538461,291025.6581256581,29758.2427184466,926983.2165109033,17936.086956521736,0.5604200243491817,0.6547224825054315,0.4636974577923195,0.4348551286339053,0.7676192514499532,1.0675004491716822,0.3510799214602575
2021-10-23,13556.0,917178.0,847596.0,,,74720.0,82865.0,2243.0,2077488.0,2021,10,5,Saturday,True,False,3329512.5,1388290.625,113551.48514851485,152183.58208955222,17687.96992481203,946215.6862745098,4541.772151898734,0.6239616160023427,0.6105321067049632,0.6580275009373338,0.5445068309092514,0.7663965993623805,0.9693117682408771,0.4938600891861762
2021-10-24,12314.0,885844.0,659283.0,,,69611.0,68154.0,1908.0,1599927.0,2021,10,6,Sunday,True,False,2456172.56097561,1000988.799010278,91166.64021164022,105091.34735426871,18374.333529066353,844693.9814814815,3762.105263157895,0.6513903075948773,0.658631745581831,0.7635578084088704,0.6485215169070877,0.6701739674269267,1.0487158893287565,0.5071628427532177
2021-10-25,21724.0,887055.0,1461023.0,,,158330.0,125755.0,7026.0,2994936.0,2021,10,0,Monday,False,False,5762367.908902692,2259552.5110590686,313900.3651411879,290869.15343915345,29762.116932032186,926695.552631579,17782.445442875483,0.5197405037906223,0.6465983830201883,0.504395717822072,0.43234216661721925,0.7299211964528984,0.9572237586346347,0.3951087617600401
2021-10-26,21220.0,741160.0,1233660.0,,,130109.0,104517.0,5278.0,2702635.0,2021,10,1,Tuesday,False,False,5748704.710424711,2255897.9228855725,313633.75331564987,291107.8095238095,29750.885585003234,927888.2437758339,17826.632996632994,0.4701293832502889,0.5468598501221174,0.4148437425006824,0.3590319344952222,0.7132560790290066,0.798759985344803,0.2960738576374396
2021-10-27,24144.0,917505.0,1503535.0,,,155865.0,129881.0,7054.0,3300580.0,2021,10,2,Wednesday,False,False,5737598.701298702,2255338.2352941176,314166.2921348315,289893.3333333333,29755.882352941175,929977.6699029126,17804.25531914894,0.5752545920043024,0.6666561034930198,0.4961226073645961,0.44803030999908017,0.8114025897005042,0.9865882049574215,0.39619741873804964
2021-10-28,24814.0,963255.0,1515489.0,,,159574.0,132170.0,7605.0,3365971.0,2021,10,3,Thursday,False,False,5753361.111111111,2253958.8235294116,314336.5853658537,290771.6216216216,29730.10752688172,925780.198019802,17836.363636363636,0.585044278465245,0.6723676511654005,0.5076532845016216,0.4545491725186015,0.8346421208723643,1.040479156996828,0.42637614678899083
2021-10-29,22477.0,966866.0,1426938.0,,,153317.0,122632.0,6597.0,3251779.0,2021,10,4,Friday,False,False,5756068.412698412,2247057.401129944,314450.7211538461,291025.6581256581,29758.2427184466,926983.2165109033,17936.086956521736,0.5649305683765465,0.6350251663720105,0.48757083283962044,0.42137865365482774,0.7553201381097316,1.0430242778711922,0.367805977747073
2021-10-30,12642.0,857403.0,819620.0,,,76471.0,69281.0,2177.0,2044310.0,2021,10,5,Saturday,True,False,3329512.5,1388290.625,113551.48514851485,152183.58208955222,17687.96992481203,946215.6862745098,4541.772151898734,0.6139967938249218,0.5903807064893203,0.6734478188460767,0.45524621676490495,0.7147230605738576,0.9061390679072466,0.47932831661092534
2021-10-31,12233.0,826860.0,656203.0,,,68674.0,66300.0,1910.0,1746769.0,2021,10,6,Sunday,True,False,2456172.56097561,1000988.799010278,91166.64021164022,105091.34735426871,18374.333529066353,844693.9814814815,3762.105263157895,0.7111751949977694,0.6555547880743691,0.7532799260845379,0.6308797219670146,0.6657656442694164,0.9788870503727243,0.507694459988808
2021-11-01,21387.0,901444.0,1448304.0,,,158356.0,131251.0,6783.0,3034306.0,2021,11,0,Monday,False,False,5636705.812807882,2184359.351325758,327818.6764379303,286024.43277310923,31191.57647907648,943581.6917293234,16987.22943722944,0.5383119326726905,0.6630337627922703,0.4830597259457344,0.458880378600788,0.6856658884922519,0.9553428260651214,0.3992999579516061
2021-11-02,22016.0,856142.0,1258180.0,,,147832.0,129297.0,5679.0,2848222.0,2021,11,1,Tuesday,False,False,5625737.7049180325,2190970.6896551726,327065.2777777778,286282.9268292683,31157.547169811318,942660.8247422681,16970.454545454544,0.5062841798525513,0.5742568834629274,0.4519953967734949,0.451640625,0.7066024767614377,0.9082184997282314,0.33464041783848936
2021-11-03,23349.0,904407.0,1507287.0,,,154203.0,130954.0,7371.0,3293732.0,2021,11,2,Wednesday,False,False,5628739.140504375,2188876.9153225804,327509.72222222225,286570.60690943047,31232.67399267399,943337.5216903134,17038.322050290135,0.5851633763409505,0.6886120409277866,0.47083487767538706,0.45696940594255536,0.7475824838269306,0.9587310789667775,0.4326130224703954
2021-11-04,24009.0,934194.0,1486942.0,,,151353.0,126533.0,7210.0,3284315.0,2021,11,3,Thursday,False,False,5653378.947368421,2185431.746031746,327975.0,286084.8101265823,31149.20634920635,940648.0769230769,16962.222222222223,0.5809472583699362,0.6803882128554019,0.4614772467413675,0.4422919201617649,0.7707740521810028,0.9931386912051225,0.42506222979169395
2021-11-05,23009.0,969158.0,1457014.0,,,150227.0,121824.0,6769.0,3293438.0,2021,11,4,Friday,False,False,5603684.375,2173806.153846154,326782.6666666667,284676.4705882353,31152.06611570248,942817.6470588235,16980.0,0.5877272486461196,0.6702593961389239,0.459715325578264,0.42793842339084615,0.7386026953891865,1.02793790827245,0.39864546525323913
2021-11-06,13672.0,912929.0,864499.0,,,84943.0,80784.0,2410.0,2195864.0,2021,11,5,Saturday,True,False,3163074.418604651,1314585.7142857143,115327.73109243698,151124.39024390245,16958.181818181816,908835.5769230769,3471.4285714285716,0.6942182539507485,0.6576208691494333,0.7365357767414747,0.5345530252901017,0.8062185054143884,1.004504030410849,0.694238683127572
2021-11-07,10647.0,781453.0,614513.0,,,81181.0,72175.0,2978.0,1888985.0,2021,11,6,Sunday,True,False,2525686.7934882017,996664.4871794871,94493.67346938775,104049.31084715374,18814.851616322205,823135.2092352093,3065.11946729338,0.7479094418477522,0.6165695757245675,0.8591157166336587,0.6936614900412321,0.5658827514091871,0.949361649498705,0.9715771381106036
2021-11-08,22136.0,892575.0,1461178.0,,,159723.0,131127.0,6921.0,3065533.0,2021,11,0,Monday,False,False,5636705.812807882,2184359.351325758,327818.6764379303,286024.43277310923,31191.57647907648,943581.6917293234,16987.22943722944,0.5438518705436799,0.6689274816953374,0.4872297141076469,0.4584468492033244,0.7096787818611534,0.9459435339023564,0.40742370764898506
2021-11-09,24504.0,901654.0,1518264.0,,,157181.0,134070.0,7677.0,3279457.0,2021,11,1,Tuesday,False,False,5625737.7049180325,2190970.6896551726,327065.2777777778,286282.9268292683,31157.547169811318,942660.8247422681,16970.454545454544,0.5829381268758924,0.6929640853565928,0.4805799046231851,0.46831294302071974,0.7864547188663821,0.9564988555099023,0.45237444756930495
2021-11-10,24608.0,929094.0,1514453.0,,,159254.0,134400.0,7445.0,3351992.0,2021,11,2,Wednesday,False,False,5628739.140504375,2188876.9153225804,327509.72222222225,286570.60690943047,31232.67399267399,943337.5216903134,17038.322050290135,0.5955138293546213,0.691885865942723,0.4862573206054103,0.46899436564503144,0.7878928331839954,0.9849009274381547,0.43695617315046725
2021-11-11,19846.0,898489.0,1198235.0,,,143386.0,122940.0,5493.0,2922235.0,2021,11,3,Thursday,False,False,5653378.947368421,2185431.746031746,327975.0,286084.8101265823,31149.20634920635,940648.0769230769,16962.222222222223,0.5169006053203394,0.548282966135056,0.4371857611098407,0.42973270739401875,0.6371269873624134,0.9551808184619034,0.3238372854709813
2021-11-12,21598.0,922666.0,1350608.0,,,141671.0,117650.0,6082.0,3158682.0,2021,11,4,Friday,False,False,5603684.375,2173806.153846154,326782.6666666667,284676.4705882353,31152.06611570248,942817.6470588235,16980.0,0.5636794988118866,0.621310229346046,0.4335327863166957,0.41327616489306745,0.693308749403088,0.978626145658508,0.35818610129564193
2021-11-13,13124.0,871491.0,815114.0,,,80829.0,74296.0,2286.0,2169863.0,2021,11,5,Saturday,True,False,3163074.418604651,1314585.7142857143,115327.73109243698,151124.39024390245,16958.181818181816,908835.5769230769,3471.4285714285716,0.685998086936319,0.6200539007400484,0.7008635237540075,0.4916215038491954,0.7739037203816876,0.9589094244643135,0.6585185185185185
2021-11-14,12460.0,860520.0,657129.0,,,72488.0,62856.0,1772.0,1703136.0,2021,11,6,Sunday,True,False,2525686.7934882017,996664.4871794871,94493.67346938775,104049.31084715374,18814.851616322205,823135.2092352093,3065.11946729338,0.674325892027101,0.6593281976562079,0.7671201397782813,0.6040981866024481,0.662242799150791,1.0454175575839182,0.5781177598159805
2021-11-15,22208.0,893554.0,1437414.0,,,160952.0,132234.0,6792.0,3110969.0,2021,11,0,Monday,False,False,5636705.812807882,2184359.351325758,327818.6764379303,286024.43277310923,31191.57647907648,943581.6917293234,16987.22943722944,0.5519126069931073,0.6580483193516613,0.49097873784648416,0.4623171479371327,0.7119870973785911,0.9469810699297944,0.39982976771447865
2021-11-16,23694.0,905537.0,1492110.0,,,161362.0,137235.0,7472.0,3340844.0,2021,11,1,Tuesday,False,False,5625737.7049180325,2190970.6896551726,327065.2777777778,286282.9268292683,31157.547169811318,942660.8247422681,16970.454545454544,0.5938499402628435,0.6810269106041016,0.49336328544675495,0.4793684398854962,0.7604578072486149,0.9606180465254637,0.4402946297040311
2021-11-17,24396.0,918450.0,1501740.0,,,158372.0,131113.0,7453.0,3369069.0,2021,11,2,Wednesday,False,False,5628739.140504375,2188876.9153225804,327509.72222222225,286570.60690943047,31232.67399267399,943337.5216903134,17038.322050290135,0.5985477237266511,0.6860778646288956,0.4835642707807656,0.45752424302691225,0.7811050698291918,0.9736175853095308,0.43742570295371824
2021-11-18,24071.0,962396.0,1505488.0,,,157433.0,132632.0,7511.0,3412249.0,2021,11,3,Thursday,False,False,5653378.947368421,2185431.746031746,327975.0,286084.8101265823,31149.20634920635,940648.0769230769,16962.222222222223,0.6035769106877862,0.6888744078755279,0.4800152450644104,0.4636107731176468,0.7727644720750102,1.0231201483428978,0.44280754618105594
2021-11-19,22662.0,990357.0,1429787.0,,,151795.0,127093.0,6842.0,3316999.0,2021,11,4,Friday,False,False,5603684.375,2173806.153846154,326782.6666666667,284676.4705882353,31152.06611570248,942817.6470588235,16980.0,0.5919318037964977,0.6577343602925461,0.46451362169352106,0.4464471536315735,0.7274637873401603,1.050422638024944,0.402944640753828
2021-11-20,13195.0,917658.0,861772.0,,,94412.0,82894.0,2367.0,2135731.0,2021,11,5,Saturday,True,False,3163074.418604651,1314585.7142857143,115327.73109243698,151124.39024390245,16958.181818181816,908835.5769230769,3471.4285714285716,0.6752073196375031,0.6555464513534954,0.8186409210142815,0.5485150336501993,0.7780904899753405,1.0097073918549624,0.6818518518518518
2021-11-21,12774.0,844106.0,674551.0,,,80467.0,66859.0,1827.0,1674206.0,2021,11,6,Sunday,True,False,2525686.7934882017,996664.4871794871,94493.67346938775,104049.31084715374,18814.851616322205,823135.2092352093,3065.11946729338,0.6628715818273612,0.6768085034402571,0.8515596552193323,0.6425703299295703,0.6789317428854096,1.0254767267023788,0.596061595476183
2021-11-22,21441.0,905019.0,1418226.0,,,156874.0,127776.0,6896.0,3130363.0,2021,11,0,Monday,False,False,5636705.812807882,2184359.351325758,327818.6764379303,286024.43277310923,31191.57647907648,943581.6917293234,16987.22943722944,0.5553532690826442,0.649264050413332,0.4785389340979258,0.44673106685735187,0.6873971251303302,0.9591315812214959,0.40595201386322805
2021-11-23,22574.0,992816.0,1424890.0,,,162241.0,136562.0,7194.0,3286591.0,2021,11,1,Tuesday,False,False,5625737.7049180325,2190970.6896551726,327065.2777777778,286282.9268292683,31157.547169811318,942660.8247422681,16970.454545454544,0.5842062272343154,0.6503464454032734,0.49605082233838804,0.4770176185932388,0.7245114603203441,1.053205961191232,0.4239132181599036
2021-11-24,21002.0,995900.0,1343391.0,,,165349.0,139391.0,6589.0,3085289.0,2021,11,2,Wednesday,False,False,5628739.140504375,2188876.9153225804,327509.72222222225,286570.60690943047,31232.67399267399,943337.5216903134,17038.322050290135,0.548131459459238,0.6137352861625027,0.504867455164605,0.48641066682757866,0.672436820648987,1.0557196942781444,0.3867164842026096
2021-11-25,15459.0,863147.0,509782.0,,,125417.0,69945.0,1990.0,1357198.0,2021,11,3,Thursday,False,False,5653378.947368421,2185431.746031746,327975.0,286084.8101265823,31149.20634920635,940648.0769230769,16962.222222222223,0.2400684639461077,0.2332637479645154,0.38239804863175547,0.2444904361369338,0.4962887280880554,0.9176088498723262,0.1173195336040875
2021-11-26,11077.0,792098.0,843588.0,,,128452.0,108747.0,3205.0,2089772.0,2021,11,4,Friday,False,False,5603684.375,2173806.153846154,326782.6666666667,284676.4705882353,31152.06611570248,942817.6470588235,16980.0,0.3729282129670267,0.3880695610818033,0.39308082436032915,0.3820020663291662,0.3555783413805911,0.8401391323878986,0.18875147232037692
2021-11-27,10620.0,853201.0,750986.0,,,83676.0,76112.0,2216.0,1880422.0,2021,11,5,Saturday,True,False,3163074.418604651,1314585.7142857143,115327.73109243698,151124.39024390245,16958.181818181816,908835.5769230769,3471.4285714285716,0.5944918617594599,0.5712719922626357,0.7255496939667735,0.5036380949306821,0.6262463814731426,0.9387847721460999,0.6383539094650206
2021-11-28,10481.0,828107.0,592081.0,,,75197.0,65128.0,1669.0,1465745.0,2021,11,6,Sunday,True,False,2525686.7934882017,996664.4871794871,94493.67346938775,104049.31084715374,18814.851616322205,823135.2092352093,3065.11946729338,0.5803352196238369,0.5940625030952602,0.7957887257326374,0.6259339871618339,0.5570599340208218,1.0060400657255448,0.5445138493977829
2021-11-29,21124.0,903634.0,1381661.0,,,166154.0,132498.0,6692.0,2996015.0,2021,11,0,Monday,False,False,5636705.812807882,2184359.351325758,327818.6764379303,286024.43277310923,31191.57647907648,943581.6917293234,16987.22943722944,0.531518780560158,0.6325245885762457,0.5068472663163224,0.463240146009152,0.6772341248660555,0.957663769783292,0.3939429925714504
2021-11-30,22469.0,900452.0,1432539.0,,,166738.0,136630.0,7124.0,3207209.0,2021,11,1,Tuesday,False,False,5625737.7049180325,2190970.6896551726,327065.2777777778,286282.9268292683,31157.547169811318,942660.8247422681,16970.454545454544,0.5700957222367923,0.6538375920608327,0.5098003711457533,0.4772551458560524,0.7211414902958186,0.9552237415256878,0.41978840230346864
2021-12-01,23347.0,902552.0,1463384.0,,,163163.0,136126.0,7266.0,3326469.0,2021,12,2,Wednesday,False,False,5328986.111111112,1998535.4166666667,314553.5802469136,278541.7327425373,29102.604166666664,884639.0717754991,15592.26785053644,0.6242217432438419,0.7322282046123358,0.5187129005873109,0.4887095325346615,0.8022306136693095,1.020248854924019,0.4660002040530633
2021-12-02,22540.0,926424.0,1449142.0,,,154723.0,127508.0,7290.0,3358843.0,2021,12,3,Thursday,False,False,5323077.142857144,2001965.7142857143,316324.59016393445,278548.3333333334,29079.120879120877,887495.2380952381,15590.90909090909,0.6309964912883363,0.7238595494713767,0.48912732304439305,0.45775897659891457,0.7751265966291286,1.04386362904697,0.46758017492711373
2021-12-03,22518.0,943940.0,1419078.0,,,144500.0,119424.0,6442.0,3374097.0,2021,12,4,Friday,False,False,5357951.064754454,2006115.976535542,314922.4775224775,278818.6326156665,29122.47927031509,884935.9170024865,15644.787644787644,0.629736434547789,0.7073758529408025,0.4588430814364032,0.4283214463813051,0.7732171354982432,1.0666761082512912,0.4117665350444225
2021-12-04,13317.0,867401.0,864764.0,,,91477.0,81392.0,56.0,2318147.0,2021,12,5,Saturday,True,False,3318082.161588412,1269123.360215054,128093.1411862991,157152.23964165733,17254.941520467837,883727.2134387351,4967.299107142857,0.6986406264546117,0.6813868746797515,0.7141444042421877,0.5179181676671754,0.7717789123888571,0.9815257319334922,0.011273732221897679
2021-12-05,12541.0,820683.0,665129.0,,,72716.0,60526.0,193.0,1737352.0,2021,12,6,Sunday,True,False,2545125.7228719946,980215.2346041056,106420.31155474894,107722.00459176351,17861.851958525345,795059.8224195337,3387.976190476191,0.682619323826377,0.6785540323382504,0.6832906137715126,0.5618722027071139,0.702110846575137,1.032227986948818,0.05696616184686742
2021-12-06,21761.0,868619.0,1394230.0,,,154970.0,127260.0,6687.0,3135869.0,2021,12,0,Monday,False,False,5356369.230769231,2004322.222222222,315470.68965517246,278594.5945945946,29126.956521739132,885151.5151515151,15584.444444444443,0.585446757849749,0.6956117058135475,0.49123422581473764,0.4567927823050058,0.7471086099832815,0.9813223895926053,0.4290817054042493
2021-12-07,23262.0,886247.0,1453136.0,,,153749.0,131033.0,7367.0,3367790.0,2021,12,1,Tuesday,False,False,5351988.235294118,1998182.8571428573,315567.85714285716,279232.9411764706,29125.362318840584,884767.3469387755,15622.448979591836,0.6292596044570572,0.7272287392545226,0.4872137529849817,0.4692605372701687,0.7986853432189683,1.0016723640020668,0.47156499020248205
2021-12-08,22691.0,892613.0,1430106.0,,,156218.0,130222.0,6948.0,3378727.0,2021,12,2,Wednesday,False,False,5328986.111111112,1998535.4166666667,314553.5802469136,278541.7327425373,29102.604166666664,884639.0717754991,15592.26785053644,0.634028111455431,0.7155770110820736,0.49663399118641194,0.46751342686723096,0.779689675537341,1.0090137644593258,0.4456054800111043
2021-12-09,22743.0,931194.0,1436883.0,,,154367.0,126159.0,7222.0,3433600.0,2021,12,3,Thursday,False,False,5323077.142857144,2001965.7142857143,316324.59016393445,278548.3333333334,29079.120879120877,887495.2380952381,15590.90909090909,0.6450404357951924,0.7177360679789008,0.488001896785829,0.4529160109855261,0.7821075504497015,1.0492383057722643,0.4632186588921283
2021-12-10,22237.0,965370.0,1404176.0,,,152524.0,127711.0,6331.0,3417451.0,2021,12,4,Friday,False,False,5357951.064754454,2006115.976535542,314922.4775224775,278818.6326156665,29122.47927031509,884935.9170024865,15644.787644787644,0.6378279604829903,0.6999475685473274,0.4843223678408717,0.4580432763833305,0.763568231729036,1.0908925510334864,0.40467152023692005
2021-12-11,13396.0,866259.0,786137.0,,,91894.0,81068.0,2291.0,2266265.0,2021,12,5,Saturday,True,False,3318082.161588412,1269123.360215054,128093.1411862991,157152.23964165733,17254.941520467837,883727.2134387351,4967.299107142857,0.6830044856137943,0.6194330863682066,0.7173998478681154,0.5158564725825949,0.776357310983039,0.9802334779634506,0.46121643786370686
2021-12-12,12189.0,830347.0,627007.0,,,80874.0,66471.0,1833.0,1829872.0,2021,12,6,Sunday,True,False,2545125.7228719946,980215.2346041056,106420.31155474894,107722.00459176351,17861.851958525345,795059.8224195337,3387.976190476191,0.7189711626249718,0.639662573958299,0.7599489121810511,0.617060555565287,0.6824040434498322,1.0443830471436477,0.5410309568150672
2021-12-13,21617.0,877362.0,1333718.0,,,153387.0,129698.0,6769.0,3120850.0,2021,12,0,Monday,False,False,5356369.230769231,2004322.222222222,315470.68965517246,278594.5945945946,29126.956521739132,885151.5151515151,15584.444444444443,0.5826428062637148,0.6654209513883885,0.48621632699906536,0.4655438494373302,0.742164736087891,0.9911997945908936,0.43434336232710685
2021-12-14,23042.0,897872.0,1378221.0,,,154939.0,131812.0,7124.0,3274170.0,2021,12,1,Tuesday,False,False,5351988.235294118,1998182.8571428573,315567.85714285716,279232.9411764706,29125.362318840584,884767.3469387755,15622.448979591836,0.611767039846654,0.6897371754908745,0.49098473273803456,0.4720503227328648,0.7911317891175079,1.0148114112784175,0.4560104506858263
2021-12-15,23732.0,924242.0,1436154.0,,,153128.0,129761.0,6908.0,3242168.0,2021,12,2,Wednesday,False,False,5328986.111111112,1998535.4166666667,314553.5802469136,278541.7327425373,29102.604166666664,884639.0717754991,15592.26785053644,0.6084024113404936,0.7186032271548852,0.48681054553504005,0.46585837864353763,0.8154596703473702,1.0447673288327821,0.44304010591777615
2021-12-16,23623.0,951943.0,1438193.0,,,152710.0,126131.0,7043.0,3219799.0,2021,12,3,Thursday,False,False,5323077.142857144,2001965.7142857143,316324.59016393445,278548.3333333334,29079.120879120877,887495.2380952381,15590.90909090909,0.6048755097078649,0.7183904248395863,0.48276360658796214,0.4528154898312082,0.8123698133172096,1.07261758614399,0.45173760932944607
2021-12-17,22539.0,971958.0,1375383.0,,,146111.0,121037.0,6404.0,3112088.0,2021,12,4,Friday,False,False,5357951.064754454,2006115.976535542,314922.4775224775,278818.6326156665,29122.47927031509,884935.9170024865,15644.787644787644,0.5808354653464199,0.6855949586599749,0.4639586261021059,0.4341065690786946,0.7739382279507462,1.0983371578953203,0.40933761105626854
2021-12-18,12312.0,835445.0,786073.0,,,74306.0,66097.0,1987.0,1880969.0,2021,12,5,Saturday,True,False,3318082.161588412,1269123.360215054,128093.1411862991,157152.23964165733,17254.941520467837,883727.2134387351,4967.299107142857,0.5668843953820463,0.6193826578582553,0.5800935109548848,0.4205921605108277,0.7135347277413538,0.9453652521903669,0.400016177230548
2021-12-19,12238.0,786107.0,636393.0,,,65698.0,56292.0,1694.0,1579809.0,2021,12,6,Sunday,True,False,2545125.7228719946,980215.2346041056,106420.31155474894,107722.00459176351,17861.851958525345,795059.8224195337,3387.976190476191,0.620719434722972,0.6492380219503828,0.6173445561301617,0.5225673270130002,0.6851473200212524,0.9887394354901642,0.5000035138269089
2021-12-20,20318.0,859924.0,1277654.0,,,132078.0,102695.0,5979.0,2716451.0,2021,12,0,Monday,False,False,5356369.230769231,2004322.222222222,315470.68965517246,278594.5945945946,29126.956521739132,885151.5151515151,15584.444444444443,0.5071440901414276,0.6374494010166918,0.4186696397829187,0.3686180636398913,0.697566873656556,0.9714992125984252,0.3836517895337231
2021-12-21,21656.0,869653.0,1299476.0,,,124376.0,97141.0,5772.0,2697325.0,2021,12,1,Tuesday,False,False,5351988.235294118,1998182.8571428573,315567.85714285716,279232.9411764706,29125.362318840584,884767.3469387755,15622.448979591836,0.5039855996342206,0.6503288702306667,0.3941339308955511,0.34788517282639836,0.7435443982783071,0.9829171510555064,0.36946832135858915
2021-12-22,21673.0,881278.0,1252621.0,,,117678.0,92941.0,5594.0,2634565.0,2021,12,2,Wednesday,False,False,5328986.111111112,1998535.4166666667,314553.5802469136,278541.7327425373,29102.604166666664,884639.0717754991,15592.26785053644,0.4943839118865116,0.6267694780657085,0.3741111447773917,0.3336699283259919,0.7447099880093778,0.9962006292930818,0.3587675669519455
2021-12-23,19335.0,902401.0,1166953.0,,,118388.0,97238.0,5000.0,2486489.0,2021,12,3,Thursday,False,False,5323077.142857144,2001965.7142857143,316324.59016393445,278548.3333333334,29079.120879120877,887495.2380952381,15590.90909090909,0.46711496626280063,0.5829035890439112,0.37426113454741444,0.34908842869878953,0.6649100597082609,1.0167953147971283,0.3206997084548105
2021-12-24,12009.0,740855.0,746809.0,,,97408.0,81055.0,2289.0,1575449.0,2021,12,4,Friday,False,False,5357951.064754454,2006115.976535542,314922.4775224775,278818.6326156665,29122.47927031509,884935.9170024865,15644.787644787644,0.2940394529475233,0.37226611458909786,0.309307867657835,0.29070869202536076,0.4123618696242296,0.8371849144845122,0.14631071076011848
2021-12-25,9021.0,584049.0,329549.0,,,39466.0,31575.0,1008.0,810937.0,2021,12,5,Saturday,True,False,3318082.161588412,1269123.360215054,128093.1411862991,157152.23964165733,17254.941520467837,883727.2134387351,4967.299107142857,0.24439931276800972,0.25966664103019715,0.30810392839535816,0.20091982190007693,0.5228067559254997,0.6608928537205101,0.20292717999415824
2021-12-26,8744.0,675064.0,518897.0,,,56467.0,51478.0,1746.0,1284738.0,2021,12,6,Sunday,True,False,2545125.7228719946,980215.2346041056,106420.31155474894,107722.00459176351,17861.851958525345,795059.8224195337,3387.976190476191,0.5047837081109942,0.5293704705676961,0.5306035960151274,0.4778782217717478,0.48953490490814117,0.8490732155797267,0.515351909764925
2021-12-27,14952.0,746815.0,890096.0,,,108463.0,89427.0,4026.0,2007649.0,2021,12,0,Monday,False,False,5356369.230769231,2004322.222222222,315470.68965517246,278594.5945945946,29126.956521739132,885151.5151515151,15584.444444444443,0.37481527383646784,0.44408827589265426,0.3438132402048389,0.3209933061699651,0.5133389061380463,0.8437143101677508,0.2583345216027378
2021-12-28,16736.0,766806.0,953933.0,,,109904.0,89719.0,4372.0,2168419.0,2021,12,1,Tuesday,False,False,5351988.235294118,1998182.8571428573,315567.85714285716,279232.9411764706,29125.362318840584,884767.3469387755,15622.448979591836,0.4051613913685733,0.4774002522291682,0.34827374687354995,0.3213052142845105,0.5746194611001915,0.86667529340124,0.2798536903984324
2021-12-29,16859.0,771050.0,921562.0,,,105898.0,92605.0,3996.0,2167077.0,2021,12,2,Wednesday,False,False,5328986.111111112,1998535.4166666667,314553.5802469136,278541.7327425373,29102.604166666664,884639.0717754991,15592.26785053644,0.40665840646151674,0.46111867336184725,0.3366612451744271,0.33246364588963406,0.5792952377543533,0.8715984005233658,0.25628087192348487
2021-12-30,16177.0,807146.0,928012.0,,,110101.0,90827.0,3944.0,2198415.0,2021,12,3,Thursday,False,False,5323077.142857144,2001965.7142857143,316324.59016393445,278548.3333333334,29079.120879120877,887495.2380952381,15590.90909090909,0.4129970205203542,0.4635503961820382,0.3480633609386498,0.326072674401211,0.5563098027359988,0.9094651614495584,0.2529679300291545
2021-12-31,11498.0,630015.0,699749.0,,,96699.0,85232.0,2270.0,1627589.0,2021,12,4,Friday,False,False,5357951.064754454,2006115.976535542,314922.4775224775,278818.6326156665,29122.47927031509,884935.9170024865,15644.787644787644,0.30377078482604425,0.3488078496879478,0.30705651994338234,0.30568975681581084,0.39481528661332266,0.7119329071126738,0.14509624876604146
2022-01-01,4904.0,499757.0,350845.0,,,33980.0,30341.0,1262.0,1027918.0,2022,1,5,Saturday,True,False,2705277.2151898732,1193827.0833333335,97377.01149425287,129873.41772151898,14520.833333333334,765329.9999999999,4097.8723404255325,0.3799677142986821,0.29388259396862676,0.3489529970018178,0.23361978557504873,0.3377216642754663,0.6529954398756093,0.30796469366562823
2022-01-02,8383.0,626163.0,475096.0,,,49155.0,42587.0,1571.0,1219735.0,2022,1,6,Sunday,True,False,2095472.1381578948,913782.6223776224,82814.40991237678,90573.26786688488,13501.375636868921,682857.6058201058,2739.4444444444443,0.5820812301862696,0.5199223407902209,0.5935561220807984,0.4701939214845369,0.6208996938880879,0.9169744829128526,0.5734739403772054
2022-01-03,16437.0,694958.0,1000002.0,,,102961.0,83990.0,4515.0,2168229.0,2022,1,0,Monday,False,False,5139695.081967213,2039527.8688524591,300793.3333333334,267998.275862069,28215.384615384613,866718.1818181818,16281.39534883721,0.42185946158699217,0.4903105347428527,0.34229814490569377,0.3133975385842678,0.5825545256270448,0.8018269543418748,0.27731038423082416
2022-01-04,17909.0,735904.0,1082360.0,,,104247.0,81978.0,4795.0,2289352.0,2022,1,1,Tuesday,False,False,5148953.489116518,2043323.325129888,302659.45701357466,269917.4025974026,28263.335679099226,868912.0103473762,16476.075650118204,0.44462471934133124,0.5297056939978882,0.34443661872863396,0.3037151336339544,0.633647783238966,0.8469258005834194,0.2910280397969403
2022-01-05,18861.0,711791.0,1078511.0,,,98251.0,77579.0,4659.0,2267942.0,2022,1,2,Wednesday,False,False,5155313.043478262,2043222.5806451612,301629.1666666667,268885.5263157895,28261.05263157895,868683.3333333334,16400.0,0.4399232366440025,0.5278480231260233,0.3257344144990399,0.2885205502243666,0.6673849076281286,0.8193906486828725,0.2840853658536585
2022-01-06,18672.0,782852.0,1146904.0,,,103562.0,82567.0,4909.0,2391176.0,2022,1,3,Thursday,False,False,5138548.1409544945,2045409.1208791207,303636.27413127414,268106.5839481333,28271.446776611694,869319.7641509434,16370.038759689924,0.46534078000402557,0.5607210744748505,0.34107255563024724,0.307963343473777,0.66045434984413,0.9005339948351506,0.299877115263042
2022-01-07,14203.0,562835.0,880997.0,,,90207.0,73067.0,3628.0,2121941.0,2022,1,4,Friday,False,False,5129050.134310134,2047720.1129943505,301619.1314553991,268270.5018939394,28288.191287878788,869741.1204481793,16363.233923578751,0.41371032538862185,0.430233113602489,0.2990758562453425,0.27236315392173455,0.502082294886271,0.6471293431658952,0.22171656391052383
2022-01-08,9126.0,643474.0,631341.0,,,51707.0,46428.0,1672.0,1486065.0,2022,1,5,Saturday,True,False,2705277.2151898732,1193827.0833333335,97377.01149425287,129873.41772151898,14520.833333333334,765329.9999999999,4097.8723404255325,0.5493207837096645,0.5288378935391606,0.530998016950353,0.35748654970760235,0.6284763271162123,0.8407797943370835,0.40801661474558665
2022-01-09,7916.0,569609.0,475438.0,,,43383.0,35309.0,1210.0,1102472.0,2022,1,6,Sunday,True,False,2095472.1381578948,913782.6223776224,82814.40991237678,90573.26786688488,13501.375636868921,682857.6058201058,2739.4444444444443,0.526121049249154,0.5202966092339676,0.5238581068910849,0.38983908642772475,0.5863106258878806,0.8341548737908613,0.441695396471304
2022-01-10,18268.0,765513.0,1147341.0,,,116463.0,90220.0,4954.0,2347323.0,2022,1,0,Monday,False,False,5139695.081967213,2039527.8688524591,300793.3333333334,267998.275862069,28215.384615384613,866718.1818181818,16281.39534883721,0.4567047193588699,0.5625522541378911,0.3871861078481349,0.33664395679334014,0.6474482006543075,0.8832317309810257,0.3042736751892587
2022-01-11,17388.0,756288.0,1040581.0,,,104378.0,81438.0,4655.0,2266378.0,2022,1,1,Tuesday,False,False,5148953.489116518,2043323.325129888,302659.45701357466,269917.4025974026,28263.335679099226,868912.0103473762,16476.075650118204,0.4401628417872689,0.5092591011918554,0.3448694484220875,0.30171452161411577,0.6152140072008008,0.87038502287205,0.2825308707517742
2022-01-12,19679.0,787829.0,1179931.0,,,111022.0,86050.0,5024.0,2459224.0,2022,1,2,Wednesday,False,False,5155313.043478262,2043222.5806451612,301629.1666666667,268885.5263157895,28261.05263157895,868683.3333333334,16400.0,0.4770270940405929,0.5774852975770407,0.36807448439723167,0.32002466320533585,0.6963293355184743,0.9069231211987491,0.30634146341463414
2022-01-13,19918.0,824338.0,1218552.0,,,112519.0,87672.0,5132.0,2524197.0,2022,1,3,Thursday,False,False,5138548.1409544945,2045409.1208791207,303636.27413127414,268106.5839481333,28271.446776611694,869319.7641509434,16370.038759689924,0.4912276640714951,0.5957497634880322,0.37057166612232084,0.32700427833193624,0.7045270854860423,0.948256365487242,0.31349956315541483
2022-01-14,18878.0,869815.0,1186647.0,,,109199.0,88634.0,4774.0,2522972.0,2022,1,4,Friday,False,False,5129050.134310134,2047720.1129943505,301619.1314553991,268270.5018939394,28288.191287878788,869741.1204481793,16363.233923578751,0.4918984868412373,0.5794966765574148,0.36204268433863396,0.3303904058562555,0.6673456004268833,1.000084944301337,0.291751619655138
2022-01-15,9510.0,705503.0,573037.0,,,53410.0,45309.0,1449.0,1434676.0,2022,1,5,Saturday,True,False,2705277.2151898732,1193827.0833333335,97377.01149425287,129873.41772151898,14520.833333333334,765329.9999999999,4097.8723404255325,0.5303249485651346,0.4799999999999999,0.5484867442574187,0.3488704678362573,0.6549210903873744,0.9218284922843742,0.35359813084112146
2022-01-16,8545.0,623464.0,456257.0,,,43578.0,38025.0,1140.0,1165626.0,2022,1,6,Sunday,True,False,2095472.1381578948,913782.6223776224,82814.40991237678,90573.26786688488,13501.375636868921,682857.6058201058,2739.4444444444443,0.5562593645481195,0.4993058401710893,0.526212769566413,0.4198258591694535,0.6328984712243482,0.9130219751323198,0.41614277022916246
2022-01-17,8760.0,651716.0,694066.0,,,98738.0,44075.0,2190.0,1600048.0,2022,1,0,Monday,False,False,5139695.081967213,2039527.8688524591,300793.3333333334,267998.275862069,28215.384615384613,866718.1818181818,16281.39534883721,0.31131185303459347,0.3403071909924508,0.3282586050222744,0.16446001325278725,0.31046892039258456,0.7519353045448348,0.13450935580631337
2022-01-18,19389.0,818509.0,1222195.0,,,125615.0,100364.0,5381.0,2541044.0,2022,1,1,Tuesday,False,False,5148953.489116518,2043323.325129888,302659.45701357466,269917.4025974026,28263.335679099226,868912.0103473762,16476.075650118204,0.4935068855003397,0.5981407763366616,0.41503741941348293,0.37183226807238773,0.6860124445374008,0.9419929639052567,0.32659476165742146
2022-01-19,21111.0,832838.0,1286788.0,,,121249.0,96281.0,5598.0,2642129.0,2022,1,2,Wednesday,False,False,5155313.043478262,2043222.5806451612,301629.1666666667,268885.5263157895,28261.05263157895,868683.3333333334,16400.0,0.51250602586441,0.6297835645462023,0.4019803566741722,0.35807431258655364,0.7469997765196662,0.9587360181117016,0.34134146341463417
2022-01-20,18616.0,769646.0,1181953.0,,,112595.0,88196.0,5031.0,2545486.0,2022,1,3,Thursday,False,False,5138548.1409544945,2045409.1208791207,303636.27413127414,268106.5839481333,28271.446776611694,869319.7641509434,16370.038759689924,0.49537066310858213,0.577856521678164,0.370821965597301,0.32895872492658373,0.6584735527366283,0.8853428067998732,0.30732975491716524
2022-01-21,19079.0,867194.0,1151816.0,,,113474.0,91079.0,4748.0,2565781.0,2022,1,4,Friday,False,False,5129050.134310134,2047720.1129943505,301619.1314553991,268270.5018939394,28288.191287878788,869741.1204481793,16363.233923578751,0.5002448665565836,0.5624870277392142,0.3762161884508297,0.33950434116684225,0.6744510388041375,0.9970714039059498,0.29016269168885533
2022-01-22,10455.0,737812.0,655490.0,,,59412.0,53737.0,1642.0,1583650.0,2022,1,5,Saturday,True,False,2705277.2151898732,1193827.0833333335,97377.01149425287,129873.41772151898,14520.833333333334,765329.9999999999,4097.8723404255325,0.5853928725337116,0.5490661161495679,0.6101234684482636,0.4137644249512671,0.72,0.9640442684854901,0.40069574247144335
2022-01-23,9446.0,687231.0,529115.0,,,48672.0,43647.0,1245.0,1245716.0,2022,1,6,Sunday,True,False,2095472.1381578948,913782.6223776224,82814.40991237678,90573.26786688488,13501.375636868921,682857.6058201058,2739.4444444444443,0.5944798679571538,0.5790381509152208,0.5877238037619087,0.4818971538506019,0.6996324118414503,1.0064045478041381,0.45447170959237476
2022-01-24,19472.0,795086.0,1244112.0,,,127750.0,100520.0,5188.0,2536827.0,2022,1,0,Monday,False,False,5139695.081967213,2039527.8688524591,300793.3333333334,267998.275862069,28215.384615384613,866718.1818181818,16281.39534883721,0.49357538911219456,0.61,0.424710210775948,0.37507703986772944,0.6901199563794984,0.917352395137352,0.3186459077274675
2022-01-25,21233.0,820013.0,1308979.0,,,124499.0,98859.0,5625.0,2701246.0,2022,1,1,Tuesday,False,False,5148953.489116518,2043323.325129888,302659.45701357466,269917.4025974026,28263.335679099226,868912.0103473762,16476.075650118204,0.524620392417546,0.6406127625038451,0.4113501069104742,0.3662564882763559,0.7512559819930184,0.9437238641369139,0.34140411342185384
2022-01-26,21033.0,837062.0,1266798.0,,,118625.0,96253.0,5197.0,2711803.0,2022,1,2,Wednesday,False,False,5155313.043478262,2043222.5806451612,301629.1666666667,268885.5263157895,28261.05263157895,868683.3333333334,16400.0,0.5260210150439985,0.62,0.39328093271263,0.35797017905291334,0.7442397943980928,0.9635985495289806,0.31689024390243903
2022-01-27,20934.0,872809.0,1275573.0,,,119039.0,95748.0,5271.0,2724979.0,2022,1,3,Thursday,False,False,5138548.1409544945,2045409.1208791207,303636.27413127414,268106.5839481333,28271.446776611694,869319.7641509434,16370.038759689924,0.5303013468496629,0.6236273159140683,0.3920447263443058,0.3571266269929536,0.7404644044364298,1.004013754193734,0.321990685384293
2022-01-28,20115.0,869982.0,1208092.0,,,120912.0,96409.0,4994.0,2703403.0,2022,1,4,Friday,False,False,5129050.134310134,2047720.1129943505,301619.1314553991,268270.5018939394,28288.191287878788,869741.1204481793,16363.233923578751,0.5270767353034681,0.5899692991897341,0.40087642788627104,0.3593723473858309,0.7110740943207309,1.000276955459685,0.30519639475445315
2022-01-29,5353.0,175153.0,271959.0,,,8142.0,22016.0,852.0,999347.0,2022,1,5,Saturday,True,False,2705277.2151898732,1193827.0833333335,97377.01149425287,129873.41772151898,14520.833333333334,765329.9999999999,4097.8723404255325,0.3694065045862073,0.22780434771227684,0.08361316367241908,0.1695189083820663,0.36864275466284074,0.22885944625194365,0.20791277258566976
2022-01-30,5974.0,508250.0,460299.0,,,47852.0,45002.0,1233.0,1262477.0,2022,1,6,Sunday,True,False,2095472.1381578948,913782.6223776224,82814.40991237678,90573.26786688488,13501.375636868921,682857.6058201058,2739.4444444444443,0.6024785426685887,0.5037292116612178,0.5778221453323237,0.49685741786571325,0.44247343090629093,0.7442986585608816,0.4500912593794362
2022-01-31,18400.0,780818.0,1139164.0,,,132248.0,109718.0,4968.0,2575762.0,2022,1,0,Monday,False,False,5139695.081967213,2039527.8688524591,300793.3333333334,267998.275862069,28215.384615384613,866718.1818181818,16281.39534883721,0.5011507412253199,0.5585429929138213,0.43966399964538216,0.40939815618988795,0.6521264994547438,0.9008902967306139,0.3051335523496643
2022-02-01,20357.0,807457.0,1127084.0,,,135255.0,111424.0,4993.0,2635083.0,2022,2,1,Tuesday,False,False,5425127.660455487,2153160.2099817405,303072.07792207797,269324.7230710466,29473.21785476349,884115.4686489981,16111.559139784946,0.48571815539152896,0.5234557069998791,0.44627997711744016,0.41371619630555373,0.6906948572875249,0.9132936009295951,0.30990172687077666
2022-02-02,22427.0,850217.0,1314898.0,,,140059.0,110996.0,5830.0,2940152.0,2022,2,2,Wednesday,False,False,5424265.453016102,2150871.0057471264,303626.1538461538,269255.74603174604,29436.812570145903,884487.095959596,16221.581196581195,0.5420368942978558,0.611332802611869,0.46128766651296893,0.4122326139213135,0.761869171349921,0.9612542725426472,0.359397763346813
2022-02-03,22325.0,856424.0,1304726.0,,,126901.0,104093.0,5750.0,2914198.0,2022,2,3,Thursday,False,False,5441076.470588235,2148666.176470588,301795.77464788733,269256.09756097564,29396.907216494845,884428.3018867924,16262.222222222223,0.5355921784508472,0.6072260150449014,0.4204863376502158,0.38659477331400877,0.7594336314220586,0.9683362666854402,0.3535802131729981
2022-02-04,18557.0,783827.0,1176367.0,,,117899.0,94290.0,5072.0,2725725.0,2022,2,4,Friday,False,False,5433685.448717949,2149628.3898305083,302966.95804195805,268663.5774218154,29408.226704802048,883766.338724169,16224.285714285714,0.5016346687206785,0.5472420282338907,0.38914804690903654,0.3509593704693358,0.6310139059479517,0.8869165588854128,0.31261776877696573
2022-02-05,11377.0,777501.0,726750.0,,,61201.0,61496.0,1835.0,1792780.0,2022,2,5,Saturday,True,False,2871608.225494571,1270277.9407535233,93604.26685525695,130924.46808510639,16257.678571428572,831914.673076923,4261.589782691575,0.6243121830072182,0.5721188857053561,0.6538270322082317,0.46970593731971494,0.6997924057862768,0.9345922426447073,0.43059048232489266
2022-02-06,10621.0,746914.0,558211.0,,,51472.0,48395.0,1388.0,1323892.0,2022,2,6,Sunday,True,False,2197103.4597850866,976913.8356854839,78060.25518341307,90978.317373461,16876.08639084049,754182.1455505278,2814.4474948524366,0.6025624301413183,0.5714024918157832,0.6593880570728293,0.5319399324713951,0.6293520757137482,0.9903628777299914,0.49316961945057486
2022-02-07,21120.0,812233.0,1297024.0,,,136455.0,111297.0,5711.0,2784230.0,2022,2,0,Monday,False,False,5407455.1305403765,2157567.140151515,302429.1666666667,267888.8531187123,29316.151112281164,880479.0803307134,16097.817460317461,0.5148873051715488,0.601151165061272,0.4511965611782373,0.4154596158231333,0.720421992611178,0.9224898332563679,0.3547685898463017
2022-02-08,22667.0,854542.0,1387432.0,,,141653.0,119190.0,6254.0,3016648.0,2022,2,1,Tuesday,False,False,5425127.660455487,2153160.2099817405,303072.07792207797,269324.7230710466,29473.21785476349,884115.4686489981,16111.559139784946,0.5560510625378954,0.6443700722166725,0.4673904668856364,0.44255127654418214,0.7690710974179067,0.9665502191764739,0.38816851589221657
2022-02-09,23863.0,871206.0,1421706.0,,,143673.0,115341.0,6297.0,3088775.0,2022,2,2,Wednesday,False,False,5424265.453016102,2150871.0057471264,303626.1538461538,269255.74603174604,29436.812570145903,884487.095959596,16221.581196581195,0.5694365489215726,0.6609908247408618,0.47319046195473186,0.42836968829776045,0.8106516268748905,0.9849844095857757,0.3881865721775097
2022-02-10,23341.0,909096.0,1423775.0,,,143062.0,115707.0,6362.0,3112489.0,2022,2,3,Thursday,False,False,5441076.470588235,2148666.176470588,301795.77464788733,269256.09756097564,29396.907216494845,884428.3018867924,16262.222222222223,0.5720355184906101,0.6626320158949499,0.47403579512308947,0.4297284297296073,0.7939950903033491,1.0278911225031842,0.3912134462968024
2022-02-11,22608.0,942501.0,1348189.0,,,131038.0,110674.0,5570.0,3015472.0,2022,2,4,Friday,False,False,5433685.448717949,2149628.3898305083,302966.95804195805,268663.5774218154,29408.226704802048,883766.338724169,16224.285714285714,0.5549588816760612,0.6271730529695417,0.4325158124400235,0.41194270195485494,0.7687644762446134,1.0664594912730236,0.34331249449678614
2022-02-12,13376.0,870106.0,820629.0,,,71709.0,71813.0,2295.0,2026308.0,2022,2,5,Saturday,True,False,2871608.225494571,1270277.9407535233,93604.26685525695,130924.46808510639,16257.678571428572,831914.673076923,4261.589782691575,0.7056352541443961,0.6460231841176479,0.766086871989348,0.5485070976444109,0.8227496897070614,1.0459077453001548,0.5385314206733671
2022-02-13,10013.0,657087.0,510307.0,,,50534.0,46395.0,1322.0,1349864.0,2022,2,6,Sunday,True,False,2197103.4597850866,976913.8356854839,78060.25518341307,90978.317373461,16876.08639084049,754182.1455505278,2814.4474948524366,0.6143834483479623,0.5223664374063515,0.6473716987122777,0.5099566725283682,0.5933247654761097,0.8712576979932989,0.4697191908599856
2022-02-14,20812.0,866856.0,1272100.0,,,142507.0,113260.0,5803.0,2907825.0,2022,2,0,Monday,False,False,5407455.1305403765,2157567.140151515,302429.1666666667,267888.8531187123,29316.151112281164,880479.0803307134,16097.817460317461,0.5377437130411132,0.5895992649900419,0.47120785858947684,0.4227872816709172,0.709915838552265,0.9845276501906252,0.36048365030258955
2022-02-15,21922.0,878210.0,1340123.0,,,146607.0,119034.0,6447.0,3030742.0,2022,2,1,Tuesday,False,False,5425127.660455487,2153160.2099817405,303072.07792207797,269324.7230710466,29473.21785476349,884115.4686489981,16111.559139784946,0.5586489737543877,0.6223981818851114,0.48373641348014157,0.44197205010621843,0.7437939117481516,0.9933204780841329,0.400147493117544
2022-02-16,23513.0,879005.0,1406714.0,,,140431.0,115325.0,6337.0,3100639.0,2022,2,2,Wednesday,False,False,5424265.453016102,2150871.0057471264,303626.1538461538,269255.74603174604,29436.812570145903,884487.095959596,16221.581196581195,0.571623757512812,0.654020625244964,0.4625128574106822,0.42831026523906696,0.7987617526174118,0.9938019491922058,0.39065242304095266
2022-02-17,23713.0,914714.0,1408571.0,,,141226.0,115718.0,6527.0,3109956.0,2022,2,3,Thursday,False,False,5441076.470588235,2148666.176470588,301795.77464788733,269256.09756097564,29396.907216494845,884428.3018867924,16262.222222222223,0.5715699856105464,0.655555998146593,0.4679522109438805,0.42976928302912265,0.8066494827283885,1.0342432484901236,0.40135966110959276
2022-02-18,21470.0,951358.0,1285978.0,,,129403.0,112030.0,5677.0,2953785.0,2022,2,4,Friday,False,False,5433685.448717949,2149628.3898305083,302966.95804195805,268663.5774218154,29408.226704802048,883766.338724169,16224.285714285714,0.5436061818221242,0.5982327020259514,0.42711918433718743,0.41698990639176675,0.7300678213451809,1.0764813710526793,0.349907546006868
2022-02-19,12171.0,815513.0,723602.0,,,64696.0,66545.0,2108.0,1792136.0,2022,2,5,Saturday,True,False,2871608.225494571,1270277.9407535233,93604.26685525695,130924.46808510639,16257.678571428572,831914.673076923,4261.589782691575,0.6240879184316114,0.5696406879039106,0.691165073703759,0.508270157391382,0.7486308667333018,0.9802844286707196,0.4946510826925743
2022-02-20,11017.0,771043.0,571789.0,,,55015.0,54863.0,1517.0,1477125.0,2022,2,6,Sunday,True,False,2197103.4597850866,976913.8356854839,78060.25518341307,90978.317373461,16876.08639084049,754182.1455505278,2814.4474948524366,0.6723056183000538,0.5853013634501197,0.7047760716479193,0.6030337951271444,0.6528172317237891,1.0223564752214656,0.539004548059454
2022-02-21,12500.0,818941.0,873961.0,,,109882.0,63892.0,2781.0,1942267.0,2022,2,0,Monday,False,False,5407455.1305403765,2157567.140151515,302429.1666666667,267888.8531187123,29316.151112281164,880479.0803307134,16097.817460317461,0.3591831930385164,0.4050678116735807,0.3633313585825882,0.23850189829170268,0.42638612252082037,0.930108412902213,0.17275633835800475
2022-02-22,19233.0,850497.0,1143526.0,,,135406.0,112764.0,5767.0,2669508.0,2022,2,1,Tuesday,False,False,5425127.660455487,2153160.2099817405,303072.07792207797,269324.7230710466,29473.21785476349,884115.4686489981,16111.559139784946,0.4920636281904326,0.5310919246504641,0.44677820843269456,0.41869160288806234,0.6525585395790621,0.9619750249360868,0.35794177025110535
2022-02-23,23807.0,895786.0,1247209.0,,,140229.0,119188.0,6116.0,2894245.0,2022,2,2,Wednesday,False,False,5424265.453016102,2150871.0057471264,303626.1538461538,269255.74603174604,29436.812570145903,884487.095959596,16221.581196581195,0.5335736285529108,0.5798622960965386,0.4618475655791282,0.442657219972373,0.8087492469936938,1.0127745267195172,0.37702859702043023
2022-02-24,21868.0,915117.0,1196924.0,,,132496.0,110395.0,5879.0,2858146.0,2022,2,3,Thursday,False,False,5441076.470588235,2148666.176470588,301795.77464788733,269256.09756097564,29396.907216494845,884428.3018867924,16262.222222222223,0.525290540474798,0.5570544243248035,0.4390253646015634,0.41,0.7438877783622655,1.0346989100730246,0.36151270839027055
2022-02-25,18740.0,797593.0,1027563.0,,,114658.0,90953.0,4544.0,2575630.0,2022,2,4,Friday,False,False,5433685.448717949,2149628.3898305083,302966.95804195805,268663.5774218154,29408.226704802048,883766.338724169,16224.285714285714,0.4740116122488664,0.4780189007836002,0.3784505107125278,0.3385386321168469,0.6372366544950485,0.9024930743022287,0.2800739631945056
2022-02-26,12226.0,849716.0,775358.0,,,71783.0,61573.0,2012.0,1824833.0,2022,2,5,Saturday,True,False,2871608.225494571,1270277.9407535233,93604.26685525695,130924.46808510639,16257.678571428572,831914.673076923,4261.589782691575,0.6354742209605256,0.6103845269800254,0.7668774342413277,0.470294062680285,0.7520138835495315,1.0213980201325659,0.47212427816767527
2022-02-27,11337.0,804598.0,604646.0,,,62913.0,51604.0,1523.0,1403227.0,2022,2,6,Sunday,True,False,2197103.4597850866,976913.8356854839,78060.25518341307,90978.317373461,16876.08639084049,754182.1455505278,2814.4474948524366,0.6386713350937325,0.6189348312133691,0.8059543214684277,0.5672120730499819,0.6717789739541252,1.066848379727513,0.541136405204053
2022-02-28,21929.0,862259.0,1362855.0,,,134902.0,118572.0,6170.0,2915786.0,2022,2,0,Monday,False,False,5407455.1305403765,2157567.140151515,302429.1666666667,267888.8531187123,29316.151112281164,880479.0803307134,16097.817460317461,0.5392159397739876,0.6316628459146322,0.44606147444994004,0.44261640086777326,0.7480177024607255,0.9793066289276631,0.3832817719053899
2022-03-01,22944.0,876569.0,1435834.0,,,165769.0,150787.0,6655.0,3138181.0,2022,3,1,Tuesday,False,False,5579462.711864407,2240693.846153846,312771.69811320753,275253.6231884058,29763.636363636364,922663.9175257732,15965.217391304348,0.5624521861803715,0.6407988322298519,0.53,0.5478111359747269,0.7708735491753207,0.9500414867751826,0.41684368191721133
2022-03-02,24289.0,899781.0,1463263.0,,,159238.0,140945.0,6680.0,3208166.0,2022,3,2,Wednesday,False,False,5560024.226190476,2238006.617647059,312623.31871345034,275301.80995475117,29709.85085850357,920110.2857142857,15917.153679653678,0.5770057592353546,0.6538242507693789,0.5093605961811093,0.5119653954442429,0.8175402870811783,0.9779055988940456,0.41967302285576363
2022-03-03,23800.0,926783.0,1434851.0,,,152883.0,132506.0,6674.0,3207495.0,2022,3,3,Thursday,False,False,5556527.605042016,2237700.0,313649.21875,274745.4203599248,29792.34693877551,923111.3137254901,16020.516795865633,0.5772480995306324,0.6412168744693212,0.4874330649038162,0.48228647387975804,0.7988628773996883,1.0039775119424024,0.4165908057174747
2022-03-04,22821.0,961106.0,1363159.0,,,145518.0,125143.0,5807.0,3077537.0,2022,3,4,Friday,False,False,5583752.888257576,2236808.276643991,313452.250335871,275884.12022703816,29696.351909184727,922131.7757009345,16030.060975609756,0.551159240315227,0.6094214753377183,0.4642429583583281,0.4536071155418945,0.768478231595233,1.0422653522263023,0.3622568877832426
2022-03-05,13269.0,867876.0,812774.0,,,69010.0,70427.0,2116.0,1955535.0,2022,3,5,Saturday,True,False,3075971.0843373495,1330663.492063492,107664.58333333334,135717.33333333334,16949.137931034486,871945.2830188678,5055.813953488372,0.6357455731484151,0.6108035614170279,0.6409721550339595,0.5189241364404448,0.7828716748893748,0.9953330981907729,0.4185280588776449
2022-03-06,12557.0,789754.0,600501.0,,,53034.0,52874.0,1550.0,1444501.0,2022,3,6,Sunday,True,False,2292858.73015873,994259.4202898551,86623.57142857143,94526.08695652173,17662.5,807161.1650485437,3144.4444444444443,0.63,0.6039681271764433,0.6122352048683548,0.5593588151418979,0.7109412597310687,0.9784340899905698,0.4929328621908127
2022-03-07,22465.0,864299.0,1395540.0,,,153907.0,129784.0,6161.0,2980920.0,2022,3,0,Monday,False,False,5544265.343915343,2241835.9973924384,313690.3395784544,276307.2155411656,29647.423220973782,923330.6152665059,15960.676532769558,0.5376582495770095,0.6224987026808401,0.49063353435373375,0.469709051013415,0.7577387023674743,0.9360666544675688,0.38601120618857127
2022-03-08,24076.0,897362.0,1456451.0,,,158652.0,138811.0,6923.0,3244473.0,2022,3,1,Tuesday,False,False,5579462.711864407,2240693.846153846,312771.69811320753,275253.6231884058,29763.636363636364,922663.9175257732,15965.217391304348,0.5815027660460593,0.65,0.5072453836362649,0.5043021719099644,0.8089065363469762,0.972577319818008,0.433630174291939
2022-03-09,23477.0,835746.0,1338822.0,,,153393.0,129056.0,6200.0,3113559.0,2022,3,2,Wednesday,False,False,5560024.226190476,2238006.617647059,312623.31871345034,275301.80995475117,29709.85085850357,920110.2857142857,15917.153679653678,0.5599901858940813,0.5982207512002705,0.490663974239873,0.46878006367343444,0.7902092848534242,0.908310680769324,0.38951687750085845
2022-03-10,24515.0,948773.0,1476288.0,,,163931.0,140107.0,6914.0,3339363.0,2022,3,3,Thursday,False,False,5556527.605042016,2237700.0,313649.21875,274745.4203599248,29792.34693877551,923111.3137254901,16020.516795865633,0.6009801871531869,0.6597345488671403,0.5226571284102712,0.5099520851574363,0.8228623293887966,1.0277991244316402,0.43157159585415344
2022-03-11,23736.0,990070.0,1419371.0,,,158985.0,135371.0,6150.0,3195956.0,2022,3,4,Friday,False,False,5583752.888257576,2236808.276643991,313452.250335871,275884.12022703816,29696.351909184727,922131.7757009345,16030.060975609756,0.5723670198086624,0.6345519259833757,0.5072064399909206,0.4906806520382426,0.7992900970660554,1.0736751797186732,0.38365418630393355
2022-03-12,10655.0,671669.0,637601.0,,,51679.0,59927.0,1748.0,1663893.0,2022,3,5,Saturday,True,False,3075971.0843373495,1330663.492063492,107664.58333333334,135717.33333333334,16949.137931034486,871945.2830188678,5055.813953488372,0.5409325882393492,0.4791602112802063,0.48,0.4415574527449208,0.6286455419358119,0.7703109507910095,0.3457405703771849
2022-03-13,11491.0,794706.0,590753.0,,,59964.0,57548.0,1524.0,1479406.0,2022,3,6,Sunday,True,False,2292858.73015873,994259.4202898551,86623.57142857143,94526.08695652173,17662.5,807161.1650485437,3144.4444444444443,0.6452233539471417,0.594163844912607,0.6922365242057176,0.6088054827284854,0.6505874026893135,0.9845691720713612,0.4846643109540636
2022-03-14,22480.0,882934.0,1406578.0,,,159962.0,134093.0,6416.0,3008800.0,2022,3,0,Monday,False,False,5544265.343915343,2241835.9973924384,313690.3395784544,276307.2155411656,29647.423220973782,923330.6152665059,15960.676532769558,0.5426868689288227,0.6274223456292264,0.5099360095531195,0.4853040111072386,0.7582446485297495,0.9562490243488287,0.40198797255411023
2022-03-15,24272.0,909941.0,1454522.0,,,171406.0,146786.0,7287.0,3275906.0,2022,3,1,Tuesday,False,False,5579462.711864407,2240693.846153846,312771.69811320753,275253.6231884058,29763.636363636364,922663.9175257732,15965.217391304348,0.5871364626264056,0.6491391059500115,0.5480227304260749,0.5332754508358563,0.8154917532070861,0.9862106696879498,0.4564297385620915
2022-03-16,25305.0,917605.0,1476356.0,,,168768.0,145085.0,7009.0,3332335.0,2022,3,2,Wednesday,False,False,5560024.226190476,2238006.617647059,312623.31871345034,275301.80995475117,29709.85085850357,920110.2857142857,15917.153679653678,0.5993382158845724,0.6596745462496333,0.5398445666002678,0.5270034367875979,0.8517376987356093,0.9972771897530296,0.4403425474844382
2022-03-17,22946.0,893127.0,1350810.0,,,166884.0,135727.0,6768.0,3175784.0,2022,3,3,Thursday,False,False,5556527.605042016,2237700.0,313649.21875,274745.4203599248,29792.34693877551,923111.3137254901,16020.516795865633,0.5715411180749431,0.6036600080439737,0.5320721048344712,0.4940100541883229,0.7701977976812289,0.9675182036232667,0.42245828185434053
2022-03-18,24019.0,981768.0,1402806.0,,,163169.0,137528.0,6288.0,3275433.0,2022,3,4,Friday,False,False,5583752.888257576,2236808.276643991,313452.250335871,275884.12022703816,29696.351909184727,922131.7757009345,16030.060975609756,0.586600636802555,0.6271462845732619,0.5205545655683148,0.4984991520600086,0.8088198871515666,1.0646721280738152,0.39226301194782665
2022-03-19,12877.0,875244.0,820933.0,,,74087.0,73974.0,2050.0,2001839.0,2022,3,5,Saturday,True,False,3075971.0843373495,1330663.492063492,107664.58333333334,135717.33333333334,16949.137931034486,871945.2830188678,5055.813953488372,0.6507990306518933,0.6169350890712116,0.6881278662512819,0.5450593390183518,0.7597436549514266,1.003783169707291,0.40547378104875803
2022-03-20,12736.0,881977.0,628693.0,,,67551.0,63818.0,1722.0,1656673.0,2022,3,6,Sunday,True,False,2292858.73015873,994259.4202898551,86623.57142857143,94526.08695652173,17662.5,807161.1650485437,3144.4444444444443,0.7225360107054271,0.6323229000100578,0.7798223842075317,0.6751363782714688,0.7210757254069357,1.0926900824656953,0.5476325088339222
2022-03-21,22229.0,883735.0,1418900.0,,,165487.0,134182.0,6367.0,3034759.0,2022,3,0,Monday,False,False,5544265.343915343,2241835.9973924384,313690.3395784544,276307.2155411656,29647.423220973782,923330.6152665059,15960.676532769558,0.5473690041423708,0.6329187334177766,0.5275489204493384,0.4856261163400885,0.749778482747678,0.9571165359278407,0.39891792725249686
2022-03-22,23948.0,894131.0,1471299.0,,,168328.0,144765.0,7082.0,3276940.0,2022,3,1,Tuesday,False,False,5579462.711864407,2240693.846153846,312771.69811320753,275253.6231884058,29763.636363636364,922663.9175257732,15965.217391304348,0.5873217851302734,0.6566265188461542,0.5381816865638328,0.525933131499276,0.8046059865607819,0.9690755030257524,0.4435893246187364
2022-03-23,24574.0,894741.0,1438665.0,,,161202.0,138873.0,6540.0,3275708.0,2022,3,2,Wednesday,False,False,5560024.226190476,2238006.617647059,312623.31871345034,275301.80995475117,29709.85085850357,920110.2857142857,15917.153679653678,0.5891535480312816,0.6428332198197648,0.5156429170523819,0.5044391100182933,0.827133064956683,0.9724279946565412,0.4108774804605829
2022-03-24,22998.0,904173.0,1373850.0,,,162392.0,134129.0,6513.0,3212181.0,2022,3,3,Thursday,False,False,5556527.605042016,2237700.0,313649.21875,274745.4203599248,29792.34693877551,923111.3137254901,16020.516795865633,0.5780914319736761,0.6139562944094382,0.5177503730032804,0.4881937606977651,0.7719432123713459,0.9794842578095387,0.40654119233411934
2022-03-25,23274.0,970985.0,1397899.0,,,158528.0,133368.0,6075.0,3218970.0,2022,3,4,Friday,False,False,5583752.888257576,2236808.276643991,313452.250335871,275884.12022703816,29696.351909184727,922131.7757009345,16030.060975609756,0.5764886205421758,0.6249525337492698,0.5057484826800055,0.48342035739587014,0.7837326305660336,1.052978571595075,0.37897547671486115
2022-03-26,13208.0,877816.0,783499.0,,,71809.0,73933.0,2154.0,2024596.0,2022,3,5,Saturday,True,False,3075971.0843373495,1330663.492063492,107664.58333333334,135717.33333333334,16949.137931034486,871945.2830188678,5055.813953488372,0.658197344672424,0.5888032584293789,0.6669695621045298,0.5447572405391597,0.7792726717867859,1.0067328960835782,0.42604415823367064
2022-03-27,11809.0,832550.0,628313.0,,,64950.0,58044.0,1602.0,1534056.0,2022,3,6,Sunday,True,False,2292858.73015873,994259.4202898551,86623.57142857143,94526.08695652173,17662.5,807161.1650485437,3144.4444444444443,0.6690582284124414,0.6319407059948486,0.7497959150016903,0.614052711466814,0.6685916489738146,1.0314544802832895,0.5094699646643109
2022-03-28,22114.0,871384.0,1336330.0,,,153222.0,130886.0,6096.0,2989874.0,2022,3,0,Monday,False,False,5544265.343915343,2241835.9973924384,313690.3395784544,276307.2155411656,29647.423220973782,923330.6152665059,15960.676532769558,0.5392732516457375,0.5960873148411991,0.48844985218832015,0.4736973652448825,0.7458995621702349,0.9437399622544604,0.3819386971150025
2022-03-29,23981.0,889455.0,1430099.0,,,163218.0,143870.0,6900.0,3291883.0,2022,3,1,Tuesday,False,False,5579462.711864407,2240693.846153846,312771.69811320753,275253.6231884058,29763.636363636364,922663.9175257732,15965.217391304348,0.59,0.6382393571771382,0.5218438911979925,0.5226815848361195,0.8057147220525351,0.9640075688503928,0.43218954248366015
2022-03-30,24620.0,916351.0,1465351.0,,,164882.0,143216.0,6920.0,3336073.0,2022,3,2,Wednesday,False,False,5560024.226190476,2238006.617647059,312623.31871345034,275301.80995475117,29709.85085850357,920110.2857142857,15917.153679653678,0.6000105151134845,0.6547572238819407,0.5274142718417316,0.5202145239202717,0.8286813729646593,0.9959143096510791,0.43475109553321617
2022-03-31,24308.0,944890.0,1450363.0,,,164074.0,139602.0,6890.0,3323135.0,2022,3,3,Thursday,False,False,5556527.605042016,2237700.0,313649.21875,274745.4203599248,29792.34693877551,923111.3137254901,16020.516795865633,0.5980596581549552,0.6481489922688475,0.5231130517521814,0.5081140199429609,0.8159142362954463,1.0235926978151915,0.43007351684048556
2022-04-01,24017.0,976037.0,1411421.0,,,145251.0,120557.0,5972.0,3237107.0,2022,4,4,Friday,False,False,5581218.9655172415,2186919.696969697,310225.3968253968,286157.14285714284,28958.44155844156,941837.7358490565,16181.81818181818,0.58,0.6453922391186718,0.46821118285731833,0.4212964904398183,0.8293609292313212,1.036311206112498,0.36905617977528093
2022-04-02,14382.0,896424.0,879513.0,,,77205.0,80471.0,2484.0,2128435.0,2022,4,5,Saturday,True,False,3170231.8055555555,1336330.8974358975,114119.62365591398,149238.35001021036,16706.49021595073,912598.1617647059,5100.744680851064,0.6713815047436288,0.6581551034160604,0.6765269418762145,0.5392112683803758,0.8608630426915527,0.9822767977820275,0.4869877156026446
2022-04-03,12947.0,792710.0,607152.0,,,58819.0,53761.0,1419.0,1463932.0,2022,4,6,Sunday,True,False,2435088.2352941176,995331.1475409836,91600.0,102942.69662921347,18634.513274336285,864630.3921568628,3272.5,0.6011823221769956,0.61,0.6421288209606987,0.5222420022047829,0.6947860568931946,0.916819495579546,0.4336134453781513
2022-04-04,23746.0,902607.0,1447820.0,,,159541.0,135920.0,6676.0,3127667.0,2022,4,0,Monday,False,False,5575529.166666667,2192433.962264151,310364.7887323944,286171.4285714286,28993.617021276597,940363.8297872341,16282.926829268294,0.5609632568508071,0.6603710875308738,0.5140434926642433,0.4749600638977636,0.8190078520584134,0.9598487004803482,0.41
2022-04-05,24873.0,908321.0,1484961.0,,,170140.0,150671.0,7089.0,3356454.0,2022,4,1,Tuesday,False,False,5594090.0,2183766.176470588,309667.1428571429,286013.63636363635,28925.49019607843,941739.0,16197.959183673469,0.6,0.68,0.5494286491947574,0.5267965608759914,0.859898996746204,0.9645145841894622,0.43764772584099787
2022-04-06,25103.0,893879.0,1403198.0,,,163830.0,142810.0,6569.0,3311547.0,2022,4,2,Wednesday,False,False,5566984.138655462,2185750.964912281,310066.2509819324,286827.94117647054,28901.2689241571,938204.1237623763,16198.322510822512,0.594854757534805,0.6419752398719922,0.5283709513085525,0.49789431048538024,0.8685777799540726,0.9527553518048673,0.4055358198733902
2022-04-07,24107.0,904982.0,1379678.0,,,161276.0,140249.0,6636.0,3307076.0,2022,4,3,Thursday,False,False,5581935.863808323,2185126.7391304346,311003.37734404893,287274.03969270166,28950.82417582418,939956.4320388349,16211.730545876888,0.5924604081250979,0.6313949554015522,0.5185667158256859,0.4882063139085766,0.8326878659340867,0.9627914328295273,0.40933322825845553
2022-04-08,24488.0,1001814.0,1443367.0,,,160905.0,140791.0,6342.0,3347754.0,2022,4,4,Friday,False,False,5581218.9655172415,2186919.696969697,310225.3968253968,286157.14285714284,28958.44155844156,941837.7358490565,16181.81818181818,0.5998248806727735,0.66,0.5186712682023311,0.49200589086915286,0.8456256166472329,1.0636800394251305,0.3919213483146068
2022-04-09,13969.0,900306.0,868945.0,,,81562.0,86611.0,66.0,2190396.0,2022,4,5,Saturday,True,False,3170231.8055555555,1336330.8974358975,114119.62365591398,149238.35001021036,16706.49021595073,912598.1617647059,5100.744680851064,0.6909261323293525,0.6502468824654879,0.7147061774924915,0.5803535082910953,0.8361421112055555,0.9865305867579918,0.012939287129538865
2022-04-10,13935.0,852451.0,667662.0,,,63204.0,66112.0,13.0,1707748.0,2022,4,6,Sunday,True,False,2435088.2352941176,995331.1475409836,91600.0,102942.69662921347,18634.513274336285,864630.3921568628,3272.5,0.7013084681072072,0.6707938374575065,0.69,0.6422213732959321,0.7478059552642826,0.9859137589109253,0.003972498090145149
2022-04-11,23569.0,904713.0,1433226.0,,,161131.0,140224.0,6354.0,3205728.0,2022,4,0,Monday,False,False,5575529.166666667,2192433.962264151,310364.7887323944,286171.4285714286,28993.617021276597,940363.8297872341,16282.926829268294,0.5749639010348045,0.653714558645083,0.5191664964898188,0.49,0.8129030601012694,0.9620882591844261,0.39022468544038347
2022-04-12,25286.0,939901.0,1496004.0,,,172294.0,149369.0,7099.0,3078069.0,2022,4,1,Tuesday,False,False,5594090.0,2183766.176470588,309667.1428571429,286013.63636363635,28925.49019607843,941739.0,16197.959183673469,0.5502358739312382,0.6850568600791537,0.5563845050215207,0.522244330372042,0.8741770607375271,0.9980482915117671,0.438265087564571
2022-04-13,25847.0,953204.0,1495891.0,,,163448.0,147043.0,6593.0,3220964.0,2022,4,2,Wednesday,False,False,5566984.138655462,2185750.964912281,310066.2509819324,286827.94117647054,28901.2689241571,938204.1237623763,16198.322510822512,0.5785832903015827,0.6843830903032604,0.5271389565371438,0.5126522869315998,0.89432059429044,1.015987860059143,0.40701745477626144
2022-04-14,25073.0,986192.0,1438990.0,,,162946.0,144335.0,6381.0,3297697.0,2022,4,3,Thursday,False,False,5581935.863808323,2185126.7391304346,311003.37734404893,287274.03969270166,28950.82417582418,939956.4320388349,16211.730545876888,0.59078016667682,0.6585384610563332,0.5239364324321798,0.5024296666499897,0.8660547916607357,1.0491890542850766,0.39360387726299045
2022-04-15,20908.0,976485.0,1137728.0,,,166068.0,140217.0,4728.0,2761532.0,2022,4,4,Friday,False,False,5581218.9655172415,2186919.696969697,310225.3968253968,286157.14285714284,28958.44155844156,941837.7358490565,16181.81818181818,0.4947901196963832,0.5202422391533131,0.5353140062013283,0.49000000000000005,0.722000179388286,1.0367868719123994,0.2921797752808989
2022-04-16,13413.0,887976.0,830874.0,,,89011.0,83725.0,2133.0,1986306.0,2022,4,5,Saturday,True,False,3170231.8055555555,1336330.8974358975,114119.62365591398,149238.35001021036,16706.49021595073,912598.1617647059,5100.744680851064,0.6265491364130444,0.6217576811209338,0.7799797891761381,0.5610153153949493,0.802861632013753,0.9730197114170233,0.41817423405009696
2022-04-17,14704.0,847553.0,596619.0,,,71258.0,71704.0,1640.0,1512633.0,2022,4,6,Sunday,True,False,2435088.2352941176,995331.1475409836,91600.0,102942.69662921347,18634.513274336285,864630.3921568628,3272.5,0.6211820081407848,0.5994175922997865,0.7779257641921398,0.6965428568310067,0.7890734672555444,0.980248910619181,0.5011459129106188
2022-04-18,20245.0,904416.0,1145261.0,,,154315.0,139151.0,5209.0,2676254.0,2022,4,0,Monday,False,False,5575529.166666667,2192433.962264151,310364.7887323944,286171.4285714286,28993.617021276597,940363.8297872341,16282.926829268294,0.48,0.5223696675530771,0.4972052423545214,0.48625049920127794,0.6982571365671094,0.9617724239825689,0.3199056321150389
2022-04-19,22359.0,898329.0,1189960.0,,,168354.0,151518.0,5841.0,2962130.0,2022,4,1,Tuesday,False,False,5594090.0,2183766.176470588,309667.1428571429,286013.63636363635,28925.49019607843,941739.0,16197.959183673469,0.529510608517203,0.5449118192329631,0.543661166136912,0.5297579581393131,0.7729860357917571,0.9539044257485354,0.3606009827390702
2022-04-20,24212.0,945766.0,1265823.0,,,171730.0,155674.0,6097.0,3098046.0,2022,4,2,Wednesday,False,False,5566984.138655462,2185750.964912281,310066.2509819324,286827.94117647054,28901.2689241571,938204.1237623763,16198.322510822512,0.5565034716891146,0.579124987393429,0.5538493772094104,0.5427434975877116,0.8377486837528584,1.008059947772665,0.3763970001169219
2022-04-21,23239.0,923401.0,1231047.0,,,165823.0,147535.0,5738.0,3033422.0,2022,4,3,Thursday,False,False,5581935.863808323,2185126.7391304346,311003.37734404893,287274.03969270166,28950.82417582418,939956.4320388349,16211.730545876888,0.5434354808101328,0.5633755598496277,0.5331871358315107,0.5135688562663681,0.8027059906434746,0.9823870219144892,0.3539412392626609
2022-04-22,22298.0,938923.0,1217380.0,,,157943.0,145606.0,5340.0,2985684.0,2022,4,4,Friday,False,False,5581218.9655172415,2186919.696969697,310225.3968253968,286157.14285714284,28958.44155844156,941837.7358490565,16181.81818181818,0.5349519555578484,0.5566642440903804,0.509123371639668,0.5088323099196246,0.77,0.9969052675019132,0.33
2022-04-23,13459.0,910229.0,844146.0,,,79436.0,89804.0,59.0,2109188.0,2022,4,5,Saturday,True,False,3170231.8055555555,1336330.8974358975,114119.62365591398,149238.35001021036,16706.49021595073,912598.1617647059,5100.744680851064,0.665310339863423,0.6316893530035983,0.6960766032624698,0.6017488131827773,0.805615052954082,0.997403937610257,0.011566938494587774
2022-04-24,12927.0,877831.0,648591.0,,,64842.0,67580.0,3.0,1655860.0,2022,4,6,Sunday,True,False,2435088.2352941176,995331.1475409836,91600.0,102942.69662921347,18634.513274336285,864630.3921568628,3272.5,0.68,0.6516333801090995,0.707882096069869,0.6564817341381155,0.6937127795982333,1.0152673419334795,0.0009167303284950344
2022-04-25,22370.0,887314.0,1415638.0,,,159569.0,138979.0,6322.0,3026541.0,2022,4,0,Monday,False,False,5575529.166666667,2192433.962264151,310364.7887323944,286171.4285714286,28993.617021276597,940363.8297872341,16282.926829268294,0.5428257855943419,0.6456924242033064,0.5141337090838132,0.4856494608626198,0.7715491304028766,0.9435858461301759,0.38825943678849606
2022-04-26,23800.0,901009.0,1453452.0,,,172171.0,153893.0,7024.0,3281657.0,2022,4,1,Tuesday,False,False,5594090.0,2183766.176470588,309667.1428571429,286013.63636363635,28925.49019607843,941739.0,16197.959183673469,0.5866292819743694,0.6655712574269628,0.5559873043406053,0.5380617580217091,0.8228036876355749,0.956750224849985,0.43363487463777245
2022-04-27,25229.0,938124.0,1500437.0,,,172613.0,153109.0,6903.0,3432282.0,2022,4,2,Wednesday,False,False,5566984.138655462,2185750.964912281,310066.2509819324,286827.94117647054,28901.2689241571,938204.1237623763,16198.322510822512,0.6165424428223654,0.686462924681914,0.5566971556993418,0.5338008541706188,0.8729374501239412,0.9999145987953507,0.42615523893834867
2022-04-28,24321.0,972482.0,1468093.0,,,167300.0,146321.0,6765.0,3404938.0,2022,4,3,Thursday,False,False,5581935.863808323,2185126.7391304346,311003.37734404893,287274.03969270166,28950.82417582418,939956.4320388349,16211.730545876888,0.6099923186284968,0.6718571393182547,0.5379362803990505,0.5093429262056545,0.8400797107637998,1.034603271867202,0.41729042935027905
2022-04-29,23421.0,1005265.0,1429909.0,,,164944.0,136881.0,5900.0,3257634.0,2022,4,4,Friday,False,False,5581218.9655172415,2186919.696969697,310225.3968253968,286157.14285714284,28958.44155844156,941837.7358490565,16181.81818181818,0.5836778703947691,0.6538461389237804,0.5316908341093521,0.4783420697918227,0.8087797111848596,1.0673441525399963,0.36460674157303374
2022-04-30,14223.0,945852.0,884540.0,,,82887.0,82838.0,2123.0,2108746.0,2022,4,5,Saturday,True,False,3170231.8055555555,1336330.8974358975,114119.62365591398,149238.35001021036,16706.49021595073,912598.1617647059,5100.744680851064,0.6651709178819688,0.6619168962546798,0.7263168011306754,0.5550718028866743,0.8513457833543286,1.036438642579545,0.4162137360001668
2022-05-01,12976.0,862097.0,676070.0,,,64630.0,62502.0,2694.0,1683953.0,2022,5,6,Sunday,True,False,2391359.493670886,963553.3333333334,97502.5641025641,104090.81632653062,17024.358974358973,853056.5217391305,3515.5181843040746,0.7041822881322737,0.7016425314634028,0.662854362804397,0.6004564303149722,0.7622019730401386,1.0105977482505364,0.7663166164316966
2022-05-02,21695.0,886528.0,1176867.0,,,146394.0,126784.0,5425.0,2732825.0,2022,5,0,Monday,False,False,5716296.875,2267007.727652465,319412.2631848438,286301.64835164836,29366.565217391304,962588.775510204,17395.0,0.4780761146174725,0.5191279172297621,0.45832304164001936,0.4428336362362758,0.7387653216982933,0.9209831057193771,0.3118712273641851
2022-05-03,24680.0,933396.0,1500109.0,,,177868.0,155261.0,7400.0,3402882.0,2022,5,1,Tuesday,False,False,5706690.286470871,2276651.138375917,319988.21371610847,286533.8312236287,29395.263424518744,962189.3092783506,17288.257575757576,0.5962969478240966,0.6589103506961216,0.5558579734371197,0.5418592259663213,0.8395910471553822,0.9700752138890987,0.4280361955259525
2022-05-04,25462.0,925182.0,1465639.0,,,168539.0,147078.0,6747.0,3364902.0,2022,5,2,Wednesday,False,False,5723566.349206349,2275398.146853147,318580.4212454213,287037.86075036076,29373.234811165843,962160.6969520481,17459.37669376694,0.587903030156467,0.6441241951554563,0.5290312547806083,0.5123993037556637,0.8668435793227977,0.9615670261015754,0.38643991239439285
2022-05-05,25903.0,986486.0,1523580.0,,,174640.0,150087.0,7061.0,3502522.0,2022,5,3,Thursday,False,False,5720059.154929577,2277316.0714285714,317896.1538461538,287151.4285714286,29435.227272727272,961900.9803921569,17383.720930232557,0.6123226884780567,0.6690243919651658,0.5493617896507085,0.5226754425241037,0.88,1.0255587842293497,0.4061846153846154
2022-05-06,23411.0,957636.0,1353750.0,,,154325.0,129417.0,5729.0,3190556.0,2022,5,4,Friday,False,False,5719113.207547169,2275682.2580645164,318995.3846153846,287064.70588235295,29388.043478260868,965228.1553398058,17384.848484848484,0.5578760000395893,0.5948765453536443,0.4837844290006607,0.4508286715436159,0.7966164885157377,0.9921343411940434,0.3295398291790134
2022-05-07,13033.0,843628.0,706551.0,,,72948.0,68612.0,1523.0,1842808.0,2022,5,5,Saturday,True,False,3212641.516516517,1391093.5047193244,118529.28841991341,150498.80576044958,17291.094911377928,956502.2916666667,4867.136752136752,0.5736114628806036,0.5079105017764841,0.615442824068658,0.4558973053195544,0.7537405853589986,0.8819926594530287,0.3129149801125638
2022-05-08,15375.0,893775.0,630228.0,,,73703.0,73027.0,1449.0,1582133.0,2022,5,6,Sunday,True,False,2391359.493670886,963553.3333333334,97502.5641025641,104090.81632653062,17024.358974358973,853056.5217391305,3515.5181843040746,0.6616039973025248,0.6540665453564237,0.7559083258822912,0.7015700575439422,0.9031177046464343,1.04773245057415,0.41217252309188135
2022-05-09,22008.0,920508.0,1428758.0,,,163741.0,140940.0,6564.0,3114506.0,2022,5,0,Monday,False,False,5716296.875,2267007.727652465,319412.2631848438,286301.64835164836,29366.565217391304,962588.775510204,17395.0,0.5448467894697999,0.6302395808237978,0.5126321649874886,0.4922779900550599,0.7494237013107187,0.9562837458935672,0.3773498131647025
2022-05-10,24148.0,936853.0,1504314.0,,,175823.0,158627.0,7176.0,3412902.0,2022,5,1,Tuesday,False,False,5706690.286470871,2276651.138375917,319988.21371610847,286533.8312236287,29395.263424518744,962189.3092783506,17288.257575757576,0.5980527816782231,0.6607573618297641,0.5494671130480733,0.5536065298906979,0.8214928933026001,0.9736680619561726,0.41507942420192373
2022-05-11,25548.0,951909.0,1514922.0,,,178061.0,156792.0,7159.0,3440378.0,2022,5,2,Wednesday,False,False,5723566.349206349,2275398.146853147,318580.4212454213,287037.86075036076,29373.234811165843,962160.6969520481,17459.37669376694,0.6010899131932061,0.6657832617536065,0.5589200971732946,0.5462415292189043,0.8697714148353953,0.9893451302006789,0.4100375474776135
2022-05-12,25158.0,984799.0,1495220.0,,,169543.0,149204.0,6866.0,3430104.0,2022,5,3,Thursday,False,False,5720059.154929577,2277316.0714285714,317896.1538461538,287151.4285714286,29435.227272727272,961900.9803921569,17383.720930232557,0.5996623298980952,0.6565711359785211,0.5333282518480879,0.5196004099380118,0.8546901903254449,1.023804965453417,0.3949672240802676
2022-05-13,23539.0,1001973.0,1410923.0,,,164843.0,140065.0,6050.0,3252002.0,2022,5,4,Friday,False,False,5719113.207547169,2275682.2580645164,318995.3846153846,287064.70588235295,29388.043478260868,965228.1553398058,17384.848484848484,0.5686199734092566,0.6199999999999999,0.5167566928868033,0.48792135407061327,0.8009720013315087,1.0380685586686582,0.3480041833710999
2022-05-14,13580.0,921216.0,840921.0,,,89636.0,86652.0,69.0,2149046.0,2022,5,5,Saturday,True,False,3212641.516516517,1391093.5047193244,118529.28841991341,150498.80576044958,17291.094911377928,956502.2916666667,4867.136752136752,0.6689342676272892,0.6045035773275854,0.7562350301340439,0.5757653661247308,0.7853753663143712,0.9631090359384484,0.014176712821908667
2022-05-15,13379.0,911186.0,692876.0,,,76052.0,69705.0,5.0,1760359.0,2022,5,6,Sunday,True,False,2391359.493670886,963553.3333333334,97502.5641025641,104090.81632653062,17024.358974358973,853056.5217391305,3515.5181843040746,0.7361331513137488,0.719084222980219,0.78,0.6696556186218863,0.7858739362903834,1.0681425870144696,0.0014222654350996597
2022-05-16,22187.0,901887.0,1396300.0,,,163431.0,140702.0,5996.0,3080043.0,2022,5,0,Monday,False,False,5716296.875,2267007.727652465,319412.2631848438,286301.64835164836,29366.565217391304,962588.775510204,17395.0,0.5388178863610893,0.6159220292759648,0.5116616324321352,0.49144669899763754,0.7555190685651088,0.9369390366327198,0.3446967519402127
2022-05-17,24353.0,954976.0,1519740.0,,,182683.0,162082.0,7259.0,3536021.0,2022,5,1,Tuesday,False,False,5706690.286470871,2276651.138375917,319988.21371610847,286533.8312236287,29395.263424518744,962189.3092783506,17288.257575757576,0.6196272835031923,0.6675331035057612,0.570905402666097,0.5656644428612033,0.8284668059714353,0.9925032327746807,0.4198803707193094
2022-05-18,25365.0,985992.0,1511142.0,,,182181.0,161135.0,6816.0,3605606.0,2022,5,2,Wednesday,False,False,5723566.349206349,2275398.146853147,318580.4212454213,287037.86075036076,29373.234811165843,962160.6969520481,17459.37669376694,0.6299579283290683,0.6641220140263779,0.5718524675427409,0.5613719374119098,0.8635412532213794,1.0247685268411453,0.39039194351269924
2022-05-19,24271.0,986913.0,1426027.0,,,172517.0,149985.0,6790.0,3467327.0,2022,5,3,Thursday,False,False,5720059.154929577,2277316.0714285714,317896.1538461538,287151.4285714286,29435.227272727272,961900.9803921569,17383.720930232557,0.6061697800820537,0.626187562583461,0.5426835081606234,0.5223202292468881,0.824556229008223,1.0260026968655818,0.3905953177257525
2022-05-20,23767.0,1015453.0,1396732.0,,,175666.0,146403.0,6040.0,3271914.0,2022,5,4,Friday,False,False,5719113.207547169,2275682.2580645164,318995.3846153846,287064.70588235295,29388.043478260868,965228.1553398058,17384.848484848484,0.5721016320646096,0.6137640679186602,0.5506850834591289,0.51,0.8087302585346008,1.0520341686909378,0.34742896984486665
2022-05-21,14985.0,986370.0,883795.0,,,94322.0,92552.0,2530.0,2324245.0,2022,5,5,Saturday,True,False,3212641.516516517,1391093.5047193244,118529.28841991341,150498.80576044958,17291.094911377928,956502.2916666667,4867.136752136752,0.7234685189900024,0.6353239354520025,0.7957695625898443,0.6149683350133417,0.8666310651119921,1.0312259663082353,0.5198128034699845
2022-05-22,13279.0,922608.0,683500.0,,,78635.0,72063.0,1863.0,1760638.0,2022,5,6,Sunday,True,False,2391359.493670886,963553.3333333334,97502.5641025641,104090.81632653062,17024.358974358973,853056.5217391305,3515.5181843040746,0.736249821350495,0.7093535732324106,0.806491611002998,0.69230891391936,0.78,1.0815320866653415,0.5299361011181332
2022-05-23,22696.0,947348.0,1431781.0,,,170546.0,151349.0,6356.0,3111755.0,2022,5,0,Monday,False,False,5716296.875,2267007.727652465,319412.2631848438,286301.64835164836,29366.565217391304,962588.775510204,17395.0,0.5443655338492195,0.6315730566488363,0.5339369199525851,0.5286347489487956,0.7728517050594361,0.9841668883972536,0.36539235412474846
2022-05-24,24560.0,945831.0,1488152.0,,,182570.0,163943.0,7023.0,3378506.0,2022,5,1,Tuesday,False,False,5706690.286470871,2276651.138375917,319988.21371610847,286533.8312236287,29395.263424518744,962189.3092783506,17288.257575757576,0.592025470176573,0.6536583383001734,0.5705522646592694,0.5721593129156493,0.8355087568126495,0.9829988661060687,0.406229486645779
2022-05-25,25418.0,963168.0,1493506.0,,,178124.0,158814.0,6862.0,3426530.0,2022,5,2,Wednesday,False,False,5723566.349206349,2275398.146853147,318580.4212454213,287037.86075036076,29373.234811165843,962160.6969520481,17459.37669376694,0.5986704426821462,0.6563712825667473,0.5591178494386526,0.5532858961003819,0.8653456169675151,1.001046917683442,0.3930266309249035
2022-05-26,24866.0,1005411.0,1464696.0,,,176469.0,148011.0,6549.0,3341059.0,2022,5,3,Thursday,False,False,5720059.154929577,2277316.0714285714,317896.1538461538,287151.4285714286,29435.227272727272,961900.9803921569,17383.720930232557,0.5840951831976523,0.6431676385971268,0.5551152408261044,0.5154458075878332,0.844770103848975,1.0452333665260478,0.37673177257525087
2022-05-27,22894.0,979279.0,1353398.0,,,167840.0,135294.0,5737.0,3031130.0,2022,5,4,Friday,False,False,5719113.207547169,2275682.2580645164,318995.3846153846,287064.70588235295,29388.043478260868,965228.1553398058,17384.848484848484,0.53,0.5947218664661359,0.5261518131441496,0.47130140775803775,0.7790243000332877,1.0145570190658681,0.33
2022-05-28,12805.0,835815.0,788135.0,,,91250.0,77192.0,2191.0,1872775.0,2022,5,5,Saturday,True,False,3212641.516516517,1391093.5047193244,118529.28841991341,150498.80576044958,17291.094911377928,956502.2916666667,4867.136752136752,0.5829393009994651,0.5665578894058735,0.7698519177532632,0.5129077244829919,0.7405546071911284,0.8738243570160464,0.45016199699712883
2022-05-29,14490.0,893856.0,701173.0,,,84784.0,76982.0,2276.0,1755236.0,2022,5,6,Sunday,True,False,2391359.493670886,963553.3333333334,97502.5641025641,104090.81632653062,17024.358974358973,853056.5217391305,3515.5181843040746,0.7339908552626704,0.727695059259823,0.8695566191553149,0.739565724592928,0.851133368476542,1.0478274032507147,0.647415226057365
2022-05-30,10771.0,841659.0,755616.0,,,80533.0,68206.0,2251.0,1694970.0,2022,5,0,Monday,False,False,5716296.875,2267007.727652465,319412.2631848438,286301.64835164836,29366.565217391304,962588.775510204,17395.0,0.2965153904817094,0.333309847506544,0.25212870412992117,0.23823125152331073,0.3667776575253431,0.8743702621650588,0.1294050014371946
2022-05-31,23778.0,971866.0,1426470.0,,,184088.0,163018.0,6634.0,3176109.0,2022,5,1,Tuesday,False,False,5706690.286470871,2276651.138375917,319988.21371610847,286533.8312236287,29395.263424518744,962189.3092783506,17288.257575757576,0.5565588529536563,0.6265650349124607,0.5752961893881557,0.5689310728294792,0.8089058314125073,1.010056950984944,0.3837286650161039
2022-06-01,25586.0,947288.0,1465383.0,,,178742.0,159050.0,7084.0,3381297.0,2022,6,2,Wednesday,False,False,5598098.412698412,2141323.880597015,331925.3521126761,295093.58974358975,29288.636363636364,983069.7916666667,16168.181818181818,0.6040081382510275,0.6843350570542565,0.5385005961802034,0.5389815486612244,0.873581128268798,0.9636019823109371,0.43814450379533315
2022-06-02,24764.0,962810.0,1433303.0,,,170537.0,151492.0,6783.0,3351902.0,2022,6,3,Thursday,False,False,5622586.098901099,2148801.8537200503,332244.5887445888,295330.26737967914,29238.605737883066,983602.9172445678,16165.116279069767,0.5961495192852821,0.6670242756532605,0.5132875170198765,0.512957921123745,0.8469624106567594,0.978860455901436,0.41960725075528704
2022-06-03,24838.0,1005636.0,1431042.0,,,174500.0,153744.0,6178.0,3283271.0,2022,6,4,Friday,False,False,5597701.612903226,2153018.4615384615,333809.45945945947,294857.4074074074,29278.571428571428,983598.0769230769,16175.0,0.5865391239203878,0.6646677794752555,0.5227533104740931,0.5214181368269659,0.8483337399365699,1.0224054149697637,0.38194744976816075
2022-06-04,14409.0,959738.0,904623.0,,,93431.0,92199.0,1844.0,2178024.0,2022,6,5,Saturday,True,False,3220746.987951807,1403253.9682539683,123109.57446808512,158940.54054054053,17338.235294117647,983351.923076923,5080.645161290323,0.6762480903180434,0.6446609241558735,0.7589255377064196,0.5800848524010339,0.8310534351145038,0.9759862949135903,0.36294603174603174
2022-06-05,13955.0,887504.0,691644.0,,,75675.0,74005.0,1361.0,1724983.0,2022,6,6,Sunday,True,False,2614790.909090909,1083173.4375,98477.77777777777,108991.8918918919,18115.88785046729,922322.9166666667,3888.6792452830186,0.6597020794292608,0.6385348606741476,0.768447478280492,0.6789954620973542,0.7703183037556748,0.9622486701376731,0.34999029597282877
2022-06-06,22794.0,895917.0,1411725.0,,,167062.0,148152.0,6552.0,3092181.0,2022,6,0,Monday,False,False,5617044.604105571,2142238.6363636362,332142.8259141494,294851.81305398874,29239.31623931624,982727.9974489796,16141.036585365855,0.5504996342275589,0.6589952099810628,0.5029824128827679,0.5024625708266297,0.7795667933352821,0.9116632499793142,0.40592188521153094
2022-06-07,25256.0,944223.0,1440940.0,,,185736.0,163756.0,7169.0,3392224.0,2022,6,1,Tuesday,False,False,5609193.269617707,2142021.7741935486,332150.9479956663,295377.47002893756,29264.064407814407,980691.0496719775,16245.212765957447,0.6047614758389661,0.6727009115220132,0.5591915396322258,0.554395702502148,0.8630380130401801,0.962813926277623,0.4412992370911234
2022-06-08,26058.0,962199.0,1496144.0,,,181126.0,162417.0,7114.0,3492805.0,2022,6,2,Wednesday,False,False,5598098.412698412,2141323.880597015,331925.3521126761,295093.58974358975,29288.636363636364,983069.7916666667,16168.181818181818,0.6239270449546076,0.6987004691615663,0.5456829339703904,0.5503914881415283,0.8896965934662838,0.9787697762218052,0.44
2022-06-09,25135.0,978649.0,1333103.0,,,179521.0,157460.0,6430.0,3297157.0,2022,6,3,Thursday,False,False,5622586.098901099,2148801.8537200503,332244.5887445888,295330.26737967914,29238.605737883066,983602.9172445678,16165.116279069767,0.5864128964862646,0.6203936382929419,0.5403278370261307,0.5331658058520906,0.859651114192281,0.9949634988289324,0.3977701050208603
2022-06-10,25437.0,1031830.0,1435660.0,,,187819.0,159223.0,6304.0,3376125.0,2022,6,4,Friday,False,False,5597701.612903226,2153018.4615384615,333809.45945945947,294857.4074074074,29278.571428571428,983598.0769230769,16175.0,0.6031270034504368,0.6668126751565959,0.5626533181658091,0.54,0.8687923883874116,1.049036211241693,0.3897372488408037
2022-06-11,14776.0,964587.0,870550.0,,,117891.0,95108.0,1835.0,2231451.0,2022,6,5,Saturday,True,False,3220746.987951807,1403253.9682539683,123109.57446808512,158940.54054054053,17338.235294117647,983351.923076923,5080.645161290323,0.6928364781050568,0.6203795034217522,0.9576103281110928,0.5983872942456809,0.8522205258693808,0.9809173881328189,0.36117460317460315
2022-06-12,13440.0,886355.0,626471.0,,,80792.0,74580.0,1209.0,1674607.0,2022,6,6,Sunday,True,False,2614790.909090909,1083173.4375,98477.77777777777,108991.8918918919,18115.88785046729,922322.9166666667,3888.6792452830186,0.6404362942282887,0.5783662877165043,0.8204084395802776,0.6842710838892058,0.7418902187371027,0.9610029025445264,0.3109024745269287
2022-06-13,23697.0,947035.0,1440429.0,,,174264.0,150375.0,6608.0,3168681.0,2022,6,0,Monday,False,False,5617044.604105571,2142238.6363636362,332142.8259141494,294851.81305398874,29239.31623931624,982727.9974489796,16141.036585365855,0.5641188958485339,0.67239427743917,0.5246658557817018,0.5100019512936339,0.8104498684595148,0.9636796778542653,0.40939130303385174
2022-06-14,25372.0,957954.0,1493761.0,,,191198.0,174340.0,7276.0,3494822.0,2022,6,1,Tuesday,False,False,5609193.269617707,2142021.7741935486,332150.9479956663,295377.47002893756,29264.064407814407,980691.0496719775,16245.212765957447,0.623052519678679,0.6973603247158341,0.5756358702384153,0.5902278192812751,0.8670019190234182,0.9768152776763053,0.44788579286860286
2022-06-15,26904.0,979083.0,1478668.0,,,192593.0,169462.0,7153.0,3526802.0,2022,6,2,Wednesday,False,False,5598098.412698412,2141323.880597015,331925.3521126761,295093.58974358975,29288.636363636364,983069.7916666667,16168.181818181818,0.63,0.6905391628975519,0.5802298582321666,0.5742652700360164,0.9185815162566928,0.995944548697903,0.4424121450660669
2022-06-16,25856.0,997575.0,1397317.0,,,190212.0,162513.0,6720.0,3409624.0,2022,6,3,Thursday,False,False,5622586.098901099,2148801.8537200503,332244.5887445888,295330.26737967914,29238.605737883066,983602.9172445678,16165.116279069767,0.6064156137451396,0.6502772685070687,0.5725059382268057,0.5502754642857919,0.8843102927613137,1.0142050033712517,0.41570996978851965
2022-06-17,24338.0,1040063.0,1397243.0,,,187179.0,148590.0,6036.0,3247379.0,2022,6,4,Friday,False,False,5597701.612903226,2153018.4615384615,333809.45945945947,294857.4074074074,29278.571428571428,983598.0769230769,16175.0,0.5801272065868047,0.6489693539374417,0.5607360567405746,0.5039385013471671,0.8312564040009759,1.057406500075273,0.37316846986089647
2022-06-18,15136.0,990282.0,884050.0,,,106091.0,94130.0,2613.0,2186635.0,2022,6,5,Saturday,True,False,3220746.987951807,1403253.9682539683,123109.57446808512,158940.54054054053,17338.235294117647,983351.923076923,5080.645161290323,0.6789216936877623,0.63,0.8617607562887238,0.5922340497891444,0.8729838846480068,1.0070474026240703,0.5143047619047618
2022-06-19,15622.0,948850.0,693231.0,,,90581.0,80654.0,1903.0,1725762.0,2022,6,6,Sunday,True,False,2614790.909090909,1083173.4375,98477.77777777777,108991.8918918919,18115.88785046729,922322.9166666667,3888.6792452830186,0.66,0.64,0.9198115762157284,0.74,0.8623369789517127,1.028761166890663,0.4893692382338671
2022-06-20,15440.0,945254.0,1077190.0,,,167670.0,138080.0,4009.0,2460659.0,2022,6,0,Monday,False,False,5617044.604105571,2142238.6363636362,332142.8259141494,294851.81305398874,29239.31623931624,982727.9974489796,16141.036585365855,0.43807004811773653,0.5028338027870166,0.5048129506892872,0.4683030386342475,0.5280561239403684,0.9618673757680083,0.24837314374435707
2022-06-21,25299.0,955506.0,1408052.0,,,190339.0,172400.0,7183.0,3339793.0,2022,6,1,Tuesday,False,False,5609193.269617707,2142021.7741935486,332150.9479956663,295377.47002893756,29264.064407814407,980691.0496719775,16245.212765957447,0.5954141423669688,0.6573471927147513,0.5730496966773174,0.5836599520711931,0.8645073919822425,0.9743190786941499,0.44216102943584035
2022-06-22,25774.0,940715.0,1361456.0,,,178850.0,164196.0,6910.0,3357113.0,2022,6,2,Wednesday,False,False,5598098.412698412,2141323.880597015,331925.3521126761,295093.58974358975,29288.636363636364,983069.7916666667,16168.181818181818,0.5996880998706478,0.6358010632284254,0.5388259705431817,0.556420084023756,0.88,0.9569157835733517,0.4273826258082654
2022-06-23,25286.0,1007745.0,1382605.0,,,188546.0,169144.0,6716.0,3407485.0,2022,6,3,Thursday,False,False,5622586.098901099,2148801.8537200503,332244.5887445888,295330.26737967914,29238.605737883066,983602.9172445678,16165.116279069767,0.6060351838215466,0.6434306623509308,0.567491560095637,0.5727282933128794,0.8648155191353101,1.024544541635829,0.4154625233779312
2022-06-24,24414.0,1038953.0,1331442.0,,,187818.0,161647.0,6066.0,3296412.0,2022,6,4,Friday,False,False,5597701.612903226,2153018.4615384615,333809.45945945947,294857.4074074074,29278.571428571428,983598.0769230769,16175.0,0.588886694567903,0.6184071450314478,0.5626503224448322,0.5482209228566225,0.8338521590631862,1.0562779903454937,0.3750231839258114
2022-06-25,15274.0,997542.0,888953.0,,,106000.0,102466.0,50.0,2286963.0,2022,6,5,Saturday,True,False,3220746.987951807,1403253.9682539683,123109.57446808512,158940.54054054053,17338.235294117647,983351.923076923,5080.645161290323,0.7100722312417235,0.6334940218313444,0.8610215773873818,0.6446813358726704,0.8809431721798134,1.01443031389889,0.00984126984126984
2022-06-26,14574.0,965214.0,696910.0,,,102452.0,99103.0,618.0,2011977.0,2022,6,6,Sunday,True,False,2614790.909090909,1083173.4375,98477.77777777777,108991.8918918919,18115.88785046729,922322.9166666667,3888.6792452830186,0.7694599950630504,0.64339650131053,1.040356538418143,0.9092694720658616,0.8044872059430458,1.0465033260675602,0.15892285298398837
2022-06-27,22331.0,931830.0,1279403.0,,,171627.0,149284.0,6260.0,2932598.0,2022,6,0,Monday,False,False,5617044.604105571,2142238.6363636362,332142.8259141494,294851.81305398874,29239.31623931624,982727.9974489796,16141.036585365855,0.5220891423679502,0.5972271147960131,0.5167265001965187,0.5063017875106822,0.7637319497223034,0.9482074413458215,0.38783134942371544
2022-06-28,24179.0,964114.0,1328144.0,,,199956.0,174878.0,6903.0,3248338.0,2022,6,1,Tuesday,False,False,5609193.269617707,2142021.7741935486,332150.9479956663,295377.47002893756,29264.064407814407,980691.0496719775,16245.212765957447,0.5791096587087986,0.6200422498039423,0.6020033999800865,0.5920492175075761,0.8262351962820128,0.9830965626967614,0.4249251825415016
2022-06-29,25392.0,982600.0,1325530.0,,,191855.0,169146.0,6792.0,3249261.0,2022,6,2,Wednesday,False,False,5598098.412698412,2141323.880597015,331925.3521126761,295093.58974358975,29288.636363636364,983069.7916666667,16168.181818181818,0.5804222720753817,0.6190235919054121,0.578006466751815,0.5731944233250642,0.8669573989291534,0.9995221176862018,0.42008434073657575
2022-06-30,24651.0,1016153.0,1300241.0,,,191868.0,158265.0,6407.0,3151572.0,2022,6,3,Thursday,False,False,5622586.098901099,2148801.8537200503,332244.5887445888,295330.26737967914,29238.605737883066,983602.9172445678,16165.116279069767,0.560520007086411,0.605100464590998,0.5774902180498641,0.5358915677834442,0.8430976572887973,1.0330927066042228,0.396347288159977
2022-07-01,23983.0,1002264.0,1221837.0,,,151245.0,117791.0,5291.0,2827549.0,2022,7,4,Friday,False,False,5270115.625,2081210.3448275863,316553.4246575342,282100.0,28373.19587628866,960044.1176470588,13787.234042553193,0.5365250406626515,0.5870800147791985,0.47778664901074935,0.4175505140021269,0.8452696024998183,1.0439770231147465,0.38376080246913574
2022-07-02,12878.0,826242.0,827668.0,,,84481.0,75179.0,2042.0,1847093.0,2022,7,5,Saturday,True,False,2828115.734700218,1350311.2121212122,127832.47422680413,154536.685660019,15865.753588516745,925137.4655501378,5089.622641509433,0.6531178966039709,0.6129461064755667,0.6608727595314421,0.4864799557394025,0.8116853654730142,0.8931018694704693,0.40120852641334576
2022-07-03,14822.0,847916.0,703282.0,,,86602.0,73949.0,1909.0,1654774.0,2022,7,6,Sunday,True,False,2340581.787141905,1097483.6363636362,104631.02931379082,106196.31130063965,16527.62520777625,883173.5503696445,3581.034482758621,0.706992598631066,0.6408131991199704,0.8276894585475084,0.6963424538414696,0.8968015557992111,0.9600785707917908,0.5330861819932595
2022-07-04,10976.0,774919.0,689986.0,,,85709.0,72464.0,2148.0,1608084.0,2022,7,0,Monday,False,False,5258977.525118984,2071709.7350230415,316438.35994194483,283053.1968124537,28358.00304878049,960258.5532746823,13839.36170212766,0.30577883102164755,0.33305148319550953,0.27085527815187943,0.2560084140226596,0.3870512313973396,0.8069899480273978,0.1552094703666692
2022-07-05,22800.0,929050.0,1246208.0,,,169990.0,150170.0,5935.0,2802814.0,2022,7,1,Tuesday,False,False,5285514.705882353,2077013.3333333335,316417.7215189873,282205.1282051282,28382.926829268294,961250.0,13800.0,0.5302821306845847,0.6,0.5372328679441534,0.532130656005815,0.8032998195411188,0.9665019505851755,0.4300724637681159
2022-07-06,25372.0,921175.0,1330990.0,,,173648.0,153543.0,6448.0,3066462.0,2022,7,2,Wednesday,False,False,5287003.448275862,2066837.931034483,316178.4810126582,284209.45945945947,28384.920634920636,960340.594059406,13769.811320754716,0.58,0.643974053318162,0.5492087868973221,0.5402459168390271,0.8938548860617922,0.9592169754130135,0.46827075911208554
2022-07-07,25119.0,950059.0,1333373.0,,,173393.0,151105.0,6463.0,3115604.0,2022,7,3,Thursday,False,False,5270933.763203144,2074822.8050595238,315829.3246659444,283431.8181818182,28327.380952380954,962791.050658464,13733.531914893618,0.5910914725869462,0.6426442762960413,0.5490085513224569,0.5331264533718226,0.8867392309308678,0.9867758942610068,0.470599991324232
2022-07-08,24108.0,952918.0,1249434.0,,,163715.0,134620.0,5625.0,2902322.0,2022,7,4,Friday,False,False,5270115.625,2081210.3448275863,316553.4246575342,282100.0,28373.19587628866,960044.1176470588,13787.234042553193,0.5507131544196433,0.6003400872502903,0.5171796835782659,0.4772066643034385,0.8496751689557445,0.9925773019009544,0.40798611111111105
2022-07-09,14546.0,920380.0,885289.0,,,92765.0,89757.0,2563.0,2061419.0,2022,7,5,Saturday,True,False,2828115.734700218,1350311.2121212122,127832.47422680413,154536.685660019,15865.753588516745,925137.4655501378,5089.622641509433,0.728901923887677,0.6556184915396608,0.7256763241194378,0.580813543506851,0.9168174659240925,0.9948575582253512,0.5035736793327156
2022-07-10,14147.0,923563.0,707984.0,,,82276.0,71195.0,2016.0,1681041.0,2022,7,6,Sunday,True,False,2340581.787141905,1097483.6363636362,104631.02931379082,106196.31130063965,16527.62520777625,883173.5503696445,3581.034482758621,0.7182150221089802,0.6450975454593649,0.7863441709366389,0.6704093497037611,0.8559608426589824,1.045732177569687,0.5629658160808858
2022-07-11,23255.0,917153.0,1312895.0,,,167475.0,148113.0,6163.0,2876587.0,2022,7,0,Monday,False,False,5258977.525118984,2071709.7350230415,316438.35994194483,283053.1968124537,28358.00304878049,960258.5532746823,13839.36170212766,0.5469859846824345,0.6337253611377165,0.5292499936819471,0.5232691298594914,0.8200506911575376,0.9551104719372888,0.44532400645706816
2022-07-12,24697.0,916624.0,1350346.0,,,180172.0,164494.0,6780.0,3148320.0,2022,7,1,Tuesday,False,False,5285514.705882353,2077013.3333333335,316417.7215189873,282205.1282051282,28382.926829268294,961250.0,13800.0,0.5956505988898627,0.6501383396672145,0.5694118494219307,0.5828880610576049,0.870135773824869,0.953575032509753,0.49130434782608695
2022-07-13,25800.0,947694.0,1365172.0,,,178413.0,166187.0,6536.0,3229387.0,2022,7,2,Wednesday,False,False,5287003.448275862,2066837.931034483,316178.4810126582,284209.45945945947,28384.920634920636,960340.594059406,13769.811320754716,0.6108161327288582,0.6605123602104163,0.5642793887445402,0.5847342319853552,0.9089333146931358,0.9868311366429402,0.47466155110989317
2022-07-14,25312.0,981268.0,1355975.0,,,174794.0,159599.0,6413.0,3203104.0,2022,7,3,Thursday,False,False,5270933.763203144,2074822.8050595238,315829.3246659444,283431.8181818182,28327.380952380954,962791.050658464,13733.531914893618,0.6076919467971981,0.6535377366652276,0.5534444915299782,0.5630948600753749,0.893552426980458,1.0191910273043143,0.46695926726942594
2022-07-15,24177.0,997636.0,1291217.0,,,171615.0,148858.0,5527.0,3021651.0,2022,7,4,Friday,False,False,5270115.625,2081210.3448275863,316553.4246575342,282100.0,28373.19587628866,960044.1176470588,13787.234042553193,0.5733557316401383,0.6204163856906872,0.5421359765280158,0.5276781283232896,0.8521070416394158,1.0391564113168819,0.40087808641975303
2022-07-16,15226.0,942248.0,859537.0,,,101758.0,98156.0,64.0,2093206.0,2022,7,5,Saturday,True,False,2828115.734700218,1350311.2121212122,127832.47422680413,154536.685660019,15865.753588516745,925137.4655501378,5089.622641509433,0.740141562920119,0.6365473324106878,0.7960262102058508,0.6351630978804825,0.9596770752206952,1.018495126494188,0.012574606116774793
2022-07-17,13868.0,902737.0,701796.0,,,82028.0,80166.0,7.0,1674922.0,2022,7,6,Sunday,True,False,2340581.787141905,1097483.6363636362,104631.02931379082,106196.31130063965,16527.62520777625,883173.5503696445,3581.034482758621,0.715600714831356,0.6394591925992685,0.7839739371577449,0.7548849768712931,0.8390800145610213,1.0221513083381712,0.0019547424169475205
2022-07-18,22670.0,880836.0,1209240.0,,,162178.0,132779.0,5543.0,2720012.0,2022,7,0,Monday,False,False,5258977.525118984,2071709.7350230415,316438.35994194483,283053.1968124537,28358.00304878049,960258.5532746823,13839.36170212766,0.5172130869561873,0.5836918075719477,0.512510556652341,0.4690955675302871,0.7994215940030693,0.9172904495317071,0.400524252440618
2022-07-19,24933.0,935755.0,1372407.0,,,180693.0,160294.0,6593.0,3169016.0,2022,7,1,Tuesday,False,False,5285514.705882353,2077013.3333333335,316417.7215189873,282205.1282051282,28382.926829268294,961250.0,13800.0,0.59956620619618,0.6607598410538208,0.5710584070088411,0.5680052698528076,0.878450631606084,0.9734772431729519,0.4777536231884058
2022-07-20,25590.0,948736.0,1357383.0,,,180707.0,156988.0,6167.0,3190942.0,2022,7,2,Wednesday,False,False,5287003.448275862,2066837.931034483,316178.4810126582,284209.45945945947,28384.920634920636,960340.594059406,13769.811320754716,0.6035445278630552,0.6567438015425862,0.5715347844711968,0.5523672586358557,0.9015350202712148,0.9879161683561113,0.4478637983009044
2022-07-21,24308.0,957980.0,1302978.0,,,173070.0,150414.0,6166.0,3109097.0,2022,7,3,Thursday,False,False,5270933.763203144,2074822.8050595238,315829.3246659444,283431.8181818182,28327.380952380954,962791.050658464,13733.531914893618,0.5898569664648191,0.6279948325334795,0.5479858470490596,0.5306884772672601,0.8581096869090145,0.9950030168485949,0.44897409043868397
2022-07-22,23926.0,996410.0,1267907.0,,,174861.0,138068.0,5322.0,2942752.0,2022,7,4,Friday,False,False,5270115.625,2081210.3448275863,316553.4246575342,282100.0,28373.19587628866,960044.1176470588,13787.234042553193,0.5583847128591225,0.6092161722870146,0.5523901698083814,0.4894292803970223,0.8432606641959159,1.037879386670343,0.3860092592592592
2022-07-23,14503.0,949126.0,862976.0,,,99341.0,86245.0,32.0,2028696.0,2022,7,5,Saturday,True,False,2828115.734700218,1350311.2121212122,127832.47422680413,154536.685660019,15865.753588516745,925137.4655501378,5089.622641509433,0.7173313224449929,0.6390941527059867,0.7771186515857175,0.5580875481550004,0.9141072259244544,1.0259296973078453,0.006287303058387397
2022-07-24,12751.0,911373.0,674189.0,,,82656.0,68265.0,6.0,1596195.0,2022,7,6,Sunday,True,False,2340581.787141905,1097483.6363636362,104631.02931379082,106196.31130063965,16527.62520777625,883173.5503696445,3581.034482758621,0.6819650604686285,0.6143043756295394,0.7899759807591379,0.6428189375311082,0.771496197408969,1.0319296808861098,0.0016754935002407318
2022-07-25,22355.0,896490.0,1220826.0,,,163454.0,140432.0,5692.0,2727722.0,2022,7,0,Monday,False,False,5258977.525118984,2071709.7350230415,316438.35994194483,283053.1968124537,28358.00304878049,960258.5532746823,13839.36170212766,0.5186791514075325,0.5892842898604336,0.5165429375565844,0.49613288802757416,0.7883136186122018,0.9335923090117572,0.41129064493811973
2022-07-26,24990.0,945428.0,1360570.0,,,186182.0,162994.0,6479.0,3175001.0,2022,7,1,Tuesday,False,False,5285514.705882353,2077013.3333333335,316417.7215189873,282205.1282051282,28382.926829268294,961250.0,13800.0,0.6006985462487654,0.6550607924198849,0.5884057286874426,0.5775727784844631,0.8804588811549368,0.9835401820546164,0.46949275362318843
2022-07-27,25759.0,961077.0,1369023.0,,,185332.0,161241.0,6667.0,3232796.0,2022,7,2,Wednesday,False,False,5287003.448275862,2066837.931034483,316178.4810126582,284209.45945945947,28384.920634920636,960340.594059406,13769.811320754716,0.6114609214136683,0.6623755929013668,0.5861625984362302,0.5673315740674703,0.9074888857821892,1.0007668174657505,0.48417511647026584
2022-07-28,24413.0,977651.0,1332113.0,,,173264.0,156936.0,6421.0,3151913.0,2022,7,3,Thursday,False,False,5270933.763203144,2074822.8050595238,315829.3246659444,283431.8181818182,28327.380952380954,962791.050658464,13733.531914893618,0.5979800053652322,0.6420369955215446,0.5486001028665181,0.5536993023815251,0.861816347972263,1.015434241242036,0.46754178311819494
2022-07-29,23697.0,983238.0,1260714.0,,,166723.0,147568.0,5532.0,2932846.0,2022,7,4,Friday,False,False,5270115.625,2081210.3448275863,316553.4246575342,282100.0,28373.19587628866,960044.1176470588,13787.234042553193,0.5565050577044977,0.6057600103388114,0.526682029045715,0.5231052818149592,0.8351896664486592,1.0241591838610358,0.4012407407407407
2022-07-30,15068.0,957931.0,893846.0,,,89426.0,96840.0,56.0,2074421.0,2022,7,5,Saturday,True,False,2828115.734700218,1350311.2121212122,127832.47422680413,154536.685660019,15865.753588516745,925137.4655501378,5089.622641509433,0.7334993312145658,0.6619555491921391,0.6995562007298534,0.6266473205789348,0.9497185189429552,1.0354472018170418,0.011002780352177943
2022-07-31,14046.0,932337.0,693700.0,,,77991.0,78953.0,3.0,1649097.0,2022,7,6,Sunday,True,False,2340581.787141905,1097483.6363636362,104631.02931379082,106196.31130063965,16527.62520777625,883173.5503696445,3581.034482758621,0.7045671332911292,0.6320823172347984,0.7453907364908284,0.7434627345622733,0.8498498618780002,1.0556668047970623,0.0008377467501203659
2022-08-01,22892.0,907827.0,1240007.0,,,151752.0,138431.0,5673.0,2739262.0,2022,8,0,Monday,False,False,5126568.518518518,2019618.5185185184,312460.0,272998.3333333334,28005.31914893617,972075.8241758242,13400.0,0.5343266144020241,0.6139808031219685,0.48566856557639376,0.5070763557775078,0.8174161443494776,0.9339055425740089,0.42335820895522386
2022-08-02,24865.0,922437.0,1346324.0,,,173023.0,158236.0,6452.0,3070101.0,2022,8,1,Tuesday,False,False,5146831.5476190485,2013055.0,312109.3058350101,272936.40116561437,27963.24375294672,971388.4801288936,13413.723776223775,0.5965031051813314,0.6687964312947237,0.5543666810481611,0.5797541087382638,0.889202991601422,0.9496066907007192,0.48099991528350705
2022-08-03,26785.0,950670.0,1367848.0,,,173751.0,158305.0,6170.0,3124038.0,2022,8,2,Wednesday,False,False,5145409.141791045,2012229.337686567,312848.643761302,273273.76395534293,27967.2903453136,972300.5,13316.638297872341,0.6071505518631247,0.6797674471701105,0.5553835807342319,0.5792908829179424,0.9577259601943628,0.9777532768933062,0.4633301484944446
2022-08-04,25326.0,980062.0,1323229.0,,,174491.0,147770.0,5409.0,3049076.0,2022,8,3,Thursday,False,False,5138942.700341006,2014691.217948718,311722.78138528136,273115.0462962963,27957.998182919444,973126.8103280916,13384.991496598639,0.5933274951280683,0.6567899776459349,0.5597633872781778,0.5410540429899555,0.9058588470569604,1.0071267070214314,0.40410933405333294
2022-08-05,23824.0,979699.0,1260961.0,,,161323.0,129376.0,4754.0,2822155.0,2022,8,4,Friday,False,False,5142805.084745763,2022153.5714285711,312300.0,272525.0,27989.423076923074,970850.4854368932,13316.666666666668,0.5487579158640259,0.6235733120453266,0.5165642010886967,0.4747307586459958,0.8511786732625649,1.0091141887405297,0.35699624530663326
2022-08-06,14893.0,947549.0,865676.0,,,95704.0,84495.0,33.0,1999580.0,2022,8,5,Saturday,True,False,2945506.25,1374088.888888889,133403.7037037037,151762.5,16640.145985401457,957488.7755102041,4719.444444444444,0.6788578364075785,0.63,0.7174013714983758,0.5567580924141339,0.8950041672149845,0.9896189117152755,0.006992348440258976
2022-08-07,14367.0,884982.0,670866.0,,,78449.0,66242.0,153.0,1542311.0,2022,8,6,Sunday,True,False,2381887.720588235,1099990.1639344264,104098.1819912431,103998.25949367089,17984.8125,919344.6279761905,3612.239583333333,0.6475162480031209,0.6098836353231175,0.7536058603463339,0.6369529675064547,0.7988406884975865,0.962622691284078,0.04235599452094298
2022-08-08,22965.0,929797.0,1276524.0,,,165363.0,137457.0,5496.0,2705428.0,2022,8,0,Monday,False,False,5126568.518518518,2019618.5185185184,312460.0,272998.3333333334,28005.31914893617,972075.8241758242,13400.0,0.5277268781695359,0.6320619405571642,0.5292293413556935,0.5035085684283787,0.820022792022792,0.956506660155168,0.4101492537313433
2022-08-09,25056.0,925908.0,1308034.0,,,173284.0,151624.0,5935.0,3013784.0,2022,8,1,Tuesday,False,False,5146831.5476190485,2013055.0,312109.3058350101,272936.40116561437,27963.24375294672,971388.4801288936,13413.723776223775,0.5855610334467217,0.6497755898373367,0.5552029265401106,0.555528684896803,0.8960333865901963,0.9531799264050786,0.4424572996292025
2022-08-10,26098.0,952184.0,1347916.0,,,178656.0,147931.0,6117.0,3134434.0,2022,8,2,Wednesday,False,False,5145409.141791045,2012229.337686567,312848.643761302,273273.76395534293,27967.2903453136,972300.5,13316.638297872341,0.6091709937198401,0.6698620156038878,0.5710620888493011,0.5413289510813565,0.9331615497163518,0.9793104086648109,0.45935016504708553
2022-08-11,25553.0,970557.0,1315101.0,,,171390.0,146019.0,5842.0,3093548.0,2022,8,3,Thursday,False,False,5138942.700341006,2014691.217948718,311722.78138528136,273115.0462962963,27957.998182919444,973126.8103280916,13384.991496598639,0.6019814153200659,0.6527556125146492,0.5498154457571273,0.5346428253593444,0.913978169424564,0.9973592235864664,0.4364589997300002
2022-08-12,24849.0,1000198.0,1273620.0,,,175220.0,137578.0,5422.0,2963913.0,2022,8,4,Friday,False,False,5142805.084745763,2022153.5714285711,312300.0,272525.0,27989.423076923074,970850.4854368932,13316.666666666668,0.5763222504370924,0.6298334696213197,0.5610630803714377,0.5048270800843959,0.8877996495929095,1.0302286654879718,0.4071589486858573
2022-08-13,15889.0,956654.0,878499.0,,,103227.0,89569.0,1632.0,2089217.0,2022,8,5,Saturday,True,False,2945506.25,1374088.888888889,133403.7037037037,151762.5,16640.145985401457,957488.7755102041,4719.444444444444,0.7092896170225407,0.6393320018113012,0.7737941086648713,0.590191911704143,0.9548594113260518,0.999128161570605,0.34580341377280754
2022-08-14,14492.0,934389.0,692644.0,,,88242.0,72900.0,1339.0,1677803.0,2022,8,6,Sunday,True,False,2381887.720588235,1099990.1639344264,104098.1819912431,103998.25949367089,17984.8125,919344.6279761905,3612.239583333333,0.7044005414267163,0.6296819941758047,0.8476805099960637,0.7009732696962735,0.8057909972650535,1.0163642355282236,0.37068416119962516
2022-08-15,23199.0,924732.0,1234308.0,,,161519.0,144170.0,5395.0,2768347.0,2022,8,0,Monday,False,False,5126568.518518518,2019618.5185185184,312460.0,272998.3333333334,28005.31914893617,972075.8241758242,13400.0,0.54,0.6111589830862815,0.5169269666517314,0.5280984621395735,0.8283783475783476,0.9512961612681143,0.40261194029850744
2022-08-16,24994.0,923202.0,1288800.0,,,173651.0,157888.0,6228.0,3045892.0,2022,8,1,Tuesday,False,False,5146831.5476190485,2013055.0,312109.3058350101,272936.40116561437,27963.24375294672,971388.4801288936,13413.723776223775,0.5917994346267357,0.6402209576986222,0.5563787966379858,0.5784790864308186,0.8938161903111177,0.9503942232025443,0.4643006001837697
2022-08-17,25904.0,938763.0,1284966.0,,,172248.0,155815.0,6080.0,3074027.0,2022,8,2,Wednesday,False,False,5145409.141791045,2012229.337686567,312848.643761302,273273.76395534293,27967.2903453136,972300.5,13316.638297872341,0.5974310138007751,0.6385783051336027,0.550579340632917,0.5701791410369805,0.9262248748506543,0.9655070628884794,0.45657168603666504
2022-08-18,25701.0,986106.0,1283965.0,,,181136.0,150643.0,5834.0,3077928.0,2022,8,3,Thursday,False,False,5138942.700341006,2014691.217948718,311722.78138528136,273115.0462962963,27957.998182919444,973126.8103280916,13384.991496598639,0.5989418795807467,0.6373011350629126,0.581080404823286,0.5515734194906671,0.9192718245364818,1.013337613900014,0.43586131537569683
2022-08-19,24141.0,999070.0,1239929.0,,,164682.0,141791.0,5132.0,2918737.0,2022,8,4,Friday,False,False,5142805.084745763,2022153.5714285711,312300.0,272525.0,27989.423076923074,970850.4854368932,13316.666666666668,0.5675379392964665,0.6131725193967535,0.5273198847262248,0.5202862122741033,0.8625043800886325,1.0290667976031425,0.38538172715894864
2022-08-20,15903.0,955696.0,875371.0,,,96552.0,97718.0,1699.0,2038622.0,2022,8,5,Saturday,True,False,2945506.25,1374088.888888889,133403.7037037037,151762.5,16640.145985401457,957488.7755102041,4719.444444444444,0.6921126037332292,0.6370555843063687,0.7237580166023487,0.643887653405815,0.9557007500986974,0.9981276276484298,0.36
2022-08-21,14617.0,920731.0,692309.0,,,84669.0,81666.0,1272.0,1619422.0,2022,8,6,Sunday,True,False,2381887.720588235,1099990.1639344264,104098.1819912431,103998.25949367089,17984.8125,919344.6279761905,3612.239583333333,0.6798901501537045,0.6293774459980267,0.8133571440000988,0.7852631418795044,0.8127413060325205,1.0015080003533183,0.35213611131136907
2022-08-22,21887.0,887585.0,1144254.0,,,160918.0,141482.0,5185.0,2622885.0,2022,8,0,Monday,False,False,5126568.518518518,2019618.5185185184,312460.0,272998.3333333334,28005.31914893617,972075.8241758242,13400.0,0.511625854706798,0.5665693741208919,0.5150035204506177,0.5182522481822233,0.7815301044634377,0.9130820640998248,0.3869402985074627
2022-08-23,24448.0,924807.0,1261782.0,,,173898.0,155953.0,5903.0,2992615.0,2022,8,1,Tuesday,False,False,5146831.5476190485,2013055.0,312109.3058350101,272936.40116561437,27963.24375294672,971388.4801288936,13413.723776223775,0.5814480175447746,0.6267995658340184,0.5571701860499073,0.571389522738558,0.8742905585631034,0.9520464972750009,0.44007168318638284
2022-08-24,25654.0,950511.0,1288092.0,,,177790.0,151169.0,6036.0,3020710.0,2022,8,2,Wednesday,False,False,5145409.141791045,2012229.337686567,312848.643761302,273273.76395534293,27967.2903453136,972300.5,13316.638297872341,0.5870689612349337,0.6401318059903162,0.5682939771209321,0.5531778748606957,0.9172858608484669,0.9775897472026395,0.4532675488350839
2022-08-25,24964.0,984695.0,1310134.0,,,177178.0,142659.0,6122.0,3090901.0,2022,8,3,Thursday,False,False,5138942.700341006,2014691.217948718,311722.78138528136,273115.0462962963,27957.998182919444,973126.8103280916,13384.991496598639,0.6014663288218599,0.6502902223070832,0.5683832256745218,0.5223403175130545,0.892910852796729,1.0118876487104576,0.4573779521306164
2022-08-26,23417.0,971687.0,1217448.0,,,171765.0,133306.0,4969.0,2863653.0,2022,8,4,Friday,False,False,5142805.084745763,2022153.5714285711,312300.0,272525.0,27989.423076923074,970850.4854368932,13316.666666666668,0.5568270530987013,0.6020551639606291,0.55,0.48915145399504634,0.8366374660757842,1.0008616306791362,0.37314142678347934
2022-08-27,15575.0,980598.0,874084.0,,,103192.0,90006.0,2214.0,2066542.0,2022,8,5,Saturday,True,False,2945506.25,1374088.888888889,133403.7037037037,151762.5,16640.145985401457,957488.7755102041,4719.444444444444,0.7015914496871294,0.6361189636769414,0.7735317471334573,0.5930714109216704,0.9359893845681451,1.0241352432329893,0.46912301353737496
2022-08-28,14506.0,943031.0,681823.0,,,86867.0,76296.0,1816.0,1651689.0,2022,8,6,Sunday,True,False,2381887.720588235,1099990.1639344264,104098.1819912431,103998.25949367089,17984.8125,919344.6279761905,3612.239583333333,0.693436968385771,0.6198446334840549,0.8344718259086157,0.7336276623422069,0.8065694318470098,1.0257644101058727,0.5027352029413885
2022-08-29,22503.0,930336.0,1263000.0,,,180588.0,140540.0,5705.0,2836374.0,2022,8,0,Monday,False,False,5126568.518518518,2019618.5185185184,312460.0,272998.3333333334,28005.31914893617,972075.8241758242,13400.0,0.5532694998134267,0.6253656264384363,0.5779555783140242,0.5148016776659198,0.8035259259259259,0.9570611436497628,0.42574626865671644
2022-08-30,24300.0,937492.0,1326293.0,,,195986.0,152025.0,6228.0,3091873.0,2022,8,1,Tuesday,False,False,5146831.5476190485,2013055.0,312109.3058350101,272936.40116561437,27963.24375294672,971388.4801288936,13413.723776223775,0.60073328054234,0.6588458834954832,0.6279402643111315,0.5569978916361293,0.8689978964775611,0.9651051244457872,0.4643006001837697
2022-08-31,25541.0,976058.0,1342568.0,,,197154.0,149499.0,6261.0,3144027.0,2022,8,2,Wednesday,False,False,5145409.141791045,2012229.337686567,312848.643761302,273273.76395534293,27967.2903453136,972300.5,13316.638297872341,0.6110353741287925,0.6672042668573416,0.6301897225113913,0.5470667869325004,0.9132454265194782,1.003864545991697,0.47016370497953286
2022-09-01,25382.0,1001466.0,1338287.0,,,186311.0,140082.0,6189.0,3114667.0,2022,9,3,Thursday,False,False,5772755.223880596,2314074.193548387,328298.75,287986.88524590165,29723.364485981307,952776.6990291262,17116.666666666668,0.5395460017281384,0.5783250181567771,0.5675044452651739,0.486417983514732,0.8539410137089675,1.0511025311812179,0.3615774099318403
2022-09-02,24696.0,1009748.0,1250956.0,,,185153.0,138009.0,5307.0,2925306.0,2022,9,4,Friday,False,False,5751001.871657753,2323600.806451613,327431.3093453273,287666.21052631584,29691.265201908216,951014.2857142857,17050.0,0.5086602413427431,0.538369584193054,0.5654712750903345,0.47975394728319987,0.8317597728510681,1.0617590241997266,0.3112609970674487
2022-09-03,15863.0,927053.0,867750.0,,,116405.0,94997.0,2455.0,2116811.0,2022,9,5,Saturday,True,False,3220394.520547945,1402825.0,118303.61445783133,152795.5223880597,17135.164835164833,953082.0,4144.68085106383,0.6573141851079252,0.6185732361484861,0.9839513402313834,0.621726334091997,0.9257570704803438,0.9726896531463189,0.5923254620123203
2022-09-04,15428.0,904281.0,701646.0,,,97728.0,77386.0,1894.0,1802349.0,2022,9,6,Sunday,True,False,2544627.2727272725,1099881.6666666667,99359.68992248061,105071.27659574468,17174.418604651164,886614.1509433961,2926.9662921348313,0.7082958747307161,0.637928625655184,0.9835779487259507,0.7365095629106888,0.8983127962085308,1.0199261979270302,0.6470863723608445
2022-09-05,9722.0,803633.0,682671.0,,,93198.0,74585.0,1977.0,1691887.0,2022,9,0,Monday,False,False,5744982.089552239,2314379.365079365,326433.3333333333,287153.94736842107,29658.97435897436,951296.9072164949,17097.56097560976,0.29449822012097254,0.29496935995045465,0.2855039313795568,0.25973872441428353,0.327792858995418,0.8447762143487241,0.1156305278174037
2022-09-06,24963.0,896024.0,1231759.0,,,190260.0,164255.0,6016.0,3063503.0,2022,9,1,Tuesday,False,False,5762951.365079366,2323449.6794871795,327453.04878048785,288018.6728395062,29693.90243902439,952311.3494623655,17075.012370113807,0.5315857806059778,0.5301423184993909,0.5810298627805512,0.570292885459994,0.8406776458992156,0.9408939634142311,0.3523277096144149
2022-09-07,26773.0,942846.0,1412342.0,,,203983.0,179628.0,6698.0,3444556.0,2022,9,2,Wednesday,False,False,5785243.432835821,2325995.1836158196,327301.2780853142,288897.5016655563,29776.363636363632,953917.4934330168,17181.72682526661,0.5954038131653072,0.6071990217127096,0.6232270194399604,0.6217706936349602,0.8991359833913416,0.9883936571986199,0.38983276059017813
2022-09-08,27121.0,969986.0,1517502.0,,,199489.0,178788.0,7185.0,3644407.0,2022,9,3,Thursday,False,False,5772755.223880596,2314074.193548387,328298.75,287986.88524590165,29723.364485981307,952776.6990291262,17116.666666666668,0.631311541657596,0.6557706767703381,0.607644713846763,0.6208199371556081,0.9124471764557918,1.0180622605363985,0.41976630963972733
2022-09-09,25627.0,1012814.0,1492297.0,,,189930.0,161197.0,6432.0,3481756.0,2022,9,4,Friday,False,False,5751001.871657753,2323600.806451613,327431.3093453273,287666.21052631584,29691.265201908216,951014.2857142857,17050.0,0.605417295577469,0.6422346712294773,0.5800605946320461,0.5603612593396805,0.8631157960339456,1.0649829505340163,0.3772434017595308
2022-09-10,15345.0,985186.0,914744.0,,,103789.0,98043.0,1948.0,2356865.0,2022,9,5,Saturday,True,False,3220394.520547945,1402825.0,118303.61445783133,152795.5223880597,17135.164835164833,953082.0,4144.68085106383,0.7318559837814477,0.6520727817083385,0.8773104733583184,0.6416614732400144,0.8955268389662029,1.0336844049095462,0.47
2022-09-11,14467.0,864946.0,659929.0,,,82638.0,72789.0,1275.0,1737251.0,2022,9,6,Sunday,True,False,2544627.2727272725,1099881.6666666667,99359.68992248061,105071.27659574468,17174.418604651164,886614.1509433961,2926.9662921348313,0.6827133461232044,0.6,0.8317054940939661,0.6927583099618293,0.842357481381178,0.9755607882861554,0.4356046065259117
2022-09-12,24947.0,928870.0,1519324.0,,,187548.0,163430.0,6863.0,3382150.0,2022,9,0,Monday,False,False,5744982.089552239,2314379.365079365,326433.3333333333,287153.94736842107,29658.97435897436,951296.9072164949,17097.56097560976,0.5887137587688465,0.6564714596597256,0.5745369141223323,0.569137222377507,0.8411282095616841,0.9764249131408235,0.4014022824536376
2022-09-13,26317.0,924596.0,1557686.0,,,200171.0,180183.0,7552.0,3618354.0,2022,9,1,Tuesday,False,False,5762951.365079366,2323449.6794871795,327453.04878048785,288018.6728395062,29693.90243902439,952311.3494623655,17075.012370113807,0.6278647468596448,0.6704195118801991,0.6112967973438753,0.6255948554432931,0.8862762331101893,0.9708967561102654,0.4422837205797974
2022-09-14,28124.0,958550.0,1590666.0,,,202713.0,181619.0,7740.0,3741978.0,2022,9,2,Wednesday,False,False,5785243.432835821,2325995.1836158196,327301.2780853142,288897.5016655563,29776.363636363632,953917.4934330168,17181.72682526661,0.6468142686548543,0.6838647006685837,0.6193468023890848,0.6286624112459518,0.944507541063687,1.0048562969008057,0.4504785856924423
2022-09-15,27391.0,985596.0,1573907.0,,,197284.0,175672.0,7725.0,3747731.0,2022,9,3,Thursday,False,False,5772755.223880596,2314074.193548387,328298.75,287986.88524590165,29723.364485981307,952776.6990291262,17116.666666666668,0.6492101006632804,0.6801454354350588,0.6009282703635027,0.61,0.9215309395044649,1.034445952555637,0.4513145082765336
2022-09-16,26025.0,1018958.0,1501956.0,,,184424.0,155750.0,6797.0,3502358.0,2022,9,4,Friday,False,False,5751001.871657753,2323600.806451613,327431.3093453273,287666.21052631584,29691.265201908216,951014.2857142857,17050.0,0.6089996279188185,0.6463915814754977,0.5632448539168139,0.5414261192339512,0.8765204117447783,1.0714434213095794,0.39865102639296185
2022-09-17,15828.0,973972.0,916215.0,,,99403.0,101734.0,2693.0,2350888.0,2022,9,5,Saturday,True,False,3220394.520547945,1402825.0,118303.61445783133,152795.5223880597,17135.164835164833,953082.0,4144.68085106383,0.73,0.653121380072354,0.8402363736353267,0.6658179402772215,0.923714487269929,1.0219183658908677,0.6497484599589322
2022-09-18,15588.0,952111.0,712161.0,,,86329.0,79158.0,1944.0,1844317.0,2022,9,6,Sunday,True,False,2544627.2727272725,1099881.6666666667,99359.68992248061,105071.27659574468,17174.418604651164,886614.1509433961,2926.9662921348313,0.7247886634584813,0.6474887450013561,0.8688533555947385,0.7533743051829052,0.9076289776574136,1.0738730021248954,0.664168905950096
2022-09-19,24491.0,913368.0,1490926.0,,,187831.0,164392.0,7155.0,3369999.0,2022,9,0,Monday,False,False,5744982.089552239,2314379.365079365,326433.3333333333,287153.94736842107,29658.97435897436,951296.9072164949,17097.56097560976,0.5865986956040548,0.6442012154515009,0.5754038598999286,0.5724873417431507,0.825753436500389,0.9601292646609403,0.41848074179743217
2022-09-20,26148.0,933900.0,1554448.0,,,203873.0,188771.0,7962.0,3767024.0,2022,9,1,Tuesday,False,False,5762951.365079366,2323449.6794871795,327453.04878048785,288018.6728395062,29693.90243902439,952311.3494623655,17075.012370113807,0.6536622923501145,0.6690258944377441,0.6226022349135883,0.6554123666321788,0.8805848289457473,0.9806666701255217,0.46629541621508835
2022-09-21,27479.0,949862.0,1543632.0,,,204572.0,188361.0,8112.0,3878782.0,2022,9,2,Wednesday,False,False,5785243.432835821,2325995.1836158196,327301.2780853142,288897.5016655563,29776.363636363632,953917.4934330168,17181.72682526661,0.6704613289018837,0.6636436785739102,0.6250265846706421,0.6519994077970848,0.9228460646027967,0.9957485909830402,0.47212949446215663
2022-09-22,26136.0,942560.0,1433737.0,,,190703.0,174952.0,7883.0,3732919.0,2022,9,3,Thursday,False,False,5772755.223880596,2314074.193548387,328298.75,287986.88524590165,29723.364485981307,952776.6990291262,17116.666666666668,0.6466442548192152,0.6195726152589415,0.580882504121627,0.6074998861514641,0.8793082631115583,0.9892769218227766,0.4605452775073028
2022-09-23,25738.0,1006255.0,1413234.0,,,190670.0,168866.0,6902.0,3626482.0,2022,9,4,Friday,False,False,5751001.871657753,2323600.806451613,327431.3093453273,287666.21052631584,29691.265201908216,951014.2857142857,17050.0,0.6305826499330714,0.6082086028185536,0.5823206106380889,0.5870206295381085,0.8668542692598311,1.0580861035586067,0.40480938416422285
2022-09-24,15593.0,969371.0,860948.0,,,98192.0,115822.0,1975.0,2377091.0,2022,9,5,Saturday,True,False,3220394.520547945,1402825.0,118303.61445783133,152795.5223880597,17135.164835164833,953082.0,4144.68085106383,0.7381365807303454,0.6137244488799387,0.83,0.7580195950104032,0.9100000000000001,1.0170908694110266,0.4765143737166324
2022-09-25,14770.0,881947.0,660871.0,,,81212.0,87366.0,1582.0,1759832.0,2022,9,6,Sunday,True,False,2544627.2727272725,1099881.6666666667,99359.68992248061,105071.27659574468,17174.418604651164,886614.1509433961,2926.9662921348313,0.6915873373131983,0.6008564557702419,0.8173535974534618,0.8314927050533073,0.86,0.9947359841500047,0.5404913627639156
2022-09-26,21532.0,875706.0,1206954.0,,,177235.0,153930.0,5848.0,2812853.0,2022,9,0,Monday,False,False,5744982.089552239,2314379.365079365,326433.3333333333,287153.94736842107,29658.97435897436,951296.9072164949,17097.56097560976,0.48961910692731725,0.5215022300194985,0.5429439395486573,0.536053923028634,0.7259859946399239,0.9205391012594851,0.34203708987161197
2022-09-27,24344.0,889945.0,1290217.0,,,192275.0,176941.0,6744.0,3204114.0,2022,9,1,Tuesday,False,False,5762951.365079366,2323449.6794871795,327453.04878048785,288018.6728395062,29693.90243902439,952311.3494623655,17075.012370113807,0.5559849106857548,0.5553023211093474,0.5871834167251682,0.6143386408095755,0.819831615261407,0.9345105468945898,0.39496311064488265
2022-09-28,27423.0,934551.0,1541900.0,,,201525.0,179234.0,7903.0,3712354.0,2022,9,2,Wednesday,False,False,5785243.432835821,2325995.1836158196,327301.2780853142,288897.5016655563,29776.363636363632,953917.4934330168,17181.72682526661,0.6416936543982682,0.6628990510647046,0.6157171190375571,0.6204068881408714,0.9209653782744094,0.9796979365968859,0.45996540862110746
2022-09-29,26857.0,963946.0,1503472.0,,,194288.0,173138.0,7738.0,3707751.0,2022,9,3,Thursday,False,False,5772755.223880596,2314074.193548387,328298.75,287986.88524590165,29723.364485981307,952776.6990291262,17116.666666666668,0.6422844649053997,0.6497077769553211,0.5918024360433903,0.6012009882052917,0.9035652748082003,1.0117228947582946,0.45207400194741965
2022-09-30,26614.0,1001614.0,1477082.0,,,181549.0,164028.0,6623.0,3503239.0,2022,9,4,Friday,False,False,5751001.871657753,2323600.806451613,327431.3093453273,287666.21052631584,29691.265201908216,951014.2857142857,17050.0,0.6091528186183975,0.6356866445814598,0.5544643863257692,0.5702025263929795,0.896357895799252,1.0532060506827297,0.3884457478005865
2022-10-01,13718.0,823414.0,758826.0,,,72081.0,80394.0,1855.0,2032983.0,2022,10,5,Saturday,True,False,3329512.5,1388290.625,113551.48514851485,152183.58208955222,17687.96992481203,946215.6862745098,4541.772151898734,0.6105947942829468,0.5465901637130194,0.6347869418504277,0.5282698625972168,0.7755553666312434,0.870218082350747,0.40843088071348943
2022-10-02,13897.0,796062.0,591909.0,,,61918.0,68450.0,1302.0,1621851.0,2022,10,6,Sunday,True,False,2456172.56097561,1000988.799010278,91166.64021164022,105091.34735426871,18374.333529066353,844693.9814814815,3762.105263157895,0.6603163905372303,0.5913242991182786,0.6791738716734487,0.6513381141574984,0.7563267520977749,0.9424265088331902,0.3460828203693341
2022-10-03,25390.0,884279.0,1426633.0,,,173268.0,153913.0,6824.0,3370048.0,2022,10,0,Monday,False,False,5762367.908902692,2259552.5110590686,313900.3651411879,290869.15343915345,29762.116932032186,926695.552631579,17782.445442875483,0.5848373538928976,0.6313785552747906,0.5519840664156811,0.5291485816910347,0.8530979183363603,0.9542281685596453,0.3837492442713512
2022-10-04,25282.0,837110.0,1354099.0,,,181887.0,166868.0,6825.0,3397689.0,2022,10,1,Tuesday,False,False,5748704.710424711,2255897.9228855725,313633.75331564987,291107.8095238095,29750.885585003234,927888.2437758339,17826.632996632994,0.5910355760383074,0.6002483473489527,0.5799343918731342,0.5732171880684361,0.8497898298780087,0.9021668348696475,0.3828541262553098
2022-10-05,24305.0,819307.0,1206674.0,,,176091.0,158117.0,6012.0,3077346.0,2022,10,2,Wednesday,False,False,5737598.701298702,2255338.2352941176,314166.2921348315,289893.3333333333,29755.882352941175,929977.6699029126,17804.25531914894,0.536347374608727,0.5350301702496691,0.5605025249635203,0.5454316530218012,0.8168132845705249,0.880996422296391,0.3376720841300191
2022-10-06,28527.0,985944.0,1554806.0,,,203783.0,182247.0,7907.0,3848909.0,2022,10,3,Thursday,False,False,5753361.111111111,2253958.8235294116,314336.5853658537,290771.6216216216,29730.10752688172,925780.198019802,17836.363636363636,0.6689844293915151,0.6898111818943402,0.6482955197939135,0.6267702432019185,0.9595323519837969,1.0649871342127273,0.4433078491335372
2022-10-07,26725.0,1022910.0,1480214.0,,,204261.0,166955.0,6865.0,3591080.0,2022,10,4,Friday,False,False,5756068.412698412,2247057.401129944,314450.7211538461,291025.6581256581,29758.2427184466,926983.2165109033,17936.086956521736,0.6238772270457644,0.6587343960397573,0.6495803197731087,0.5736779398602466,0.898070502779845,1.103482761910359,0.38274792136329483
2022-10-08,15448.0,968165.0,888506.0,,,114687.0,110122.0,1975.0,2397249.0,2022,10,5,Saturday,True,False,3329512.5,1388290.625,113551.48514851485,152183.58208955222,17687.96992481203,946215.6862745098,4541.772151898734,0.72,0.64,1.01,0.7236128791816641,0.8733619553666312,1.0231969455208572,0.4348522853957637
2022-10-09,14776.0,913948.0,691656.0,,,97984.0,88783.0,2200.0,1917721.0,2022,10,6,Sunday,True,False,2456172.56097561,1000988.799010278,91166.64021164022,105091.34735426871,18374.333529066353,844693.9814814815,3762.105263157895,0.7807761679571353,0.6909727668120472,1.0747791053013855,0.8448174110919676,0.8041652219181638,1.081987110168651,0.5847789591494124
2022-10-10,17806.0,847978.0,1034288.0,,,163310.0,152488.0,4220.0,2556722.0,2022,10,0,Monday,False,False,5762367.908902692,2259552.5110590686,313900.3651411879,290869.15343915345,29762.116932032186,926695.552631579,17782.445442875483,0.44369294713895974,0.4577401918910137,0.5202606245027638,0.5242494716164489,0.5982773349309662,0.9150556486345044,0.23731269209043113
2022-10-11,26435.0,903121.0,1521587.0,,,203885.0,192887.0,7841.0,3649405.0,2022,10,1,Tuesday,False,False,5748704.710424711,2255897.9228855725,313633.75331564987,291107.8095238095,29750.885585003234,927888.2437758339,17826.632996632994,0.6348221353902841,0.6744928414374805,0.6500735263490737,0.6625964460229429,0.8885449787526762,0.9733079452811589,0.4398475024128768
2022-10-12,28193.0,949567.0,1554226.0,,,203866.0,185488.0,7820.0,3776129.0,2022,10,2,Wednesday,False,False,5737598.701298702,2255338.2352941176,314166.2921348315,289893.3333333333,29755.882352941175,929977.6699029126,17804.25531914894,0.6581375234809077,0.6891321113958386,0.6489111184229349,0.6398491399135314,0.9474765246614609,1.0210643015752545,0.4392208413001911
2022-10-13,26422.0,938635.0,1463795.0,,,195360.0,173174.0,7593.0,3682799.0,2022,10,3,Thursday,False,False,5753361.111111111,2253958.8235294116,314336.5853658537,290771.6216216216,29730.10752688172,925780.198019802,17836.363636363636,0.6401126105030392,0.6494328932362146,0.6214994025357314,0.5955670606169048,0.8887287062823249,1.013885371503618,0.4257033639143731
2022-10-14,26877.0,1004461.0,1468602.0,,,186594.0,170188.0,6877.0,3578772.0,2022,10,4,Friday,False,False,5756068.412698412,2247057.401129944,314450.7211538461,291025.6581256581,29758.2427184466,926983.2165109033,17936.086956521736,0.6217389619805251,0.6535667487895531,0.5933966356168991,0.5847869259916484,0.903178331270866,1.083580567705117,0.38341696361476746
2022-10-15,15945.0,967900.0,914771.0,,,100804.0,108230.0,1897.0,2363501.0,2022,10,5,Saturday,True,False,3329512.5,1388290.625,113551.48514851485,152183.58208955222,17687.96992481203,946215.6862745098,4541.772151898734,0.7098639815888963,0.6589189493374271,0.8877382789679736,0.711180526269333,0.9014601487778958,1.0229168825248152,0.41767837235228544
2022-10-16,15338.0,901946.0,705073.0,,,80395.0,85438.0,1385.0,1773903.0,2022,10,6,Sunday,True,False,2456172.56097561,1000988.799010278,91166.64021164022,105091.34735426871,18374.333529066353,844693.9814814815,3762.105263157895,0.7222224644083609,0.7043765132008839,0.8818466909975597,0.8129879590560753,0.8347513653073089,1.067778414163797,0.3681449356463346
2022-10-17,24045.0,864001.0,1430672.0,,,182855.0,170716.0,6952.0,3314497.0,2022,10,0,Monday,False,False,5762367.908902692,2259552.5110590686,313900.3651411879,290869.15343915345,29762.116932032186,926695.552631579,17782.445442875483,0.5751970461447278,0.6331660773528267,0.5825256046381291,0.5869168249073612,0.8079062405040481,0.9323461168519235,0.39094735436319367
2022-10-18,26135.0,898424.0,1510826.0,,,199026.0,191540.0,7917.0,3693627.0,2022,10,1,Tuesday,False,False,5748704.710424711,2255897.9228855725,313633.75331564987,291107.8095238095,29750.885585003234,927888.2437758339,17826.632996632994,0.6425146508746519,0.6697226787936693,0.6345809336398006,0.6579692943082451,0.8784612453074028,0.9682459132622095,0.44411078645615937
2022-10-19,28002.0,942343.0,1545140.0,,,202921.0,185202.0,7934.0,3814404.0,2022,10,2,Wednesday,False,False,5737598.701298702,2255338.2352941176,314166.2921348315,289893.3333333333,29755.882352941175,929977.6699029126,17804.25531914894,0.6648084326874607,0.6851034473764859,0.645903157277331,0.6388625701407414,0.9410576257783928,1.0132963731251508,0.44562380497131926
2022-10-20,27649.0,974568.0,1532692.0,,,201886.0,180234.0,7784.0,3810901.0,2022,10,3,Thursday,False,False,5753361.111111111,2253958.8235294116,314336.5853658537,290771.6216216216,29730.10752688172,925780.198019802,17836.363636363636,0.6623782040449786,0.68,0.6422605875323949,0.6198472842529895,0.93,1.0526991202496583,0.43641182466870543
2022-10-21,26385.0,1001944.0,1452280.0,,,185797.0,166539.0,6848.0,3570334.0,2022,10,4,Friday,False,False,5756068.412698412,2247057.401129944,314450.7211538461,291025.6581256581,29758.2427184466,926983.2165109033,17936.086956521736,0.6202730308283892,0.6463030269140939,0.590862057235029,0.5722485126314613,0.8866450969446664,1.080865308188905,0.38180011150704196
2022-10-22,15832.0,974020.0,916539.0,,,97921.0,122863.0,90.0,2430406.0,2022,10,5,Saturday,True,False,3329512.5,1388290.625,113551.48514851485,152183.58208955222,17687.96992481203,946215.6862745098,4541.772151898734,0.7299585149477589,0.6601924579012409,0.8623489148726534,0.8073341310083071,0.8950716259298618,1.0293847524711441,0.01981605351170569
2022-10-23,14434.0,874757.0,668183.0,,,76024.0,83665.0,19.0,1740520.0,2022,10,6,Sunday,True,False,2456172.56097561,1000988.799010278,91166.64021164022,105091.34735426871,18374.333529066353,844693.9814814815,3762.105263157895,0.708630992648437,0.6675229539637828,0.8339015216916287,0.7961169221473646,0.7855523019197872,1.0355904258555175,0.005050363738108562
2022-10-24,24643.0,890995.0,1432728.0,,,182390.0,161772.0,6929.0,3357840.0,2022,10,0,Monday,False,False,5762367.908902692,2259552.5110590686,313900.3651411879,290869.15343915345,29762.116932032186,926695.552631579,17782.445442875483,0.5827187803840561,0.6340759920328074,0.5810442428697513,0.5561676034988732,0.8279988972651803,0.9614754246632581,0.38965394395606573
2022-10-25,27080.0,907328.0,1512725.0,,,200671.0,183507.0,7864.0,3712582.0,2022,10,1,Tuesday,False,False,5748704.710424711,2255897.9228855725,313633.75331564987,291107.8095238095,29750.885585003234,927888.2437758339,17826.632996632994,0.6458119153811462,0.6705644722014007,0.6398259048286777,0.630374706539747,0.9102250056600141,0.9778418964635562,0.4411377067943965
2022-10-26,27891.0,935935.0,1539557.0,,,201843.0,181254.0,7978.0,3794534.0,2022,10,2,Wednesday,False,False,5737598.701298702,2255338.2352941176,314166.2921348315,289893.3333333333,29755.882352941175,929977.6699029126,17804.25531914894,0.6613453114350973,0.682627987193782,0.6424718534519755,0.6252437678226475,0.9373272709301177,1.0064058850979825,0.4480951242829827
2022-10-27,28035.0,975470.0,1543031.0,,,196789.0,179032.0,7848.0,3892985.0,2022,10,3,Thursday,False,False,5753361.111111111,2253958.8235294116,314336.5853658537,290771.6216216216,29730.10752688172,925780.198019802,17836.363636363636,0.6766453425775272,0.6845870403186028,0.6260454848771706,0.6157134558095655,0.9429834713732866,1.0536734335930733,0.44
2022-10-28,26237.0,996162.0,1455834.0,,,179633.0,159109.0,6647.0,3624748.0,2022,10,4,Friday,False,False,5756068.412698412,2247057.401129944,314450.7211538461,291025.6581256581,29758.2427184466,926983.2165109033,17936.086956521736,0.6297263583600701,0.647884650951919,0.5712596216693487,0.5467181176557994,0.8816716849928828,1.0746278705557157,0.3705936537948756
2022-10-29,15778.0,952084.0,912721.0,,,86888.0,102975.0,42.0,2440601.0,2022,10,5,Saturday,True,False,3329512.5,1388290.625,113551.48514851485,152183.58208955222,17687.96992481203,946215.6862745098,4541.772151898734,0.7330205247765251,0.6574423132764439,0.7651859408651372,0.6766498631856654,0.8920187035069075,1.0062018774478314,0.009247491638795988
2022-10-30,15324.0,905820.0,711004.0,,,69358.0,80576.0,5.0,1875953.0,2022,10,6,Sunday,True,False,2456172.56097561,1000988.799010278,91166.64021164022,105091.34735426871,18374.333529066353,844693.9814814815,3762.105263157895,0.763770848109653,0.7103016544271037,0.7607826704920548,0.7667234461118275,0.8339894329097145,1.0723646904779782,0.0013290430889759373
2022-10-31,24178.0,865933.0,1394453.0,,,177547.0,157055.0,6759.0,3410892.0,2022,10,0,Monday,False,False,5762367.908902692,2259552.5110590686,313900.3651411879,290869.15343915345,29762.116932032186,926695.552631579,17782.445442875483,0.5919254122476753,0.617136797297271,0.5656157804089903,0.5399506896589986,0.8123750086465742,0.9344309439502231,0.38009395399033746
2022-11-01,26993.0,915166.0,1501329.0,,,196102.0,178425.0,7756.0,3706707.0,2022,11,1,Tuesday,False,False,5625737.7049180325,2190970.6896551726,327065.2777777778,286282.9268292683,31157.547169811318,942660.8247422681,16970.454545454544,0.6588837223533526,0.6852346346250244,0.5995806137918441,0.6232470862868048,0.8663390559239411,0.9708327491494245,0.4570295968929959
2022-11-02,28493.0,923006.0,1549724.0,,,198277.0,181158.0,7788.0,3788123.0,2022,11,2,Wednesday,False,False,5628739.140504375,2188876.9153225804,327509.72222222225,286570.60690943047,31232.67399267399,943337.5216903134,17038.322050290135,0.6729967236784324,0.7079996089097651,0.6054079819513415,0.6321583429428765,0.9122817984359388,0.9784472458448569,0.4570872634648541
2022-11-03,28364.0,945430.0,1521975.0,,,197940.0,178498.0,7676.0,3802455.0,2022,11,3,Thursday,False,False,5653378.947368421,2185431.746031746,327975.0,286084.8101265823,31149.20634920635,940648.0769230769,16962.222222222223,0.672598641520395,0.6964184549636773,0.6035216098788018,0.6239338604556496,0.9105849979616796,1.0050836473217115,0.45253504519848026
2022-11-04,27340.0,979007.0,1459619.0,,,180084.0,161378.0,6813.0,3586358.0,2022,11,4,Friday,False,False,5603684.375,2173806.153846154,326782.6666666667,284676.4705882353,31152.06611570248,942817.6470588235,16980.0,0.64,0.6714577550613103,0.5510818607270072,0.5668821159210662,0.8776303921048443,1.0383842549554214,0.4012367491166078
2022-11-05,16790.0,943182.0,918127.0,,,96845.0,110793.0,2628.0,2449943.0,2022,11,5,Saturday,True,False,3163074.418604651,1314585.7142857143,115327.73109243698,151124.39024390245,16958.181818181816,908835.5769230769,3471.4285714285716,0.7745448496531929,0.6984154703817607,0.8397373214806179,0.7331245460854408,0.9900825560201566,1.0377916797592863,0.7570370370370371
2022-11-06,13926.0,776918.0,648085.0,,,92648.0,94517.0,3122.0,2116063.0,2022,11,6,Sunday,True,False,2525686.7934882017,996664.4871794871,94493.67346938775,104049.31084715374,18814.851616322205,823135.2092352093,3065.11946729338,0.8378168684477009,0.6502539303211752,0.9804677561827917,0.9083866027603344,0.740159969580571,0.9438522265641502,1.0185573623845885
2022-11-07,26193.0,905434.0,1478731.0,,,190295.0,168401.0,7365.0,3456868.0,2022,11,0,Monday,False,False,5636705.812807882,2184359.351325758,327818.6764379303,286024.43277310923,31191.57647907648,943581.6917293234,16987.22943722944,0.6132780589941748,0.6769632474173769,0.580488586152994,0.5887643875989615,0.8397459492812247,0.9595713947571309,0.43356098928403053
2022-11-08,25939.0,892069.0,1356894.0,,,201028.0,183142.0,6463.0,3431700.0,2022,11,1,Tuesday,False,False,5625737.7049180325,2190970.6896551726,327065.2777777778,286282.9268292683,31157.547169811318,942660.8247422681,16970.454545454544,0.61,0.6193117992890884,0.6146418273620199,0.6397237936205017,0.8325109758682291,0.9463308292713868,0.38083835543056116
2022-11-09,28589.0,925217.0,1517250.0,,,199030.0,180581.0,7722.0,3772030.0,2022,11,2,Wednesday,False,False,5628739.140504375,2188876.9153225804,327509.72222222225,286570.60690943047,31232.67399267399,943337.5216903134,17038.322050290135,0.6701376464324832,0.6931636901915058,0.6077071503390484,0.6301448775487011,0.9153555025966046,0.9807910516928827,0.4532136425880333
2022-11-10,28385.0,980730.0,1516812.0,,,203722.0,180584.0,7749.0,3802230.0,2022,11,3,Thursday,False,False,5653378.947368421,2185431.746031746,327975.0,286084.8101265823,31149.20634920635,940648.0769230769,16962.222222222223,0.6725588423132137,0.6940559927136551,0.621151002362985,0.6312254045228688,0.9112591724419078,1.042610965843925,0.4568387265819468
2022-11-11,20634.0,873263.0,1077574.0,,,172756.0,154511.0,4558.0,2994708.0,2022,11,4,Friday,False,False,5603684.375,2173806.153846154,326782.6666666667,284676.4705882353,31152.06611570248,942817.6470588235,16980.0,0.534417679439699,0.49570841360138257,0.5286571707189691,0.5427599958673417,0.6623637714225076,0.9262268294661185,0.2684334511189635
2022-11-12,15153.0,891655.0,893837.0,,,94911.0,106101.0,2262.0,2431419.0,2022,11,5,Saturday,True,False,3163074.418604651,1314585.7142857143,115327.73109243698,151124.39024390245,16958.181818181816,908835.5769230769,3471.4285714285716,0.7686885220590506,0.6799381662881299,0.8229677207811134,0.702077274414551,0.893550981022837,0.981096055921091,0.6516049382716049
2022-11-13,15544.0,862586.0,662034.0,,,76869.0,76460.0,1658.0,1794024.0,2022,11,6,Sunday,True,False,2525686.7934882017,996664.4871794871,94493.67346938775,104049.31084715374,18814.851616322205,823135.2092352093,3065.11946729338,0.7103113515996538,0.6642496131005174,0.8134830320138051,0.7348438867828556,0.8261558643659627,1.0479274733022843,0.5409250822657424
2022-11-14,25728.0,893380.0,1441705.0,,,181582.0,165573.0,7135.0,3401075.0,2022,11,0,Monday,False,False,5636705.812807882,2184359.351325758,327818.6764379303,286024.43277310923,31191.57647907648,943581.6917293234,16987.22943722944,0.6033799018341496,0.6600127397193062,0.5539098686294068,0.5788771203729364,0.8248380782311057,0.9467966661823233,0.4200214064550655
2022-11-15,28155.0,907032.0,1483782.0,,,196179.0,182790.0,7776.0,3713627.0,2022,11,1,Tuesday,False,False,5625737.7049180325,2190970.6896551726,327065.2777777778,286282.9268292683,31157.547169811318,942660.8247422681,16970.454545454544,0.6601137832561121,0.6772258556473552,0.5998160408005537,0.6384942407306434,0.9036333908620221,0.9622039828036671,0.4582081157091202
2022-11-16,28574.0,916270.0,1484607.0,,,194893.0,179233.0,7589.0,3751773.0,2022,11,2,Wednesday,False,False,5628739.140504375,2188876.9153225804,327509.72222222225,286570.60690943047,31232.67399267399,943337.5216903134,17038.322050290135,0.6665387942749492,0.6782505629290762,0.5950754642567863,0.6254409757266065,0.9148752363215005,0.9713066415064117,0.44540770960898535
2022-11-17,28778.0,966718.0,1493119.0,,,193797.0,178147.0,7633.0,3797815.0,2022,11,3,Thursday,False,False,5653378.947368421,2185431.746031746,327975.0,286084.8101265823,31149.20634920635,940648.0769230769,16962.222222222223,0.6717778934256365,0.6832146566513319,0.5908895495083467,0.6227069515545979,0.9238758662861801,1.0277148528939746,0.45
2022-11-18,27236.0,985239.0,1412974.0,,,183576.0,161777.0,6546.0,3539202.0,2022,11,4,Friday,False,False,5603684.375,2173806.153846154,326782.6666666667,284676.4705882353,31152.06611570248,942817.6470588235,16980.0,0.631584822262585,0.6499999999999999,0.5617678620245056,0.5682837069945242,0.8742919297500928,1.0449942288135066,0.3855123674911661
2022-11-19,16076.0,932718.0,864766.0,,,97654.0,101076.0,1630.0,2323449.0,2022,11,5,Saturday,True,False,3163074.418604651,1314585.7142857143,115327.73109243698,151124.39024390245,16958.181818181816,908835.5769230769,3471.4285714285716,0.7345540105961084,0.6578239749622369,0.8467521130865636,0.6688265199076838,0.9479789857403239,1.026278045978106,0.46954732510288066
2022-11-20,15556.0,833468.0,645986.0,,,74524.0,74870.0,1079.0,1721187.0,2022,11,6,Sunday,True,False,2525686.7934882017,996664.4871794871,94493.67346938775,104049.31084715374,18814.851616322205,823135.2092352093,3065.11946729338,0.6814728589616155,0.6481479056488804,0.7886665558000859,0.7195626707223699,0.8267936583940372,1.01255296900055,0.35202543049742824
2022-11-21,25766.0,900276.0,1393031.0,,,185570.0,166517.0,7017.0,3363626.0,2022,11,0,Monday,False,False,5636705.812807882,2184359.351325758,327818.6764379303,286024.43277310923,31191.57647907648,943581.6917293234,16987.22943722944,0.5967361277498417,0.6377297760803528,0.566075130362916,0.582177537721369,0.8260563558653089,0.9541049894154304,0.4130750117862922
2022-11-22,27957.0,986860.0,1447618.0,,,200264.0,183771.0,7462.0,3548882.0,2022,11,1,Tuesday,False,False,5625737.7049180325,2190970.6896551726,327065.2777777778,286282.9268292683,31157.547169811318,942660.8247422681,16970.454545454544,0.6308296238016143,0.6607199296800426,0.6123059022366415,0.6419209208015267,0.8972785902443456,1.0468876759250247,0.43970537029596896
2022-11-23,25032.0,987510.0,1358016.0,,,210438.0,184135.0,6862.0,3263998.0,2022,11,2,Wednesday,False,False,5628739.140504375,2188876.9153225804,327509.72222222225,286570.60690943047,31232.67399267399,943337.5216903134,17038.322050290135,0.5798808433868056,0.6204167947926235,0.6425397040800315,0.6425467077235704,0.8014683598936027,1.0468257408340298,0.4027391887385502
2022-11-24,18369.0,861586.0,515903.0,,,90771.0,90057.0,2006.0,1382266.0,2022,11,3,Thursday,False,False,5653378.947368421,2185431.746031746,327975.0,286084.8101265823,31149.20634920635,940648.0769230769,16962.222222222223,0.24450262628218616,0.23606456753305805,0.2767619483192317,0.314791267527112,0.5897100489196901,0.9159493557019813,0.11826280623608018
2022-11-25,12834.0,768844.0,842892.0,,,163354.0,148368.0,3361.0,2058658.0,2022,11,4,Friday,False,False,5603684.375,2173806.153846154,326782.6666666667,284676.4705882353,31152.06611570248,942817.6470588235,16980.0,0.3673757946083464,0.3877493853390083,0.4998857548543986,0.5211811137514206,0.4119790948161511,0.815474765877002,0.19793875147232037
2022-11-26,12576.0,855586.0,781665.0,,,105304.0,106685.0,2286.0,1999608.0,2022,11,5,Saturday,True,False,3163074.418604651,1314585.7142857143,115327.73109243698,151124.39024390245,16958.181818181816,908835.5769230769,3471.4285714285716,0.6321722904268882,0.5946093826409189,0.9130848149227629,0.7059416407094785,0.7415889353489868,0.9414090092034504,0.6585185185185185
2022-11-27,13063.0,817212.0,562073.0,,,79973.0,76680.0,1408.0,1476228.0,2022,11,6,Sunday,True,False,2525686.7934882017,996664.4871794871,94493.67346938775,104049.31084715374,18814.851616322205,823135.2092352093,3065.11946729338,0.5844857738521076,0.5639540760508481,0.8463317919998964,0.7369582688792751,0.6942919490615395,0.9928040871429705,0.45936219290118535
2022-11-28,24969.0,908669.0,1397963.0,,,186710.0,163694.0,7120.0,3265971.0,2022,11,0,Monday,False,False,5636705.812807882,2184359.351325758,327818.6764379303,286024.43277310923,31191.57647907648,943581.6917293234,16987.22943722944,0.5794112924217135,0.6399876463327938,0.5695526625535381,0.5723077515194352,0.8005045854847822,0.9629998207517803,0.4191383901836113
2022-11-29,27009.0,894717.0,1455294.0,,,192494.0,181370.0,7510.0,3596894.0,2022,11,1,Tuesday,False,False,5625737.7049180325,2190970.6896551726,327065.2777777778,286282.9268292683,31157.547169811318,942660.8247422681,16970.454545454544,0.6393639712096046,0.6642233996425768,0.588549176812308,0.6335341125954199,0.8668525751657735,0.9491398990136496,0.44253381545466725
2022-11-30,26469.0,861393.0,1356729.0,,,189152.0,177367.0,7204.0,3568413.0,2022,11,2,Wednesday,False,False,5628739.140504375,2188876.9153225804,327509.72222222225,286570.60690943047,31232.67399267399,943337.5216903134,17038.322050290135,0.6339631151711616,0.6198288220331728,0.5775462136408164,0.6189294914535884,0.8474778690485686,0.9131334015597286,0.4228115878275307
2022-12-01,27018.0,935192.0,1459934.0,,,181825.0,166856.0,7538.0,3770495.0,2022,12,3,Thursday,False,False,5323077.142857144,2001965.7142857143,316324.59016393445,278548.3333333334,29079.120879120877,887495.2380952381,15590.90909090909,0.70832995630347,0.7292502511816957,0.5748051389421531,0.5990199187454002,0.9291202479026529,1.0537431186753516,0.4834868804664723
2022-12-02,27007.0,936922.0,1395642.0,,,172860.0,152746.0,6576.0,3600504.0,2022,12,4,Friday,False,False,5357951.064754454,2006115.976535542,314922.4775224775,278818.6326156665,29122.47927031509,884935.9170024865,15644.787644787644,0.6719926995385884,0.6956935772029498,0.5488969900145098,0.5478328279823053,0.927359231654723,1.058745590498354,0.42033168805528137
2022-12-03,15540.0,818524.0,760109.0,,,87730.0,89976.0,1467.0,2291687.0,2022,12,5,Saturday,True,False,3318082.161588412,1269123.360215054,128093.1411862991,157152.23964165733,17254.941520467837,883727.2134387351,4967.299107142857,0.6906661403775902,0.5989244417273976,0.684892252524319,0.5725403608956872,0.9006115715643793,0.9262179409582533,0.29533152088435527
2022-12-04,15763.0,806711.0,681713.0,,,81381.0,80173.0,1266.0,1990479.0,2022,12,6,Sunday,True,False,2545125.7228719946,980215.2346041056,106420.31155474894,107722.00459176351,17861.851958525345,795059.8224195337,3387.976190476191,0.7820749215303537,0.6954727655047452,0.764713040312166,0.7442583370392466,0.8824952774550583,1.0146544665595216,0.3736744087986225
2022-12-05,26409.0,877396.0,1429308.0,,,183238.0,164873.0,7013.0,3481640.0,2022,12,0,Monday,False,False,5356369.230769231,2004322.222222222,315470.68965517246,278594.5945945946,29126.956521739132,885151.5151515151,15584.444444444443,0.65,0.7131128838232931,0.5808400146469697,0.5918025805199845,0.9066858729400525,0.9912382060938035,0.45
2022-12-06,27305.0,881978.0,1414979.0,,,195892.0,178862.0,7447.0,3753299.0,2022,12,1,Tuesday,False,False,5351988.235294118,1998182.8571428573,315567.85714285716,279232.9411764706,29125.362318840584,884767.3469387755,15622.448979591836,0.701290592391173,0.7081328893108595,0.6207603073823832,0.6405476346967321,0.9374990670017166,0.996847366770003,0.4766858262573482
2022-12-07,27941.0,902541.0,1442871.0,,,194436.0,178345.0,7526.0,3835333.0,2022,12,2,Wednesday,False,False,5328986.111111112,1998535.4166666667,314553.5802469136,278541.7327425373,29102.604166666664,884639.0717754991,15592.26785053644,0.7197115774055414,0.7219641883587669,0.6181331646181694,0.6402810747388022,0.960085902965442,1.0202364204743648,0.48267513565969644
2022-12-08,28292.0,951837.0,1480877.0,,,192958.0,182314.0,7541.0,3931499.0,2022,12,3,Thursday,False,False,5323077.142857144,2001965.7142857143,316324.59016393445,278548.3333333334,29079.120879120877,887495.2380952381,15590.90909090909,0.7385763712396213,0.7397114692987463,0.61,0.6545147760113444,0.9729317511903862,1.072498148883428,0.4836793002915452
2022-12-09,26213.0,967823.0,1386473.0,,,185104.0,165147.0,6379.0,3710928.0,2022,12,4,Friday,False,False,5357951.064754454,2006115.976535542,314922.4775224775,278818.6326156665,29122.47927031509,884935.9170024865,15644.787644787644,0.6926020702971959,0.6911230538098634,0.5877763996277092,0.5923097694394208,0.900095069402942,1.0936645031634313,0.40773963474827246
2022-12-10,16232.0,902924.0,869320.0,,,112142.0,119858.0,1873.0,2663493.0,2022,12,5,Saturday,True,False,3318082.161588412,1269123.360215054,128093.1411862991,157152.23964165733,17254.941520467837,883727.2134387351,4967.299107142857,0.802720629053064,0.6849767542319078,0.8754723239779115,0.7626871896531883,0.940716025072909,1.0217225250839193,0.37706607949311344
2022-12-11,14949.0,780359.0,618870.0,,,77607.0,74273.0,1103.0,1865579.0,2022,12,6,Sunday,True,False,2545125.7228719946,980215.2346041056,106420.31155474894,107722.00459176351,17861.851958525345,795059.8224195337,3387.976190476191,0.7330007249680482,0.6313613359110384,0.7292498853480084,0.6894877261286962,0.8369232952277907,0.9815097908295806,0.325563090762149
2022-12-12,25771.0,879951.0,1384864.0,,,182973.0,163516.0,6838.0,3466978.0,2022,12,0,Monday,False,False,5356369.230769231,2004322.222222222,315470.68965517246,278594.5945945946,29126.956521739132,885151.5151515151,15584.444444444443,0.6472626980388553,0.6909388044725566,0.58,0.5869317035312378,0.884781764986864,0.9941247175624787,0.43877085412804795
2022-12-13,28234.0,911982.0,1437228.0,,,197613.0,183214.0,7570.0,3763568.0,2022,12,1,Tuesday,False,False,5351988.235294118,1998182.8571428573,315567.85714285716,279232.9411764706,29125.362318840584,884767.3469387755,15622.448979591836,0.7032093185819893,0.7192675059053654,0.6262139680168404,0.6561331883984697,0.9693956659119746,1.030759106510186,0.4845591116917048
2022-12-14,29081.0,944777.0,1435020.0,,,196921.0,183484.0,7400.0,3777173.0,2022,12,2,Wednesday,False,False,5328986.111111112,1998535.4166666667,314553.5802469136,278541.7327425373,29102.604166666664,884639.0717754991,15592.26785053644,0.7087976814434681,0.7180358116412331,0.6260332495513924,0.6587307337877395,0.9992576552069725,1.0679801855278697,0.4745942072657127
2022-12-15,27034.0,935757.0,1363160.0,,,191261.0,173709.0,7001.0,3726154.0,2022,12,3,Thursday,False,False,5323077.142857144,2001965.7142857143,316324.59016393445,278548.3333333334,29079.120879120877,887495.2380952381,15590.90909090909,0.6999999999999998,0.680910761993926,0.6046352574135303,0.6236224712647116,0.9296704708638803,1.0543797418094798,0.44904373177842566
2022-12-16,24074.0,920830.0,1221634.0,,,170615.0,151244.0,5823.0,3270016.0,2022,12,4,Friday,False,False,5357951.064754454,2006115.976535542,314922.4775224775,278818.6326156665,29122.47927031509,884935.9170024865,15644.787644787644,0.6103109118541118,0.608954823294762,0.5417682514828507,0.5424458135424547,0.8266466524551339,1.040561222917809,0.3722006416584403
2022-12-17,16788.0,936674.0,884283.0,,,114272.0,123286.0,2071.0,2577771.0,2022,12,5,Saturday,True,False,3318082.161588412,1269123.360215054,128093.1411862991,157152.23964165733,17254.941520467837,883727.2134387351,4967.299107142857,0.7768858257463961,0.6967667822694222,0.8921008489736575,0.7845004327085632,0.9729386784699356,1.059913043025166,0.4169267755633945
2022-12-18,16036.0,845630.0,668994.0,,,87146.0,87425.0,1487.0,1967199.0,2022,12,6,Sunday,True,False,2545125.7228719946,980215.2346041056,106420.31155474894,107722.00459176351,17861.851958525345,795059.8224195337,3387.976190476191,0.7729280256458824,0.6824970438968915,0.8188850298109389,0.8115797726872654,0.8977792469243998,1.0636055000573046,0.4389050915351909
2022-12-19,25529.0,890263.0,1352455.0,,,178278.0,159383.0,6591.0,3381411.0,2022,12,0,Monday,False,False,5356369.230769231,2004322.222222222,315470.68965517246,278594.5945945946,29126.956521739132,885151.5151515151,15584.444444444443,0.6312878844452614,0.6747692486792433,0.5651174763489695,0.5720965269693442,0.8764733102459995,1.005774700445053,0.42292171681163554
2022-12-20,27148.0,927027.0,1398728.0,,,191991.0,173346.0,7046.0,3586084.0,2022,12,1,Tuesday,False,False,5351988.235294118,1998182.8571428573,315567.85714285716,279232.9411764706,29125.362318840584,884767.3469387755,15622.448979591836,0.6700470633233608,0.7,0.608398465351577,0.6207935183780777,0.9321085761202198,1.0477635767271922,0.4510176355323318
2022-12-21,28480.0,957512.0,1393290.0,,,191684.0,168379.0,6993.0,3563236.0,2022,12,2,Wednesday,False,False,5328986.111111112,1998535.4166666667,314553.5802469136,278541.7327425373,29102.604166666664,884639.0717754991,15592.26785053644,0.6686517708444643,0.6971555211785296,0.6093842576820608,0.6045018760461173,0.9786065823147271,1.0823758870137201,0.44849152586609853
2022-12-22,25244.0,940403.0,1269330.0,,,177675.0,147366.0,5728.0,3187083.0,2022,12,3,Thursday,False,False,5323077.142857144,2001965.7142857143,316324.59016393445,278548.3333333334,29079.120879120877,887495.2380952381,15590.90909090909,0.5987294405974631,0.6340418274610098,0.5616857036246229,0.5290500152576751,0.8681142770765626,1.0596146994752487,0.36739358600583094
2022-12-23,20359.0,816096.0,1057686.0,,,163716.0,138857.0,4523.0,2738016.0,2022,12,4,Friday,False,False,5357951.064754454,2006115.976535542,314922.4775224775,278818.6326156665,29122.47927031509,884935.9170024865,15644.787644787644,0.5110192248695871,0.5272307345991875,0.5198612728058283,0.4980190839376414,0.6990819638337655,0.9222091501996375,0.2891058736426456
2022-12-24,12759.0,748638.0,497129.0,,,61701.0,60373.0,1304.0,1411469.0,2022,12,5,Saturday,True,False,3318082.161588412,1269123.360215054,128093.1411862991,157152.23964165733,17254.941520467837,883727.2134387351,4967.299107142857,0.4253869950358041,0.39171054255573795,0.4816885543486037,0.3841688806832413,0.7394403501666612,0.8471369769036764,0.26251690745276024
2022-12-25,13709.0,732924.0,321245.0,,,51896.0,47454.0,1005.0,1008452.0,2022,12,6,Sunday,True,False,2545125.7228719946,980215.2346041056,106420.31155474894,107722.00459176351,17861.851958525345,795059.8224195337,3387.976190476191,0.39622875637830307,0.3277290422136176,0.48765126921566665,0.44052280849987413,0.7675016024000123,0.9218476136419,0.29663726764819565
2022-12-26,9327.0,767127.0,644828.0,,,87401.0,89137.0,2214.0,1812842.0,2022,12,0,Monday,False,False,5356369.230769231,2004322.222222222,315470.68965517246,278594.5945945946,29126.956521739132,885151.5151515151,15584.444444444443,0.3384460484139658,0.3217187300777764,0.27704951003699996,0.3199523670935196,0.32021883209935514,0.8666617939061966,0.14206473691715388
2022-12-27,21363.0,885227.0,1027687.0,,,178880.0,156503.0,5228.0,2729514.0,2022,12,1,Tuesday,False,False,5351988.235294118,1998182.8571428573,315567.85714285716,279232.9411764706,29125.362318840584,884767.3469387755,15622.448979591836,0.51,0.5143107880874623,0.5668511413664709,0.5604747038104386,0.7334844375886347,1.0005195185636255,0.33464663618549967
2022-12-28,23571.0,895059.0,1088279.0,,,182226.0,163499.0,5407.0,2947028.0,2022,12,2,Wednesday,False,False,5328986.111111112,1998535.4166666667,314553.5802469136,278541.7327425373,29102.604166666664,884639.0717754991,15592.26785053644,0.5530185176980194,0.5445382608305874,0.5793162483064378,0.5869820597085392,0.8099275193729084,1.0117787339005813,0.3467744430656363
2022-12-29,23200.0,919855.0,1099513.0,,,189075.0,167129.0,5597.0,3039432.0,2022,12,3,Thursday,False,False,5323077.142857144,2001965.7142857143,316324.59016393445,278548.3333333334,29079.120879120877,887495.2380952381,15590.90909090909,0.5709915371184335,0.5492166984449569,0.5977246343763928,0.5999999999999999,0.7978232937797597,1.0364618991919474,0.3589912536443149
2022-12-30,22951.0,930119.0,1087122.0,,,193989.0,176215.0,5338.0,3063480.0,2022,12,4,Friday,False,False,5357951.064754454,2006115.976535542,314922.4775224775,278818.6326156665,29122.47927031509,884935.9170024865,15644.787644787644,0.5717633406829918,0.5419038643405867,0.6159896922129164,0.6320058252451909,0.7880853751141389,1.0510580281909685,0.3411999012833169
2022-12-31,14090.0,688653.0,651474.0,,,81590.0,81198.0,1847.0,1927101.0,2022,12,5,Saturday,True,False,3318082.161588412,1269123.360215054,128093.1411862991,157152.23964165733,17254.941520467837,883727.2134387351,4967.299107142857,0.5807876074646295,0.5133259858124487,0.6369583823487881,0.5166836959190007,0.8165776733167378,0.7792596963494338,0.3718318466758038
2023-01-01,11476.0,739832.0,475226.0,,,67722.0,66309.0,1771.0,1675507.0,2023,1,6,Sunday,True,False,2095472.1381578948,913782.6223776224,82814.40991237678,90573.26786688488,13501.375636868921,682857.6058201058,2739.4444444444443,0.7995844800269779,0.5200646065729317,0.8177562343516598,0.7321034292088703,0.8499874611785394,1.0834352487169978,0.6464814439261813
2023-01-02,10136.0,695181.0,739507.0,,,76247.0,72403.0,2671.0,1938154.0,2023,1,0,Monday,False,False,5139695.081967213,2039527.8688524591,300793.3333333334,267998.275862069,28215.384615384613,866718.1818181818,16281.39534883721,0.37709513290001895,0.3625873474413879,0.25348633613333627,0.2701621858092242,0.35923664122137405,0.8020842467405784,0.16405227824596486
2023-01-03,24868.0,818603.0,1268913.0,,,179109.0,167136.0,6853.0,3175777.0,2023,1,1,Tuesday,False,False,5148953.489116518,2043323.325129888,302659.45701357466,269917.4025974026,28263.335679099226,868912.0103473762,16476.075650118204,0.6167810617657987,0.6210045098561868,0.5917839203417548,0.6192116491625144,0.8798678359253228,0.9421011451697353,0.4159364247608826
2023-01-04,26848.0,843875.0,1391449.0,,,182834.0,170847.0,7282.0,3413052.0,2023,1,2,Wednesday,False,False,5155313.043478262,2043222.5806451612,301629.1666666667,268885.5263157895,28261.05263157895,868683.3333333334,16400.0,0.662045538498906,0.6810070587418041,0.6061549087593762,0.6353893507802675,0.95,0.9714414535407992,0.44402439024390244
2023-01-05,26808.0,864461.0,1378698.0,,,175278.0,166642.0,7042.0,3428520.0,2023,1,3,Thursday,False,False,5138548.1409544945,2045409.1208791207,303636.27413127414,268106.5839481333,28271.446776611694,869319.7641509434,16370.038759689924,0.6672157010021018,0.6740451022372644,0.5772630444155045,0.6215513156970357,0.9482358724625876,0.9944108435683745,0.4301761347896398
2023-01-06,25824.0,878051.0,1319595.0,,,161259.0,142524.0,6050.0,3229858.0,2023,1,4,Friday,False,False,5129050.134310134,2047720.1129943505,301619.1314553991,268270.5018939394,28288.191287878788,869741.1204481793,16363.233923578751,0.6297185473766911,0.644421565049911,0.5346444677493729,0.5312697407795762,0.912889754498561,1.0095544287333897,0.3697313152311657
2023-01-07,14828.0,811276.0,806981.0,,,87215.0,85244.0,2297.0,2116138.0,2023,1,5,Saturday,True,False,2705277.2151898732,1193827.0833333335,97377.01149425287,129873.41772151898,14520.833333333334,765329.9999999999,4097.8723404255325,0.7822259353378231,0.6759613777120849,0.8956426025165845,0.6563621832358675,1.0211535150645623,1.0600342335985786,0.5605347871235721
2023-01-08,15157.0,742022.0,628612.0,,,68647.0,64893.0,1529.0,1610764.0,2023,1,6,Sunday,True,False,2095472.1381578948,913782.6223776224,82814.40991237678,90573.26786688488,13501.375636868921,682857.6058201058,2739.4444444444443,0.7686878630684175,0.6879229092411269,0.82892578806796,0.7164696772934476,1.12262634620801,1.0866423595133547,0.5581423646319206
2023-01-09,24923.0,832659.0,1353638.0,,,173594.0,157335.0,6629.0,3145743.0,2023,1,0,Monday,False,False,5139695.081967213,2039527.8688524591,300793.3333333334,267998.275862069,28215.384615384613,866718.1818181818,16281.39534883721,0.6120485651059225,0.6637016442249573,0.5771205035572596,0.5870746723795186,0.8833124318429663,0.9607032798749725,0.4071518354520783
2023-01-10,27309.0,863402.0,1412543.0,,,196817.0,179530.0,7414.0,3469177.0,2023,1,1,Tuesday,False,False,5148953.489116518,2043323.325129888,302659.45701357466,269917.4025974026,28263.335679099226,868912.0103473762,16476.075650118204,0.6737635147283605,0.6912968606719198,0.6502919219575964,0.665129399854886,0.966234145539836,0.9936587246099022,0.4499857950061555
2023-01-11,27991.0,867649.0,1421914.0,,,188904.0,174349.0,7166.0,3508962.0,2023,1,2,Wednesday,False,False,5155313.043478262,2043222.5806451612,301629.1666666667,268885.5263157895,28261.05263157895,868683.3333333334,16400.0,0.6806496463757945,0.6959173285717218,0.6262789573289497,0.6484134805948529,0.990444353396901,0.9988093091076533,0.4369512195121951
2023-01-12,27119.0,885122.0,1364715.0,,,188850.0,168701.0,7150.0,3472709.0,2023,1,3,Thursday,False,False,5138548.1409544945,2045409.1208791207,303636.27413127414,268106.5839481333,28271.446776611694,869319.7641509434,16370.038759689924,0.6758152117564745,0.6672088170866486,0.6219612611843358,0.6292310972588281,0.9592363706846059,1.018177702268728,0.43677355349984726
2023-01-13,26085.0,926298.0,1345748.0,,,167475.0,147885.0,6042.0,3270020.0,2023,1,4,Friday,False,False,5129050.134310134,2047720.1129943505,301619.1314553991,268270.5018939394,28288.191287878788,869741.1204481793,16363.233923578751,0.6375488471297276,0.6571933300162457,0.5552532400444393,0.5512533020065928,0.9221162192570851,1.0650272572172703,0.36924241431846333
2023-01-14,15407.0,820548.0,785952.0,,,84718.0,83565.0,2059.0,2072387.0,2023,1,5,Saturday,True,False,2705277.2151898732,1193827.0833333335,97377.01149425287,129873.41772151898,14520.833333333334,765329.9999999999,4097.8723404255325,0.7660534707362872,0.658346598910716,0.87,0.6434342105263158,1.0610272596843615,1.0721492689428092,0.5024558670820353
2023-01-15,15198.0,760062.0,621041.0,,,72479.0,70493.0,1510.0,1705804.0,2023,1,6,Sunday,True,False,2095472.1381578948,913782.6223776224,82814.40991237678,90573.26786688488,13501.375636868921,682857.6058201058,2739.4444444444443,0.814042796817882,0.6796375689264899,0.87519792843646,0.7782980746990739,1.1256630738054585,1.1130607516440745,0.5512066517947678
2023-01-16,14617.0,815207.0,884152.0,,,82416.0,75892.0,3140.0,2172218.0,2023,1,0,Monday,False,False,5139695.081967213,2039527.8688524591,300793.3333333334,267998.275862069,28215.384615384613,866718.1818181818,16281.39534883721,0.42263557766710663,0.4335081728976169,0.27399543429597284,0.28318092627976243,0.5180507088331516,0.9405675536768794,0.19285816311955434
2023-01-17,27214.0,874293.0,1399573.0,,,193345.0,183674.0,7492.0,3451604.0,2023,1,1,Tuesday,False,False,5148953.489116518,2043323.325129888,302659.45701357466,269917.4025974026,28263.335679099226,868912.0103473762,16476.075650118204,0.6703505881915128,0.6849493581301106,0.6388202830593469,0.680482244688611,0.9628729003889229,1.0061927900507124,0.4547199320456052
2023-01-18,29223.0,881030.0,1449590.0,,,198264.0,182209.0,7488.0,3603344.0,2023,1,2,Wednesday,False,False,5155313.043478262,2043222.5806451612,301629.1666666667,268885.5263157895,28261.05263157895,868683.3333333334,16400.0,0.6989573610003018,0.7094625978253833,0.6573104391429874,0.6776452511095995,1.0340379171632896,1.0142130810997487,0.45658536585365855
2023-01-19,26737.0,865972.0,1327804.0,,,179752.0,170122.0,6925.0,3492226.0,2023,1,3,Thursday,False,False,5138548.1409544945,2045409.1208791207,303636.27413127414,268106.5839481333,28271.446776611694,869319.7641509434,16370.038759689924,0.679613366306093,0.6491630385559772,0.5919977792978911,0.6345312281958396,0.9457245047012909,0.996148984195461,0.423028931186915
2023-01-20,26548.0,918497.0,1383181.0,,,173943.0,150003.0,6192.0,3375887.0,2023,1,4,Friday,False,False,5129050.134310134,2047720.1129943505,301619.1314553991,268270.5018939394,28288.191287878788,869741.1204481793,16363.233923578751,0.6581895110397595,0.675473660302821,0.5766975031082245,0.5591483183615306,0.9384834728325511,1.0560579216108543,0.37840930643163273
2023-01-21,15580.0,829548.0,823236.0,,,88435.0,84763.0,2058.0,2137169.0,2023,1,5,Saturday,True,False,2705277.2151898732,1193827.0833333335,97377.01149425287,129873.41772151898,14520.833333333334,765329.9999999999,4097.8723404255325,0.79,0.6895772524287261,0.9081712268939305,0.6526585769980507,1.0729411764705883,1.0839089020422565,0.5022118380062305
2023-01-22,14721.0,746681.0,611151.0,,,64883.0,61728.0,1479.0,1593386.0,2023,1,6,Sunday,True,False,2095472.1381578948,913782.6223776224,82814.40991237678,90573.26786688488,13501.375636868921,682857.6058201058,2739.4444444444443,0.7603947439743709,0.6688144259187287,0.7834747608375231,0.6815255919740177,1.090333340537581,1.093465158234919,0.5398904887446766
2023-01-23,25087.0,812462.0,1281037.0,,,172927.0,155439.0,6210.0,3135214.0,2023,1,0,Monday,False,False,5139695.081967213,2039527.8688524591,300793.3333333334,267998.275862069,28215.384615384613,866718.1818181818,16281.39534883721,0.61,0.6281046802860192,0.5749030341984529,0.58,0.8891248636859325,0.9374004342399228,0.3814169404370804
2023-01-24,27701.0,867402.0,1410676.0,,,196319.0,182127.0,7335.0,3566756.0,2023,1,1,Tuesday,False,False,5148953.489116518,2043323.325129888,302659.45701357466,269917.4025974026,28263.335679099226,868912.0103473762,16476.075650118204,0.6927147443726475,0.6903831530970888,0.6486465083137807,0.6747508617354805,0.9801037044783404,0.9982621826728203,0.44519096390209745
2023-01-25,26738.0,818572.0,1342717.0,,,188247.0,171748.0,6937.0,3511071.0,2023,1,2,Wednesday,False,False,5155313.043478262,2043222.5806451612,301629.1666666667,268885.5263157895,28261.05263157895,868683.3333333334,16400.0,0.6810587388949516,0.6571565000892013,0.6241007860093105,0.638740219130622,0.9461077175208581,0.942313462903628,0.42298780487804877
2023-01-26,27061.0,894362.0,1408545.0,,,190219.0,173696.0,7093.0,3629029.0,2023,1,3,Thursday,False,False,5138548.1409544945,2045409.1208791207,303636.27413127414,268106.5839481333,28271.446776611694,869319.7641509434,16370.038759689924,0.7062362559331596,0.688637292961031,0.6264699451481238,0.6478617475265078,0.9571848308232648,1.0288067025296672,0.4332915825139044
2023-01-27,26826.0,923980.0,1341589.0,,,178881.0,149763.0,6051.0,3335372.0,2023,1,4,Friday,False,False,5129050.134310134,2047720.1129943505,301619.1314553991,268270.5018939394,28288.191287878788,869741.1204481793,16363.233923578751,0.6502903876272236,0.6551622907284016,0.593069143647645,0.5582536989445405,0.9483108950657683,1.0623620963487057,0.3697924278452535
2023-01-28,15577.0,844952.0,861680.0,,,98609.0,89845.0,2333.0,2248107.0,2023,1,5,Saturday,True,False,2705277.2151898732,1193827.0833333335,97377.01149425287,129873.41772151898,14520.833333333334,765329.9999999999,4097.8723404255325,0.8310079970278439,0.7217795709526609,1.0126517387096012,0.6917889863547758,1.0727345767575323,1.1040361674049104,0.569319833852544
2023-01-29,15371.0,767359.0,647923.0,,,73109.0,65422.0,1694.0,1637398.0,2023,1,6,Sunday,True,False,2095472.1381578948,913782.6223776224,82814.40991237678,90573.26786688488,13501.375636868921,682857.6058201058,2739.4444444444443,0.781398125121061,0.7090559440867158,0.882805300156751,0.7223102526912291,1.1384765829361563,1.1237467276628028,0.6183735550598256
2023-01-30,25676.0,855064.0,1371537.0,,,180476.0,159176.0,6624.0,3223530.0,2023,1,0,Monday,False,False,5139695.081967213,2039527.8688524591,300793.3333333334,267998.275862069,28215.384615384613,866718.1818181818,16281.39534883721,0.6271831205142615,0.672477694934218,0.6,0.5939441195581546,0.91,0.9865536663904594,0.4068447364662191
2023-01-31,27308.0,856512.0,1365926.0,,,198755.0,183484.0,7593.0,3654404.0,2023,1,1,Tuesday,False,False,5148953.489116518,2043323.325129888,302659.45701357466,269917.4025974026,28263.335679099226,868912.0103473762,16476.075650118204,0.7097372325705432,0.6684825564320185,0.6566951581859396,0.6797783256445936,0.9661987640119316,0.9857292680965257,0.46085003257104645
2023-02-01,28492.0,872149.0,1460146.0,,,184043.0,169846.0,7588.0,3682758.0,2023,2,2,Wednesday,False,False,5424265.453016102,2150871.0057471264,303626.1538461538,269255.74603174604,29436.812570145903,884487.095959596,16221.581196581195,0.6789413298260032,0.6788626542914431,0.6061500225479715,0.6307980516782533,0.9679037066973716,0.9860505642016064,0.4677719087951316
2023-02-02,27917.0,898391.0,1478477.0,,,187799.0,169864.0,7457.0,3699932.0,2023,2,3,Thursday,False,False,5441076.470588235,2148666.176470588,301795.77464788733,269256.09756097564,29396.907216494845,884428.3018867924,16262.222222222223,0.68,0.6880906006667612,0.6222718002566795,0.6308640789890846,0.9496577240049097,1.0157872583717868,0.45854741732713855
2023-02-03,26238.0,891051.0,1246821.0,,,158579.0,135908.0,5819.0,3189550.0,2023,2,4,Friday,False,False,5433685.448717949,2149628.3898305083,302966.95804195805,268663.5774218154,29408.226704802048,883766.338724169,16224.285714285714,0.5869957011870385,0.5800169954483659,0.5234201149355644,0.5058668588582722,0.8921993244739105,1.0082427457990168,0.3586598573566963
2023-02-04,13439.0,739636.0,598818.0,,,69433.0,64032.0,1555.0,1742435.0,2023,2,5,Saturday,True,False,2871608.225494571,1270277.9407535233,93604.26685525695,130924.46808510639,16257.678571428572,831914.673076923,4261.589782691575,0.6067801953380685,0.4714070683182799,0.7417717411041347,0.4890758842600492,0.826624781696561,0.8890767574328017,0.3648873024606039
2023-02-05,15413.0,761094.0,650623.0,,,69379.0,62639.0,1522.0,1625375.0,2023,2,6,Sunday,True,False,2197103.4597850866,976913.8356854839,78060.25518341307,90978.317373461,16876.08639084049,754182.1455505278,2814.4474948524366,0.7397808204075146,0.6659983472784669,0.8887877683333818,0.6885047097856332,0.913304165613031,1.0091647017769516,0.5407810956799531
2023-02-06,26639.0,852589.0,1431232.0,,,181320.0,157813.0,7068.0,3372445.0,2023,2,0,Monday,False,False,5407455.1305403765,2157567.140151515,302429.1666666667,267888.8531187123,29316.151112281164,880479.0803307134,16097.817460317461,0.6236658314468503,0.6633545595709673,0.5995453480842621,0.589098792886566,0.9086799934265707,0.9683239716266311,0.4390657315765471
2023-02-07,28688.0,871447.0,1491417.0,,,201438.0,183389.0,7736.0,3738539.0,2023,2,1,Tuesday,False,False,5425127.660455487,2153160.2099817405,303072.07792207797,269324.7230710466,29473.21785476349,884115.4686489981,16111.559139784946,0.6891153967215801,0.6926642026385244,0.6646537727299021,0.680921520716176,0.9733582583811227,0.9856710247719604,0.48015216484524903
2023-02-08,29653.0,888483.0,1513135.0,,,197370.0,180852.0,7647.0,3780682.0,2023,2,2,Wednesday,False,False,5424265.453016102,2150871.0057471264,303626.1538461538,269255.74603174604,29436.812570145903,884487.095959596,16221.581196581195,0.6969942811146519,0.7034987202658383,0.6500428158109417,0.6716736881770279,1.0073441181628935,1.0045177640902367,0.47140903881870994
2023-02-09,28515.0,912777.0,1462622.0,,,193326.0,172507.0,7403.0,3754859.0,2023,2,3,Thursday,False,False,5441076.470588235,2148666.176470588,301795.77464788733,269256.09756097564,29396.907216494845,884428.3018867924,16262.222222222223,0.6900948774193688,0.6807116042579083,0.6405855092754638,0.6406800126817337,0.97,1.0320531331400522,0.4552268379338617
2023-02-10,28094.0,951629.0,1422781.0,,,179637.0,154760.0,6477.0,3539529.0,2023,2,4,Friday,False,False,5433685.448717949,2149628.3898305083,302966.95804195805,268663.5774218154,29408.226704802048,883766.338724169,16224.285714285714,0.651404839938818,0.6618730040647547,0.5929260443481166,0.5760364001891443,0.955310916295832,1.0767880131911334,0.3992163423439289
2023-02-11,16638.0,868299.0,865782.0,,,94434.0,88281.0,1615.0,2333625.0,2023,2,5,Saturday,True,False,2871608.225494571,1270277.9407535233,93604.26685525695,130924.46808510639,16257.678571428572,831914.673076923,4261.589782691575,0.8126543792714219,0.6815689481991807,1.0088642662628413,0.6742895448894523,1.0233933416078116,1.0437356475376325,0.3789665552886658
2023-02-12,16305.0,751947.0,659496.0,,,67457.0,63383.0,1227.0,1746099.0,2023,2,6,Sunday,True,False,2197103.4597850866,976913.8356854839,78060.25518341307,90978.317373461,16876.08639084049,754182.1455505278,2814.4474948524366,0.7947277094410464,0.67508103162163,0.864165763249181,0.6966824824844392,0.9661600220800928,0.9970363319209894,0.435964786070501
2023-02-13,25900.0,858301.0,1381524.0,,,180002.0,159741.0,6188.0,3303337.0,2023,2,0,Monday,False,False,5407455.1305403765,2157567.140151515,302429.1666666667,267888.8531187123,29316.151112281164,880479.0803307134,16097.817460317461,0.6108856976627177,0.640315647328121,0.5951873028119532,0.5962958075348225,0.8834720458631398,0.9748113489279232,0.3843999359077071
2023-02-14,29001.0,901909.0,1480867.0,,,200327.0,179811.0,7557.0,3812943.0,2023,2,1,Tuesday,False,False,5425127.660455487,2153160.2099817405,303072.07792207797,269324.7230710466,29473.21785476349,884115.4686489981,16111.559139784946,0.7028300970303564,0.6877644279022592,0.6609879780858781,0.6676364425428806,0.983978069273248,1.0201258002851052,0.46904212897305414
2023-02-15,29119.0,908598.0,1499155.0,,,197344.0,181992.0,7491.0,3762817.0,2023,2,2,Wednesday,False,False,5424265.453016102,2150871.0057471264,303626.1538461538,269255.74603174604,29436.812570145903,884487.095959596,16221.581196581195,0.6937007476114074,0.6969990278330307,0.6499571841890585,0.675907581108938,0.9892035671529118,1.027259757830888,0.4617922204512824
2023-02-16,28364.0,919686.0,1461093.0,,,189802.0,172189.0,7318.0,3683782.0,2023,2,3,Thursday,False,False,5441076.470588235,2148666.176470588,301795.77464788733,269256.09756097564,29396.907216494845,884428.3018867924,16262.222222222223,0.6770318373418754,0.68,0.6289087387702719,0.6394989809321073,0.96486340522532,1.0398649591357385,0.45
2023-02-17,26759.0,940247.0,1315466.0,,,172113.0,150151.0,5892.0,3253165.0,2023,2,4,Friday,False,False,5433685.448717949,2149628.3898305083,302966.95804195805,268663.5774218154,29408.226704802048,883766.338724169,16224.285714285714,0.5987032246718602,0.6119504218604596,0.5680916530051571,0.5588811160816761,0.9099154555834046,1.0639090433760672,0.36315928502245315
2023-02-18,15612.0,863499.0,822505.0,,,91478.0,93213.0,1266.0,2271106.0,2023,2,5,Saturday,True,False,2871608.225494571,1270277.9407535233,93604.26685525695,130924.46808510639,16257.678571428572,831914.673076923,4261.589782691575,0.7908829553546958,0.6475000262636172,0.9772845092783552,0.7119601199327207,0.9602847006359632,1.0379658250361892,0.2970722346721058
2023-02-19,16165.0,787041.0,639980.0,,,75448.0,75064.0,959.0,1824136.0,2023,2,6,Sunday,True,False,2197103.4597850866,976913.8356854839,78060.25518341307,90978.317373461,16876.08639084049,754182.1455505278,2814.4474948524366,0.8302458365699497,0.6551038347726306,0.9665354004124733,0.8250757121816883,0.9578642598543207,1.043568857527761,0.3407418336117445
2023-02-20,14818.0,812364.0,929439.0,,,90371.0,79984.0,1547.0,2238557.0,2023,2,0,Monday,False,False,5407455.1305403765,2157567.140151515,302429.1666666667,267888.8531187123,29316.151112281164,880479.0803307134,16097.817460317461,0.41397606562780614,0.4307810323505067,0.29881707837923477,0.29857158694302177,0.5054551650810812,0.9226386158940552,0.09609998397692678
2023-02-21,27224.0,867500.0,1273578.0,,,194967.0,174283.0,6525.0,3325542.0,2023,2,1,Tuesday,False,False,5425127.660455487,2153160.2099817405,303072.07792207797,269324.7230710466,29473.21785476349,884115.4686489981,16111.559139784946,0.6129887088630818,0.5914924463566974,0.6433024161669141,0.647111033895039,0.9236860438569326,0.9812066757814023,0.40498873779928257
2023-02-22,27895.0,873583.0,1305744.0,,,193753.0,171187.0,6538.0,3454362.0,2023,2,2,Wednesday,False,False,5424265.453016102,2150871.0057471264,303626.1538461538,269255.74603174604,29436.812570145903,884487.095959596,16221.581196581195,0.6368349834500154,0.6070768523593709,0.6381301397974231,0.6357784467850003,0.9476229783210438,0.9876718428008654,0.4030433236297536
2023-02-23,27336.0,910017.0,1328927.0,,,188438.0,167193.0,6695.0,3498367.0,2023,2,3,Thursday,False,False,5441076.470588235,2148666.176470588,301795.77464788733,269256.09756097564,29396.907216494845,884428.3018867924,16262.222222222223,0.6429549407935065,0.6184892816542137,0.6243891261229728,0.6209441550794872,0.9298937401367702,1.0289324731678284,0.411690352555343
2023-02-24,26077.0,931517.0,1246797.0,,,179793.0,153058.0,5551.0,3246699.0,2023,2,4,Friday,False,False,5433685.448717949,2149628.3898305083,302966.95804195805,268663.5774218154,29408.226704802048,883766.338724169,16224.285714285714,0.5975132404408949,0.5800058307279363,0.5934409519836166,0.5697013397528433,0.8867246659160821,1.0540308667387868,0.34214141058378095
2023-02-25,15461.0,834300.0,800947.0,,,86403.0,81742.0,1396.0,2043635.0,2023,2,5,Saturday,True,False,2871608.225494571,1270277.9407535233,93604.26685525695,130924.46808510639,16257.678571428572,831914.673076923,4261.589782691575,0.7116691552337467,0.6305289372535917,0.9230668953756939,0.6243447171911691,0.9509967817404962,1.0028672735320976,0.3275772824662399
2023-02-26,15891.0,810038.0,676041.0,,,74226.0,67702.0,1095.0,1625191.0,2023,2,6,Sunday,True,False,2197103.4597850866,976913.8356854839,78060.25518341307,90978.317373461,16876.08639084049,754182.1455505278,2814.4474948524366,0.7396970737823019,0.6920170185998374,0.9508808269406246,0.744155332331406,0.9416282680695954,1.0740614913506064,0.3890639288893224
2023-02-27,26730.0,858126.0,1423292.0,,,180277.0,160346.0,6752.0,3337916.0,2023,2,0,Monday,False,False,5407455.1305403765,2157567.140151515,302429.1666666667,267888.8531187123,29316.151112281164,880479.0803307134,16097.817460317461,0.6172803878016526,0.6596744886928753,0.5960966066434289,0.5985542068409403,0.9117840843985222,0.9746125934958983,0.41943574131364547
2023-02-28,26116.0,754778.0,1349173.0,,,177532.0,139326.0,6690.0,3412079.0,2023,2,1,Tuesday,False,False,5425127.660455487,2153160.2099817405,303072.07792207797,269324.7230710466,29473.21785476349,884115.4686489981,16111.559139784946,0.6289398542399509,0.6266013061849408,0.585774846753269,0.5173160429213417,0.8860925918809747,0.8537097548506458,0.41522983231834487
2023-03-01,29449.0,905202.0,1511792.0,,,192142.0,176661.0,7403.0,3780713.0,2023,3,2,Wednesday,False,False,5560024.226190476,2238006.617647059,312623.31871345034,275301.80995475117,29709.85085850357,920110.2857142857,15917.153679653678,0.679981389683693,0.6755082795909831,0.614611861938926,0.6416993772363362,0.9912200549324228,0.9837972839280757,0.4650957167965895
2023-03-02,28978.0,938334.0,1493623.0,,,195243.0,176678.0,7434.0,3765925.0,2023,3,3,Thursday,False,False,5556527.605042016,2237700.0,313649.21875,274745.4203599248,29792.34693877551,923111.3137254901,16020.516795865633,0.6777479151876766,0.6674813424498369,0.6224883989129975,0.6430607642833372,0.972665901734797,1.0164906290803373,0.46402997448362404
2023-03-03,27298.0,937815.0,1417670.0,,,172623.0,150603.0,6167.0,3481830.0,2023,3,4,Friday,False,False,5583752.888257576,2236808.276643991,313452.250335871,275884.12022703816,29696.351909184727,922131.7757009345,16030.060975609756,0.6235644860506199,0.6337914674238464,0.550715459260639,0.5458922386546265,0.9192374902978253,1.0170075738764608,0.38471469381078993
2023-03-04,16263.0,847470.0,870341.0,,,96720.0,84352.0,1449.0,2173217.0,2023,3,5,Saturday,True,False,3075971.0843373495,1330663.492063492,107664.58333333334,135717.33333333334,16949.137931034486,871945.2830188678,5055.813953488372,0.7065141187659025,0.6540654381750124,0.898345556222063,0.6215270955318898,0.9595178271705405,0.9719302535428267,0.2866007359705612
2023-03-05,16956.0,833993.0,712408.0,,,81079.0,72918.0,1215.0,1772121.0,2023,3,6,Sunday,True,False,2292858.73015873,994259.4202898551,86623.57142857143,94526.08695652173,17662.5,807161.1650485437,3144.4444444444443,0.7728871284962766,0.7165212473343352,0.9359923478432957,0.7714060990754796,0.96,1.0332422273435846,0.3863957597173145
2023-03-06,27550.0,879007.0,1460599.0,,,185896.0,163314.0,6849.0,3427019.0,2023,3,0,Monday,False,False,5544265.343915343,2241835.9973924384,313690.3395784544,276307.2155411656,29647.423220973782,923330.6152665059,15960.676532769558,0.6181195861704284,0.6515191127713518,0.59260989754996,0.5910594831196823,0.9292544513787633,0.9519959432367435,0.4291171483826529
2023-03-07,28417.0,890482.0,1490272.0,,,205559.0,186615.0,7607.0,3773780.0,2023,3,1,Tuesday,False,False,5579462.711864407,2240693.846153846,312771.69811320753,275253.6231884058,29763.636363636364,922663.9175257732,15965.217391304348,0.6763697859249553,0.6650939853108687,0.6572173928780412,0.677974726865868,0.9547556505803299,0.9651206502015679,0.47647331154684097
2023-03-08,30476.0,921778.0,1514182.0,,,203258.0,186940.0,7452.0,3842861.0,2023,3,2,Wednesday,False,False,5560024.226190476,2238006.617647059,312623.31871345034,275301.80995475117,29709.85085850357,920110.2857142857,15917.153679653678,0.6911590388218483,0.6765761942169519,0.6501690303732771,0.6790365818180621,1.0257877141539786,1.0018125156425348,0.46817415663490275
2023-03-09,29847.0,947895.0,1515155.0,,,201711.0,186197.0,7211.0,3827656.0,2023,3,3,Thursday,False,False,5556527.605042016,2237700.0,313649.21875,274745.4203599248,29792.34693877551,923111.3137254901,16020.516795865633,0.6888575513467744,0.677103722572284,0.6431101623778555,0.6777073836429242,1.001834466460021,1.0268479932008285,0.4501103236482934
2023-03-10,28209.0,968598.0,1408909.0,,,182873.0,160550.0,6135.0,3502339.0,2023,3,4,Friday,False,False,5583752.888257576,2236808.276643991,313452.250335871,275884.12022703816,29696.351909184727,922131.7757009345,16030.060975609756,0.6272374637791167,0.6298747258365233,0.583415814702391,0.5819472315690942,0.9499146590889939,1.0503900044695298,0.38271844438611907
2023-03-11,15493.0,844597.0,821990.0,,,78979.0,88667.0,1796.0,2230530.0,2023,3,5,Saturday,True,False,3075971.0843373495,1330663.492063492,107664.58333333334,135717.33333333334,16949.137931034486,871945.2830188678,5055.813953488372,0.7251466086133638,0.6177294296436435,0.7335652779659049,0.6533211184029551,0.9140877880067136,0.9686353220190813,0.35523459061637536
2023-03-12,16644.0,835281.0,686039.0,,,75970.0,70403.0,1547.0,1773585.0,2023,3,6,Sunday,True,False,2292858.73015873,994259.4202898551,86623.57142857143,94526.08695652173,17662.5,807161.1650485437,3144.4444444444443,0.7735256327271495,0.69,0.8770130202105991,0.7447996872268986,0.9423354564755838,1.0348379433613673,0.49197879858657245
2023-03-13,26027.0,856102.0,1377045.0,,,179787.0,157310.0,6358.0,3352388.0,2023,3,0,Monday,False,False,5544265.343915343,2241835.9973924384,313690.3395784544,276307.2155411656,29647.423220973782,923330.6152665059,15960.676532769558,0.604658650343844,0.6142487682424992,0.5731352780630817,0.5693300469620316,0.8778840510357558,0.9271890110054444,0.39835404138077196
2023-03-14,26262.0,778145.0,1360497.0,,,189402.0,159031.0,6866.0,3577250.0,2023,3,1,Tuesday,False,False,5579462.711864407,2240693.846153846,312771.69811320753,275253.6231884058,29763.636363636364,922663.9175257732,15965.217391304348,0.6411459641791643,0.6071766575051273,0.6055599056518408,0.5777616954060812,0.882351863164325,0.8433677585297614,0.4300599128540305
2023-03-15,29687.0,920214.0,1493605.0,,,205092.0,187128.0,7473.0,3912366.0,2023,3,2,Wednesday,False,False,5560024.226190476,2238006.617647059,312623.31871345034,275301.80995475117,29709.85085850357,920110.2857142857,15917.153679653678,0.7036598836333865,0.6673818514309445,0.656035515341665,0.6797194687196445,0.9992308659302128,1.0001127194069284,0.46949348799417984
2023-03-16,30151.0,979778.0,1522248.0,,,209838.0,187573.0,7562.0,3949788.0,2023,3,3,Thursday,False,False,5556527.605042016,2237700.0,313649.21875,274745.4203599248,29792.34693877551,923111.3137254901,16020.516795865633,0.7108374655451988,0.6802734951065826,0.6690212742638946,0.6827156563857324,1.0120384292637816,1.0613866230777895,0.472019729223186
2023-03-17,28094.0,968504.0,1408472.0,,,199191.0,171443.0,6790.0,3661519.0,2023,3,4,Friday,False,False,5583752.888257576,2236808.276643991,313452.250335871,275884.12022703816,29696.351909184727,922131.7757009345,16030.060975609756,0.6557451723374145,0.629679358176021,0.6354747805656601,0.621431200385551,0.9460421295489451,1.0502880667611925,0.423579174797351
2023-03-18,16828.0,926819.0,921569.0,,,102021.0,101788.0,1839.0,2417873.0,2023,3,5,Saturday,True,False,3075971.0843373495,1330663.492063492,107664.58333333334,135717.33333333334,16949.137931034486,871945.2830188678,5055.813953488372,0.7860519275722898,0.6925635260128018,0.9475818030534646,0.75,0.9928528559076343,1.0629325234619622,0.36373965041398343
2023-03-19,16471.0,882846.0,661736.0,,,82032.0,72936.0,1247.0,1894476.0,2023,3,6,Sunday,True,False,2292858.73015873,994259.4202898551,86623.57142857143,94526.08695652173,17662.5,807161.1650485437,3144.4444444444443,0.8262506429555951,0.6655566811799329,0.9469939722774235,0.771596522699048,0.9325406935598018,1.093766695213718,0.39657243816254417
2023-03-20,26951.0,899348.0,1444823.0,,,191367.0,167256.0,6895.0,3442589.0,2023,3,0,Monday,False,False,5544265.343915343,2241835.9973924384,313690.3395784544,276307.2155411656,29647.423220973782,923330.6152665059,15960.676532769558,0.6209278933191993,0.6444820235202426,0.6100506641586865,0.6053262115229899,0.9090503346319074,0.9740259719866609,0.43199923172702465
2023-03-21,29466.0,922043.0,1511670.0,,,213026.0,189925.0,7850.0,3801084.0,2023,3,1,Tuesday,False,False,5579462.711864407,2240693.846153846,312771.69811320753,275253.6231884058,29763.636363636364,922663.9175257732,15965.217391304348,0.6812634470909202,0.674643705830131,0.6810910363216284,0.69,0.99,0.9993270382487285,0.49169389978213507
2023-03-22,29999.0,923517.0,1509096.0,,,202826.0,184321.0,7589.0,3797399.0,2023,3,2,Wednesday,False,False,5560024.226190476,2238006.617647059,312623.31871345034,275301.80995475117,29709.85085850357,920110.2857142857,15917.153679653678,0.6829824557440531,0.6743036361467942,0.6487871756806144,0.6695233860986789,1.0097324332886601,1.0037025064697214,0.47678122312161525
2023-03-23,29189.0,937995.0,1466839.0,,,200870.0,177877.0,7208.0,3774396.0,2023,3,3,Thursday,False,False,5556527.605042016,2237700.0,313649.21875,274745.4203599248,29792.34693877551,923111.3137254901,16020.516795865633,0.6792724284452574,0.6555119095499844,0.640428823003405,0.6474248042678046,0.9797482574966178,1.0161233927622904,0.44992306377158486
2023-03-24,27883.0,962444.0,1420346.0,,,188352.0,159574.0,6133.0,3534300.0,2023,3,4,Friday,False,False,5583752.888257576,2236808.276643991,313452.250335871,275884.12022703816,29696.351909184727,922131.7757009345,16030.060975609756,0.6329613918682722,0.6349878149284323,0.6008953510404749,0.5784095143594309,0.9389368796972035,1.0437163379045509,0.3825936787970771
2023-03-25,15556.0,833067.0,784068.0,,,89101.0,82702.0,1765.0,2153554.0,2023,3,5,Saturday,True,False,3075971.0843373495,1330663.492063492,107664.58333333334,135717.33333333334,16949.137931034486,871945.2830188678,5055.813953488372,0.7001216659564067,0.58923086465995,0.8275794810271095,0.6093694738083074,0.9178047912110268,0.9554120152078092,0.34910303587856484
2023-03-26,16878.0,874244.0,724870.0,,,83054.0,81819.0,1648.0,1939984.0,2023,3,6,Sunday,True,False,2292858.73015873,994259.4202898551,86623.57142857143,94526.08695652173,17662.5,807161.1650485437,3144.4444444444443,0.8460983550720976,0.7290551994857435,0.9587921466443478,0.8655705809300401,0.955583864118896,1.0831095918092415,0.5240989399293287
2023-03-27,26394.0,888364.0,1426226.0,,,192461.0,166543.0,6675.0,3397258.0,2023,3,0,Monday,False,False,5544265.343915343,2241835.9973924384,313690.3395784544,276307.2155411656,29647.423220973782,923330.6152665059,15960.676532769558,0.6127516973422609,0.6361865906600196,0.6135381799089966,0.602745750500271,0.8902628671394222,0.9621299080867006,0.41821535486263806
2023-03-28,28923.0,898266.0,1490842.0,,,207837.0,189294.0,7541.0,3765920.0,2023,3,1,Tuesday,False,False,5579462.711864407,2240693.846153846,312771.69811320753,275253.6231884058,29763.636363636364,922663.9175257732,15965.217391304348,0.6749610481295963,0.6653483707999789,0.6645006605577641,0.6877075687771488,0.9717562614538791,0.973557091523424,0.4723393246187364
2023-03-29,29771.0,926369.0,1521968.0,,,208736.0,187520.0,7825.0,3872948.0,2023,3,2,Wednesday,False,False,5560024.226190476,2238006.617647059,312623.31871345034,275301.80995475117,29709.85085850357,920110.2857142857,15917.153679653678,0.6965703461787974,0.6800551830361118,0.667691715573293,0.6811433605569863,1.0020582109882563,1.0068021348993568,0.491607994587777
2023-03-30,29363.0,961724.0,1486845.0,,,200601.0,187344.0,7512.0,3860289.0,2023,3,3,Thursday,False,False,5556527.605042016,2237700.0,313649.21875,274745.4203599248,29792.34693877551,923111.3137254901,16020.516795865633,0.6947304637697036,0.6644523394556912,0.639571176996595,0.681882157506297,0.985588683575086,1.0418288517326009,0.46889873127804466
2023-03-31,28599.0,981946.0,1423686.0,,,184342.0,158879.0,6426.0,3573735.0,2023,3,4,Friday,False,False,5583752.888257576,2236808.276643991,313452.250335871,275884.12022703816,29696.351909184727,922131.7757009345,16030.060975609756,0.6400238462406586,0.6364810139812411,0.5881023339359455,0.5758903407316481,0.963047585355246,1.0648651590534328,0.4008718375917198
2023-04-01,16428.0,859055.0,842213.0,,,82140.0,88096.0,1520.0,2283533.0,2023,4,5,Saturday,True,False,3170231.8055555555,1336330.8974358975,114119.62365591398,149238.35001021036,16706.49021595073,912598.1617647059,5100.744680851064,0.7203047411228122,0.6302428549815074,0.7197710382191861,0.590304033741815,0.9833304175592288,0.9413288739688357,0.29799570358937993
2023-04-02,17660.0,861110.0,716880.0,,,76059.0,79027.0,1319.0,1949665.0,2023,4,6,Sunday,True,False,2435088.2352941176,995331.1475409836,91600.0,102942.69662921347,18634.513274336285,864630.3921568628,3272.5,0.8006547654994988,0.7202427069333543,0.8303384279475983,0.7676795206234516,0.9477038514508239,0.9959284427325288,0.40305576776165014
2023-04-03,27387.0,905182.0,1475017.0,,,182947.0,162370.0,7076.0,3597785.0,2023,4,0,Monday,False,False,5575529.166666667,2192433.962264151,310364.7887323944,286171.4285714286,28993.617021276597,940363.8297872341,16282.926829268294,0.6452813522184366,0.6727760221688656,0.5894579753946968,0.5673871805111821,0.9445872165553679,0.9625870023146315,0.43456560814859196
2023-04-04,29698.0,916790.0,1519740.0,,,200063.0,188769.0,7633.0,3906882.0,2023,4,1,Tuesday,False,False,5594090.0,2183766.176470588,309667.1428571429,286013.63636363635,28925.49019607843,941739.0,16197.959183673469,0.6983945556828725,0.6959261556364107,0.6460582099673843,0.66,1.0267068872017353,0.9735075217231102,0.4712322036033766
2023-04-05,29462.0,942019.0,1432322.0,,,205060.0,185283.0,7163.0,3799965.0,2023,4,2,Wednesday,False,False,5566984.138655462,2185750.964912281,310066.2509819324,286827.94117647054,28901.2689241571,938204.1237623763,16198.322510822512,0.6825895144220345,0.6552997221517788,0.66134253357341,0.6459726316760921,1.0194016074973862,1.0040661473777426,0.4422062837194541
2023-04-06,27061.0,917991.0,1264311.0,,,193340.0,169192.0,6122.0,3421271.0,2023,4,3,Thursday,False,False,5581935.863808323,2185126.7391304346,311003.37734404893,287274.03969270166,28950.82417582418,939956.4320388349,16211.730545876888,0.6129183644302586,0.5785984754839114,0.6216652746703671,0.5889568029919635,0.934722957648912,0.9766314360005067,0.3776277913499495
2023-04-07,23831.0,903596.0,1150222.0,,,187800.0,159262.0,4925.0,3130675.0,2023,4,4,Friday,False,False,5581218.9655172415,2186919.696969697,310225.3968253968,286157.14285714284,28958.44155844156,941837.7358490565,16181.81818181818,0.5609303306934247,0.5259552975785092,0.6053662979298207,0.5565543407718038,0.8229379316530631,0.9593966833208462,0.3043539325842697
2023-04-08,16256.0,875057.0,882727.0,,,108740.0,99273.0,2393.0,2393347.0,2023,4,5,Saturday,True,False,3170231.8055555555,1336330.8974358975,114119.62365591398,149238.35001021036,16706.49021595073,912598.1617647059,5100.744680851064,0.7549438485242207,0.6605601963508769,0.9528597844649903,0.6651976518985107,0.9730350175214769,0.958863426053684,0.46914718334828037
2023-04-09,19026.0,906826.0,654259.0,,,98030.0,85620.0,1916.0,1855826.0,2023,4,6,Sunday,True,False,2435088.2352941176,995331.1475409836,91600.0,102942.69662921347,18634.513274336285,864630.3921568628,3272.5,0.7621185849045209,0.6573279672964925,1.0701965065502184,0.8317248605638569,1.0210086906966804,1.048801902206882,0.585485103132162
2023-04-10,24135.0,925671.0,1236634.0,,,191412.0,170713.0,6121.0,3142740.0,2023,4,0,Monday,False,False,5575529.166666667,2192433.962264151,310364.7887323944,286171.4285714286,28993.617021276597,940363.8297872341,16282.926829268294,0.5636666773781561,0.5640461793991343,0.6167323322396634,0.5965410343450479,0.8324245982241139,0.9843753775700216,0.3759152186938286
2023-04-11,27777.0,898409.0,1316710.0,,,210828.0,193831.0,7081.0,3537843.0,2023,4,1,Tuesday,False,False,5594090.0,2183766.176470588,309667.1428571429,286013.63636363635,28925.49019607843,941739.0,16197.959183673469,0.6324251129316832,0.6029537476068396,0.6808213427320579,0.6776984568440793,0.9602948752711498,0.9539893749754443,0.43715383646213934
2023-04-12,28326.0,893905.0,1311418.0,,,207802.0,191574.0,6863.0,3576687.0,2023,4,2,Wednesday,False,False,5566984.138655462,2185750.964912281,310066.2509819324,286827.94117647054,28901.2689241571,938204.1237623763,16198.322510822512,0.6424819814313035,0.5999850948493715,0.6701858049430496,0.6679056413201192,0.9800953748547607,0.9527830643242876,0.42368584743356325
2023-04-13,28451.0,942469.0,1311906.0,,,200072.0,183658.0,6668.0,3628304.0,2023,4,3,Thursday,False,False,5581935.863808323,2185126.7391304346,311003.37734404893,287274.03969270166,28950.82417582418,939956.4320388349,16211.730545876888,0.6500081850679952,0.6003798207705194,0.6433113418529517,0.6393129020515038,0.9827354077110674,1.0026730685333098,0.4113071075990629
2023-04-14,27514.0,992290.0,1294357.0,,,190858.0,173790.0,5869.0,3471420.0,2023,4,4,Friday,False,False,5581218.9655172415,2186919.696969697,310225.3968253968,286157.14285714284,28958.44155844156,941837.7358490565,16181.81818181818,0.6219824058951403,0.5918630673972732,0.6152236469131508,0.6073236483450651,0.9501201901515831,1.0535678941611544,0.3626910112359551
2023-04-15,16804.0,918597.0,890050.0,,,99793.0,103902.0,1743.0,2365464.0,2023,4,5,Saturday,True,False,3170231.8055555555,1336330.8974358975,114119.62365591398,149238.35001021036,16706.49021595073,912598.1617647059,5100.744680851064,0.746148592621754,0.6660401265194086,0.8744595960190802,0.6962151484044912,1.00583664089757,1.0065733621725623,0.34171481010282184
2023-04-16,16835.0,884284.0,728462.0,,,80318.0,85026.0,1309.0,1864753.0,2023,4,6,Sunday,True,False,2435088.2352941176,995331.1475409836,91600.0,102942.69662921347,18634.513274336285,864630.3921568628,3272.5,0.7657845711593976,0.7318790352333517,0.8768340611353712,0.8259546600595947,0.9034311630336704,1.0227306465530437,0.4
2023-04-17,27611.0,900400.0,1438043.0,,,188445.0,167759.0,6926.0,3418834.0,2023,4,0,Monday,False,False,5575529.166666667,2192433.962264151,310364.7887323944,286171.4285714286,28993.617021276597,940363.8297872341,16282.926829268294,0.6131855645988759,0.6559116601691926,0.6071726137802403,0.5862185503194888,0.9523130549644089,0.9575017365392752,0.42535350509286995
2023-04-18,29658.0,933048.0,1526133.0,,,207882.0,194548.0,7879.0,3862133.0,2023,4,1,Tuesday,False,False,5594090.0,2183766.176470588,309667.1428571429,286013.63636363635,28925.49019607843,941739.0,16197.959183673469,0.6903952206703861,0.6988536668639783,0.6713079020330585,0.6802053303243647,1.0253240238611714,0.9907713283616798,0.4864193020032758
2023-04-19,30829.0,956628.0,1530452.0,,,206116.0,195085.0,7889.0,3927706.0,2023,4,2,Wednesday,False,False,5566984.138655462,2185750.964912281,310066.2509819324,286827.94117647054,28901.2689241571,938204.1237623763,16198.322510822512,0.705535690810971,0.7001950471797781,0.6647482573393981,0.680146429248935,1.0667005687847708,1.0196373856935743,0.48702573953130995
2023-04-20,30106.0,1018712.0,1520258.0,,,208664.0,189699.0,7577.0,4002433.0,2023,4,3,Thursday,False,False,5581935.863808323,2185126.7391304346,311003.37734404893,287274.03969270166,28950.82417582418,939956.4320388349,16211.730545876888,0.7170331400528323,0.695729896475013,0.6709380514834875,0.660341603449173,1.0399013104829142,1.083786402514783,0.4673776176181913
2023-04-21,27777.0,998040.0,1310737.0,,,195442.0,174727.0,6005.0,3492257.0,2023,4,4,Friday,False,False,5581218.9655172415,2186919.696969697,310225.3968253968,286157.14285714284,28958.44155844156,941837.7358490565,16181.81818181818,0.62571581971186,0.5993530543513882,0.63,0.6105980729868704,0.95920217059826,1.059672979762568,0.37109550561797755
2023-04-22,16865.0,933795.0,893014.0,,,106134.0,106032.0,1715.0,2506140.0,2023,4,5,Saturday,True,False,3170231.8055555555,1336330.8974358975,114119.62365591398,149238.35001021036,16706.49021595073,912598.1617647059,5100.744680851064,0.7905226348458834,0.6682581400411248,0.9300240975207584,0.7104876192529981,1.009487916492354,1.0232269131402867,0.3362254155630175
2023-04-23,15947.0,883222.0,673668.0,,,87793.0,79003.0,1326.0,1923243.0,2023,4,6,Sunday,True,False,2435088.2352941176,995331.1475409836,91600.0,102942.69662921347,18634.513274336285,864630.3921568628,3272.5,0.7898042346575194,0.676828010119377,0.958438864628821,0.7674463812091379,0.8557776511373889,1.0215023760577737,0.4051948051948052
2023-04-24,27254.0,915193.0,1466762.0,,,196593.0,173997.0,7020.0,3561262.0,2023,4,0,Monday,False,False,5575529.166666667,2192433.962264151,310364.7887323944,286171.4285714286,28993.617021276597,940363.8297872341,16282.926829268294,0.6387307632235206,0.6690108004371811,0.6334255918750765,0.6080166733226837,0.94,0.9732328817954119,0.4311264230077891
2023-04-25,29504.0,930969.0,1529162.0,,,216767.0,192115.0,7806.0,3956922.0,2023,4,1,Tuesday,False,False,5594090.0,2183766.176470588,309667.1428571429,286013.63636363635,28925.49019607843,941739.0,16197.959183673469,0.7073397103014074,0.7002407201266566,0.7,0.6716987429079987,1.02,0.9885637103273837,0.4819125614211919
2023-04-26,30191.0,950826.0,1531476.0,,,216097.0,191885.0,7758.0,3994837.0,2023,4,2,Wednesday,False,False,5566984.138655462,2185750.964912281,310066.2509819324,286827.94117647054,28901.2689241571,938204.1237623763,16198.322510822512,0.7175944641661639,0.7006635360499368,0.6969381521389505,0.6689899150443749,1.0446254134801978,1.0134532303983141,0.47893848235313763
2023-04-27,29969.0,985725.0,1506783.0,,,216674.0,184365.0,7564.0,3999831.0,2023,4,3,Thursday,False,False,5581935.863808323,2185126.7391304346,311003.37734404893,287274.03969270166,28950.82417582418,939956.4320388349,16211.730545876888,0.716566993528851,0.6895632061139028,0.6966933987996644,0.6417739667573724,1.0351691481386587,1.0486922227468456,0.46657572913606954
2023-04-28,28306.0,1000104.0,1424078.0,,,195436.0,160861.0,6441.0,3703088.0,2023,4,4,Friday,False,False,5581218.9655172415,2186919.696969697,310225.3968253968,286157.14285714284,28958.44155844156,941837.7358490565,16181.81818181818,0.6634909009804124,0.6511798316020805,0.6299806592237084,0.5621421796215865,0.9774697282267468,1.0618644400549708,0.3980393258426967
2023-04-29,15688.0,834977.0,715608.0,,,85167.0,77009.0,1871.0,2179978.0,2023,4,5,Saturday,True,False,3170231.8055555555,1336330.8974358975,114119.62365591398,149238.35001021036,16706.49021595073,912598.1617647059,5100.744680851064,0.6876399373004138,0.5355020985992932,0.746295836523173,0.5160134777336477,0.9390362546061103,0.9149448629015331,0.3668091851419275
2023-04-30,15451.0,788424.0,578075.0,,,75065.0,65334.0,1355.0,1744098.0,2023,4,6,Sunday,True,False,2435088.2352941176,995331.1475409836,91600.0,102942.69662921347,18634.513274336285,864630.3921568628,3272.5,0.7162360586039883,0.5807866069781538,0.8194868995633188,0.6346637706152655,0.8291603742223488,0.911862464183381,0.4140565317035905
2023-05-01,27445.0,926155.0,1465598.0,,,188566.0,167178.0,6960.0,3664755.0,2023,5,0,Monday,False,False,5716296.875,2267007.727652465,319412.2631848438,286301.64835164836,29366.565217391304,962588.775510204,17395.0,0.6411064855689462,0.6464900768193049,0.5903530381702248,0.5839225899065191,0.9345662251214409,0.962150217790673,0.4001149755676919
2023-05-02,29472.0,919816.0,1498566.0,,,211550.0,197217.0,7749.0,3961858.0,2023,5,1,Tuesday,False,False,5706690.286470871,2276651.138375917,319988.21371610847,286533.8312236287,29395.263424518744,962189.3092783506,17288.257575757576,0.694247944275611,0.6582326008318624,0.6611181003925533,0.6882852162964298,1.0026105081751793,0.9559615671575785,0.4482233079906225
2023-05-03,30850.0,944262.0,1533714.0,,,209450.0,195363.0,7862.0,4030601.0,2023,5,2,Wednesday,False,False,5723566.349206349,2275398.146853147,318580.4212454213,287037.86075036076,29373.234811165843,962160.6969520481,17459.37669376694,0.7042114573475501,0.6740420361689716,0.6574478091943017,0.6806175306953979,1.0502758786469368,0.9813973933785198,0.4503024442336915
2023-05-04,30449.0,970445.0,1497427.0,,,206323.0,189538.0,7417.0,3985001.0,2023,5,3,Thursday,False,False,5720059.154929577,2277316.0714285714,317896.1538461538,287151.4285714286,29435.227272727272,961900.9803921569,17383.720930232557,0.6966712916886016,0.6575402592494141,0.6490264116245025,0.6600628836950141,1.034440798363124,1.0088824315413005,0.4266635451505017
2023-05-05,28952.0,1015003.0,1450598.0,,,200675.0,170610.0,6514.0,3759375.0,2023,5,4,Friday,False,False,5719113.207547169,2275682.2580645164,318995.3846153846,287064.70588235295,29388.043478260868,965228.1553398058,17384.848484848484,0.65733530069644,0.6374343319940209,0.6290843368845461,0.5943259359439356,0.9851625550171987,1.0515679576738737,0.37469409098832146
2023-05-06,18349.0,979269.0,934630.0,,,111525.0,103318.0,2584.0,2563102.0,2023,5,5,Saturday,True,False,3212641.516516517,1391093.5047193244,118529.28841991341,150498.80576044958,17291.094911377928,956502.2916666667,4867.136752136752,0.7978176173167257,0.6718671295849208,0.9409066863280294,0.6865037863785595,1.0611820763256552,1.0238020426419085,0.5309076222001738
2023-05-07,17822.0,905666.0,705419.0,,,92076.0,83007.0,2705.0,2033790.0,2023,5,6,Sunday,True,False,2391359.493670886,963553.3333333334,97502.5641025641,104090.81632653062,17024.358974358973,853056.5217391305,3515.5181843040746,0.8504743872189645,0.7321016653636193,0.9443443959396204,0.7974478722465664,1.046852925672114,1.0616717379448835,0.7694456003889159
2023-05-08,27771.0,938331.0,1460932.0,,,198056.0,180789.0,7196.0,3563340.0,2023,5,0,Monday,False,False,5716296.875,2267007.727652465,319412.2631848438,286301.64835164836,29366.565217391304,962588.775510204,17395.0,0.6233651047033837,0.644431857103913,0.6200638573647532,0.6314633570601974,0.9456672850372577,0.9747994407088878,0.413682092555332
2023-05-09,29923.0,958452.0,1524892.0,,,221290.0,205069.0,7827.0,3925555.0,2023,5,1,Tuesday,False,False,5706690.286470871,2276651.138375917,319988.21371610847,286533.8312236287,29395.263424518744,962189.3092783506,17288.257575757576,0.6878864635963343,0.6697960764809159,0.6915567215120214,0.7156886121414106,1.0179531160466169,0.9961158274756206,0.4527350408623825
2023-05-10,31360.0,985250.0,1528140.0,,,221747.0,203414.0,7998.0,4014009.0,2023,5,2,Wednesday,False,False,5723566.349206349,2275398.146853147,318580.4212454213,287037.86075036076,29373.234811165843,962160.6969520481,17459.37669376694,0.7013125654700583,0.671592354996598,0.6960471680372825,0.7086660953654155,1.0676386241286204,1.0239973458914864,0.45809195484368664
2023-05-11,30899.0,1020419.0,1535264.0,,,210683.0,201006.0,7619.0,4015942.0,2023,5,3,Thursday,False,False,5720059.154929577,2277316.0714285714,317896.1538461538,287151.4285714286,29435.227272727272,961900.9803921569,17383.720930232557,0.7020805014820589,0.6741549929153758,0.6627415822777153,0.7,1.0497286028645332,1.0608358041011519,0.4382836120401338
2023-05-12,29397.0,1047377.0,1436385.0,,,201367.0,185027.0,6629.0,3723192.0,2023,5,4,Friday,False,False,5719113.207547169,2275682.2580645164,318995.3846153846,287064.70588235295,29388.043478260868,965228.1553398058,17384.848484848484,0.6510086205474527,0.631188732482212,0.6312536472676238,0.644548062539702,1.0003047675407775,1.0851082142659567,0.3813090465400035
2023-05-13,18340.0,1011144.0,918257.0,,,113810.0,109940.0,1973.0,2487178.0,2023,5,5,Saturday,True,False,3212641.516516517,1391093.5047193244,118529.28841991341,150498.80576044958,17291.094911377928,956502.2916666667,4867.136752136752,0.774184728427733,0.6600972521867056,0.9601846220219057,0.7305041355277767,1.0606615771874497,1.0571265838141615,0.40537180286414204
2023-05-14,20222.0,983677.0,690606.0,,,102178.0,101088.0,1654.0,1926966.0,2023,5,6,Sunday,True,False,2391359.493670886,963553.3333333334,97502.5641025641,104090.81632653062,17024.358974358973,853056.5217391305,3515.5181843040746,0.8058035628269287,0.7167283596133754,1.0479519276284648,0.9711519571802487,1.1878273966413135,1.1531205435187024,0.4704854059309674
2023-05-15,25892.0,951297.0,1440741.0,,,201209.0,184909.0,6956.0,3553443.0,2023,5,0,Monday,False,False,5716296.875,2267007.727652465,319412.2631848438,286301.64835164836,29366.565217391304,962588.775510204,17395.0,0.6216337390629314,0.6355254031233136,0.6299351126777508,0.6458537736844833,0.881682955031676,0.9882693671508698,0.3998850244323081
2023-05-16,29747.0,968611.0,1519397.0,,,227489.0,207484.0,7930.0,4002015.0,2023,5,1,Tuesday,False,False,5706690.286470871,2276651.138375917,319988.21371610847,286533.8312236287,29395.263424518744,962189.3092783506,17288.257575757576,0.7012847726269239,0.6673824436201871,0.7109293100458595,0.7241169362582761,1.0119657568772753,1.00667404081476,0.4586928419622708
2023-05-17,30423.0,989383.0,1518546.0,,,223059.0,206630.0,7118.0,4104786.0,2023,5,2,Wednesday,False,False,5723566.349206349,2275398.146853147,318580.4212454213,287037.86075036076,29373.234811165843,962160.6969520481,17459.37669376694,0.7171727817166276,0.6673759500508225,0.7001654374364848,0.7198701922451541,1.0357388348808998,1.0282928861407323,0.4076892391319532
2023-05-18,29842.0,1012638.0,1492657.0,,,218955.0,198433.0,7530.0,4082154.0,2023,5,3,Thursday,False,False,5720059.154929577,2277316.0714285714,317896.1538461538,287151.4285714286,29435.227272727272,961900.9803921569,17383.720930232557,0.7136559062473992,0.655445688337697,0.68876265834271,0.6910395709580809,1.0138192487356676,1.052746613884475,0.4331638795986622
2023-05-19,28381.0,1027639.0,1431269.0,,,208310.0,181114.0,6362.0,3789929.0,2023,5,4,Friday,False,False,5719113.207547169,2275682.2580645164,318995.3846153846,287064.70588235295,29388.043478260868,965228.1553398058,17384.848484848484,0.6626777373454785,0.6289406154694479,0.6530188524550632,0.6309169894059548,0.9657328845655954,1.064659163033037,0.36595084538957645
2023-05-20,16570.0,891497.0,760830.0,,,102957.0,95625.0,1970.0,2314672.0,2023,5,5,Saturday,True,False,3212641.516516517,1391093.5047193244,118529.28841991341,150498.80576044958,17291.094911377928,956502.2916666667,4867.136752136752,0.7204887280762686,0.5469294460932084,0.8686207550260024,0.6353871016904097,0.958296746673721,0.9320385405941918,0.4047554240457982
2023-05-21,17545.0,962612.0,727850.0,,,103484.0,91335.0,1919.0,2132724.0,2023,5,6,Sunday,True,False,2391359.493670886,963553.3333333334,97502.5641025641,104090.81632653062,17024.358974358973,853056.5217391305,3515.5181843040746,0.8918458331524783,0.7553811240339576,1.0613464471677274,0.8774549304473134,1.0305821221477522,1.128426986335581,0.5458654739912494
2023-05-22,27038.0,946119.0,1446015.0,,,203122.0,186008.0,6935.0,3571748.0,2023,5,0,Monday,False,False,5716296.875,2267007.727652465,319412.2631848438,286301.64835164836,29366.565217391304,962588.775510204,17395.0,0.6248359870217552,0.637851817778045,0.6359242377693349,0.6496923823908158,0.9207069263921851,0.9828901230419246,0.39867778097154355
2023-05-23,29538.0,957083.0,1500973.0,,,219619.0,214621.0,7928.0,3929003.0,2023,5,1,Tuesday,False,False,5706690.286470871,2276651.138375917,319988.21371610847,286533.8312236287,29395.263424518744,962189.3092783506,17288.257575757576,0.6884906667030237,0.6592898554807749,0.6863346541721208,0.7490249897663794,1.0048557678636825,0.9946930305407568,0.4585771565040205
2023-05-24,30495.0,987191.0,1499943.0,,,219886.0,208487.0,7667.0,3960264.0,2023,5,2,Wednesday,False,False,5723566.349206349,2275398.146853147,318580.4212454213,287037.86075036076,29373.234811165843,962160.6969520481,17459.37669376694,0.6919224410754223,0.6592002380218188,0.690205628897103,0.7263397220665705,1.0381900460077258,1.0260146804242196,0.4391336606384778
2023-05-25,29311.0,1011009.0,1459601.0,,,215946.0,201855.0,7183.0,3859385.0,2023,5,3,Thursday,False,False,5720059.154929577,2277316.0714285714,317896.1538461538,287151.4285714286,29435.227272727272,961900.9803921569,17383.720930232557,0.6747106796393813,0.6409303558308379,0.6792973031831876,0.7029566281603534,0.9957796394240049,1.0510530923752903,0.4132026755852843
2023-05-26,27037.0,997340.0,1370252.0,,,207347.0,187188.0,5747.0,3496511.0,2023,5,4,Friday,False,False,5719113.207547169,2275682.2580645164,318995.3846153846,287064.70588235295,29388.043478260868,965228.1553398058,17384.848484848484,0.6113729302273411,0.6021279970629155,0.65,0.6520759820495481,0.92,1.0332686572418615,0.33057521352623326
2023-05-27,16731.0,928210.0,848442.0,,,116439.0,120011.0,2913.0,2375741.0,2023,5,5,Saturday,True,False,3212641.516516517,1391093.5047193244,118529.28841991341,150498.80576044958,17291.094911377928,956502.2916666667,4867.136752136752,0.7394976961438349,0.6099101154031963,0.9823647939865449,0.7974216100493361,0.9676078979238398,0.9704210936940166,0.5985038326118833
2023-05-28,17527.0,908353.0,707787.0,,,102985.0,102009.0,2426.0,2029088.0,2023,5,6,Sunday,True,False,2391359.493670886,963553.3333333334,97502.5641025641,104090.81632653062,17024.358974358973,853056.5217391305,3515.5181843040746,0.8485081416534422,0.7345592356070931,1.0562286330405513,0.9799999999999999,1.029524813615483,1.0648215878452418,0.6900831891103548
2023-05-29,12121.0,838833.0,758893.0,,,99456.0,86149.0,2520.0,1952779.0,2023,5,0,Monday,False,False,5716296.875,2267007.727652465,319412.2631848438,286301.64835164836,29366.565217391304,962588.775510204,17395.0,0.34161609214881794,0.3347553652963724,0.3113718897588,0.3009029130499032,0.41274830441599514,0.871434429053456,0.1448692152917505
2023-05-30,27645.0,963187.0,1438285.0,,,227623.0,205661.0,7398.0,3714864.0,2023,5,1,Tuesday,False,False,5706690.286470871,2276651.138375917,319988.21371610847,286533.8312236287,29395.263424518744,962189.3092783506,17288.257575757576,0.650966464538475,0.6317546749942646,0.711348075469885,0.7177546857965593,0.9404576377070722,1.001036896494306,0.42792051006770226
2023-05-31,30078.0,975279.0,1480801.0,,,229227.0,211998.0,7691.0,3911382.0,2023,5,2,Wednesday,False,False,5723566.349206349,2275398.146853147,318580.4212454213,287037.86075036076,29373.234811165843,962160.6969520481,17459.37669376694,0.6833819617627682,0.6507876443724511,0.7195263258924908,0.7385715579324793,1.0239934482315258,1.0136342121326596,0.44050828015788873
2023-06-01,30088.0,1009838.0,1457503.0,,,210483.0,191410.0,7152.0,3894167.0,2023,6,3,Thursday,False,False,5622586.098901099,2148801.8537200503,332244.5887445888,295330.26737967914,29238.605737883066,983602.9172445678,16165.116279069767,0.6925935737580065,0.6782863657143354,0.6335182185971061,0.6481218525222193,1.0290504365950806,1.026672432844065,0.4424341821320673
2023-06-02,29570.0,1014684.0,1399462.0,,,202543.0,170399.0,6470.0,3626490.0,2023,6,4,Friday,False,False,5597701.612903226,2153018.4615384615,333809.45945945947,294857.4074074074,29278.571428571428,983598.0769230769,16175.0,0.6478533960510866,0.65,0.6067623138301103,0.5779030667679921,1.009953647231032,1.0316042942806143,0.4
2023-06-03,18118.0,961080.0,899212.0,,,115723.0,102668.0,1837.0,2411704.0,2023,6,5,Saturday,True,False,3220746.987951807,1403253.9682539683,123109.57446808512,158940.54054054053,17338.235294117647,983351.923076923,5080.645161290323,0.748802687395725,0.6408048866014365,0.94,0.6459522513943682,1.0449737065309586,0.9773510148765115,0.3615682539682539
2023-06-04,18429.0,934091.0,714218.0,,,103120.0,88859.0,1573.0,1988330.0,2023,6,6,Sunday,True,False,2614790.909090909,1083173.4375,98477.77777777777,108991.8918918919,18115.88785046729,922322.9166666667,3888.6792452830186,0.7604164421281729,0.6593754751302235,1.0471397946519239,0.8152808292211173,1.0172838423442014,1.0127591791558903,0.40450752062105777
2023-06-05,27920.0,942164.0,1432156.0,,,200806.0,183510.0,6892.0,3544106.0,2023,6,0,Monday,False,False,5617044.604105571,2142238.6363636362,332142.8259141494,294851.81305398874,29239.31623931624,982727.9974489796,16141.036585365855,0.6309556447904235,0.6685324294360722,0.6045772611445875,0.6223804361223259,0.9548786904413914,0.9587230672634972,0.4269862077041928
2023-06-06,29999.0,948843.0,1474317.0,,,218376.0,213292.0,7795.0,3929131.0,2023,6,1,Tuesday,False,False,5609193.269617707,2142021.7741935486,332150.9479956663,295377.47002893756,29264.064407814407,980691.0496719775,16245.212765957447,0.7004805880521549,0.6882829193251626,0.6574601135952478,0.722099759264321,1.025113927509992,0.967524890042965,0.4798336662191808
2023-06-07,31147.0,945356.0,1390834.0,,,212982.0,202951.0,7334.0,3743889.0,2023,6,2,Wednesday,False,False,5598098.412698412,2141323.880597015,331925.3521126761,295093.58974358975,29288.636363636364,983069.7916666667,16168.181818181818,0.6687787037661882,0.6495206132069224,0.6416563201466475,0.6877513001090484,1.0634499883603632,0.9616367098385478,0.4536069721675569
2023-06-08,27689.0,935501.0,1216291.0,,,189487.0,176985.0,5503.0,3268529.0,2023,6,3,Thursday,False,False,5622586.098901099,2148801.8537200503,332244.5887445888,295330.26737967914,29238.605737883066,983602.9172445678,16165.116279069767,0.5813212892620381,0.5660321810940044,0.5703238108888121,0.5992782303361631,0.9470013805796725,0.9510962031514517,0.34042439936699753
2023-06-09,25845.0,1009368.0,1256670.0,,,214001.0,185677.0,5482.0,3425232.0,2023,6,4,Friday,False,False,5597701.612903226,2153018.4615384615,333809.45945945947,294857.4074074074,29278.571428571428,983598.0769230769,16175.0,0.6118997111429662,0.5836782277761026,0.6410872847837615,0.629717942759526,0.8827274945108563,1.0261996476828599,0.3389180834621329
2023-06-10,17996.0,994069.0,892936.0,,,139304.0,117616.0,1978.0,2608756.0,2023,6,5,Saturday,True,False,3220746.987951807,1403253.9682539683,123109.57446808512,158940.54054054053,17338.235294117647,983351.923076923,5080.645161290323,0.8099847674340309,0.6363324246366155,1.1315448095884135,0.74,1.0379372349448686,1.010898516260123,0.3893206349206349
2023-06-11,17958.0,979587.0,695200.0,,,106971.0,98115.0,1582.0,2075651.0,2023,6,6,Sunday,True,False,2614790.909090909,1083173.4375,98477.77777777777,108991.8918918919,18115.88785046729,922322.9166666667,3888.6792452830186,0.7938114641532262,0.6418178067628251,1.0862450637481667,0.9002045775782974,0.991284564589352,1.0620868052810497,0.40682193110140713
2023-06-12,27520.0,942514.0,1394575.0,,,202015.0,185343.0,6744.0,3479404.0,2023,6,0,Monday,False,False,5617044.604105571,2142238.6363636362,332142.8259141494,294851.81305398874,29239.31623931624,982727.9974489796,16141.036585365855,0.619436775961661,0.6509895659277413,0.6082172614868274,0.6285971182617854,0.9411984799766151,0.9590792187122282,0.41781703203091647
2023-06-13,30441.0,975618.0,1500122.0,,,233588.0,212364.0,7850.0,3968160.0,2023,6,1,Tuesday,False,False,5609193.269617707,2142021.7741935486,332150.9479956663,295377.47002893756,29264.064407814407,980691.0496719775,16245.212765957447,0.7074386296321091,0.7003299490570221,0.7032585678576709,0.7189580165988798,1.0402177761702613,0.9948270664102886,0.4832192790019973
2023-06-14,30661.0,976395.0,1434687.0,,,235667.0,207746.0,7234.0,3893073.0,2023,6,2,Wednesday,False,False,5598098.412698412,2141323.880597015,331925.3521126761,295093.58974358975,29288.636363636364,983069.7916666667,16168.181818181818,0.6954277529614649,0.67,0.71,0.7040003823211236,1.0468565220765111,0.9932102565624049,0.4474219848186674
2023-06-15,31298.0,1032651.0,1475300.0,,,228608.0,206188.0,7390.0,3928393.0,2023,6,3,Thursday,False,False,5622586.098901099,2148801.8537200503,332244.5887445888,295330.26737967914,29238.605737883066,983602.9172445678,16165.116279069767,0.6986808082436979,0.6865686556654491,0.6880714020469455,0.6981607467104716,1.07043407885379,1.049865735344537,0.45715724356207743
2023-06-16,28693.0,1028981.0,1300751.0,,,214883.0,177916.0,5960.0,3395938.0,2023,6,4,Friday,False,False,5597701.612903226,2153018.4615384615,333809.45945945947,294857.4074074074,29278.571428571428,983598.0769230769,16175.0,0.6066664918637401,0.6041522742310974,0.6437295106854128,0.6033967454450676,0.98,1.0461397029352593,0.3684698608964451
2023-06-17,17967.0,1002673.0,872453.0,,,138654.0,111460.0,2632.0,2399521.0,2023,6,5,Saturday,True,False,3220746.987951807,1403253.9682539683,123109.57446808512,158940.54054054053,17338.235294117647,983351.923076923,5080.645161290323,0.7450200245396937,0.621735637124597,1.1262649602931136,0.7012685348932118,1.036264631043257,1.019648181357719,0.5180444444444444
2023-06-18,19384.0,974352.0,707615.0,,,119996.0,95597.0,2029.0,1977582.0,2023,6,6,Sunday,True,False,2614790.909090909,1083173.4375,98477.77777777777,108991.8918918919,18115.88785046729,922322.9166666667,3888.6792452830186,0.7563059796194377,0.6532794984644368,1.2185084057316937,0.8771019416271977,1.07,1.056410918988514,0.521770984958758
2023-06-19,17494.0,967279.0,1075747.0,,,196645.0,168591.0,4094.0,2636887.0,2023,6,0,Monday,False,False,5617044.604105571,2142238.6363636362,332142.8259141494,294851.81305398874,29239.31623931624,982727.9974489796,16141.036585365855,0.4694438420646802,0.5021602083631715,0.5920495180312213,0.5717821377924857,0.5983040046769951,0.9842794776488683,0.25363922436752256
2023-06-20,29482.0,982510.0,1434258.0,,,235806.0,224371.0,7540.0,3782810.0,2023,6,1,Tuesday,False,False,5609193.269617707,2142021.7741935486,332150.9479956663,295377.47002893756,29264.064407814407,980691.0496719775,16245.212765957447,0.6743946621503767,0.6695814287602118,0.7099362546545454,0.7596076978315875,1.0074472086019397,1.0018547638714872,0.4641367342261222
2023-06-21,31019.0,1002707.0,1430476.0,,,242162.0,221141.0,7551.0,3902298.0,2023,6,2,Wednesday,False,False,5598098.412698412,2141323.880597015,331925.3521126761,295093.58974358975,29288.636363636364,983069.7916666667,16168.181818181818,0.6970756339596043,0.6680334595629569,0.7295676526624432,0.7493927610970879,1.0590796927135873,1.0199753959482785,0.4670283947146472
2023-06-22,29220.0,1016955.0,1367709.0,,,233588.0,208969.0,6956.0,3782472.0,2023,6,3,Thursday,False,False,5622586.098901099,2148801.8537200503,332244.5887445888,295330.26737967914,29238.605737883066,983602.9172445678,16165.116279069767,0.6727281598656643,0.6364984270802791,0.7030603594858531,0.7075773230223898,0.9993636585119734,1.0339080762884107,0.4303093080132355
2023-06-23,28619.0,1026311.0,1282954.0,,,222283.0,188373.0,6167.0,3470575.0,2023,6,4,Friday,False,False,5597701.612903226,2153018.4615384615,333809.45945945947,294857.4074074074,29278.571428571428,983598.0769230769,16175.0,0.62,0.5958862048415748,0.6658978459146867,0.6388613454086407,0.9774725542815321,1.0434251795311953,0.3812673879443586
2023-06-24,16937.0,954162.0,844674.0,,,128075.0,109217.0,2551.0,2467994.0,2023,6,5,Saturday,True,False,3220746.987951807,1403253.9682539683,123109.57446808512,158940.54054054053,17338.235294117647,983351.923076923,5080.645161290323,0.7662799994014708,0.6019395056840676,1.040333382300839,0.6871563392735682,0.9768583545377438,0.9703158936369521,0.5021015873015873
2023-06-25,17103.0,950896.0,689020.0,,,123527.0,113238.0,2248.0,2222704.0,2023,6,6,Sunday,True,False,2614790.909090909,1083173.4375,98477.77777777777,108991.8918918919,18115.88785046729,922322.9166666667,3888.6792452830186,0.8500503777461782,0.6361123492746286,1.25436421076385,1.038958018201205,0.944088423442014,1.0309794788972588,0.5780883066472586
2023-06-26,26823.0,966376.0,1314743.0,,,218393.0,185070.0,6516.0,3341322.0,2023,6,0,Monday,False,False,5617044.604105571,2142238.6363636362,332142.8259141494,294851.81305398874,29239.31623931624,982727.9974489796,16141.036585365855,0.594854097750583,0.6137238763612831,0.6575273736499403,0.6276712294325042,0.9173607132417422,0.9833606069111421,0.4036915451828962
2023-06-27,29246.0,973069.0,1391914.0,,,231738.0,209234.0,7633.0,3744227.0,2023,6,1,Tuesday,False,False,5609193.269617707,2142021.7741935486,332150.9479956663,295377.47002893756,29264.064407814407,980691.0496719775,16245.212765957447,0.6675161328957359,0.6498131890017984,0.6976888110613599,0.7083614061001394,0.9993827102222484,0.9922278788263369,0.46986149765888474
2023-06-28,29092.0,991652.0,1305832.0,,,233457.0,207293.0,6762.0,3634270.0,2023,6,2,Wednesday,False,False,5598098.412698412,2141323.880597015,331925.3521126761,295093.58974358975,29288.636363636364,983069.7916666667,16168.181818181818,0.6491972330740428,0.6098246098277882,0.703341876461278,0.7024652761183979,0.993286257468767,1.0087300092079763,0.4182288445319089
2023-06-29,28876.0,1041647.0,1307649.0,,,233625.0,200724.0,6946.0,3653631.0,2023,6,3,Thursday,False,False,5622586.098901099,2148801.8537200503,332244.5887445888,295330.26737967914,29238.605737883066,983602.9172445678,16165.116279069767,0.6498132595451194,0.6085479672014295,0.703171723225861,0.67965942597393,0.9875983916218941,1.059011702525278,0.4296906919867645
2023-06-30,28028.0,1047133.0,1248822.0,,,219673.0,178064.0,5817.0,3259767.0,2023,6,4,Friday,False,False,5597701.612903226,2153018.4615384615,333809.45945945947,294857.4074074074,29278.571428571428,983598.0769230769,16175.0,0.582340257738271,0.5800331127247471,0.6580790141649023,0.6038986829792178,0.95728714320566,1.0645943953811654,0.359629057187017
2023-07-01,17093.0,959822.0,859295.0,,,120270.0,99597.0,2745.0,2239529.0,2023,7,5,Saturday,True,False,2828115.734700218,1350311.2121212122,127832.47422680413,154536.685660019,15865.753588516745,925137.4655501378,5089.622641509433,0.791880251759708,0.6363681144660928,0.9408407427569103,0.6444877446065693,1.07735191427475,1.0374912223765977,0.5393327154772939
2023-07-02,16717.0,835292.0,668297.0,,,92780.0,74415.0,1988.0,1783757.0,2023,7,6,Sunday,True,False,2340581.787141905,1097483.6363636362,104631.02931379082,106196.31130063965,16527.62520777625,883173.5503696445,3581.034482758621,0.7620998376553864,0.6089357306632032,0.8867350403459254,0.7007305535249018,1.0114580763928898,0.9457846644641881,0.5551468464130958
2023-07-03,23795.0,863548.0,1117930.0,,,149641.0,128417.0,4718.0,2662052.0,2023,7,0,Monday,False,False,5258977.525118984,2071709.7350230415,316438.35994194483,283053.1968124537,28358.00304878049,960258.5532746823,13839.36170212766,0.5061919331818728,0.5396171003596536,0.4728914662162128,0.45368503675684313,0.8390929346847391,0.8992869650107473,0.3409116765316319
2023-07-04,13059.0,717501.0,631937.0,,,96458.0,84010.0,2305.0,1791179.0,2023,7,1,Tuesday,False,False,5285514.705882353,2077013.3333333335,316417.7215189873,282205.1282051282,28382.926829268294,961250.0,13800.0,0.33888449842104534,0.3042527411154478,0.3048438612633516,0.297691259313102,0.46010054137664347,0.7464249674902471,0.16702898550724637
2023-07-05,28774.0,966845.0,1296583.0,,,211448.0,189434.0,6472.0,3318379.0,2023,7,2,Wednesday,False,False,5287003.448275862,2066837.931034483,316178.4810126582,284209.45945945947,28384.920634920636,960340.594059406,13769.811320754716,0.6276483517486928,0.6273268844795398,0.6687615150872164,0.6665295390247962,1.0137072556969104,1.0067730198856841,0.4700137023842149
2023-07-06,29894.0,963279.0,1333630.0,,,209335.0,186822.0,6608.0,3494806.0,2023,7,3,Thursday,False,False,5270933.763203144,2074822.8050595238,315829.3246659444,283431.8181818182,28327.380952380954,962791.050658464,13733.531914893618,0.663033564260957,0.6427681422952839,0.6628105234414682,0.6591426509502045,1.0553040554738389,1.000506807101294,0.4811580910831696
2023-07-07,28609.0,980680.0,1273900.0,,,197892.0,171597.0,5868.0,3292266.0,2023,7,4,Friday,False,False,5270115.625,2081210.3448275863,316553.4246575342,282100.0,28373.19587628866,960044.1176470588,13787.234042553193,0.6247046999087426,0.6120957466726092,0.6251456613179623,0.6082842963488124,1.008310805900734,1.0214947229753535,0.42561111111111105
2023-07-08,17879.0,951872.0,867047.0,,,120931.0,107854.0,2695.0,2308794.0,2023,7,5,Saturday,True,False,2828115.734700218,1350311.2121212122,127832.47422680413,154536.685660019,15865.753588516745,925137.4655501378,5089.622641509433,0.8163718237099422,0.642109013253286,0.946011572813968,0.6979184233139244,1.1268925803146466,1.0288979048469995,0.5295088044485635
2023-07-09,16695.0,872162.0,651953.0,,,95243.0,83783.0,1914.0,1776607.0,2023,7,6,Sunday,True,False,2340581.787141905,1097483.6363636362,104631.02931379082,106196.31130063965,16527.62520777625,883173.5503696445,3581.034482758621,0.7590450416045588,0.5940434812861157,0.9102749024322804,0.7889445402939843,1.0101269716683192,0.9875318386006513,0.5344824265767935
2023-07-10,27354.0,929061.0,1307297.0,,,196506.0,171497.0,6175.0,3208730.0,2023,7,0,Monday,False,False,5258977.525118984,2071709.7350230415,316438.35994194483,283053.1968124537,28358.00304878049,960258.5532746823,13839.36170212766,0.6101433186724643,0.6310232451485103,0.6209929795997294,0.6058825758948452,0.9645954248945725,0.9675112987348126,0.44619109847028976
2023-07-11,30085.0,957146.0,1381701.0,,,221923.0,200151.0,7149.0,3613670.0,2023,7,1,Tuesday,False,False,5285514.705882353,2077013.3333333335,316417.7215189873,282205.1282051282,28382.926829268294,961250.0,13800.0,0.6836931124187917,0.6652345354868529,0.7013608433011962,0.7092394148646194,1.0599682048637964,0.9957305591677503,0.5180434782608696
2023-07-12,31015.0,982757.0,1383484.0,,,218097.0,199169.0,6901.0,3696737.0,2023,7,2,Wednesday,False,False,5287003.448275862,2066837.931034483,316178.4810126582,284209.45945945947,28384.920634920636,960340.594059406,13769.811320754716,0.6992121408972294,0.669372271152168,0.6897907767204071,0.7007824453795497,1.0926576261708374,1.0233421414019779,0.501168813373527
2023-07-13,29980.0,995972.0,1359302.0,,,218715.0,190952.0,6888.0,3648007.0,2023,7,3,Thursday,False,False,5270933.763203144,2074822.8050595238,315829.3246659444,283431.8181818182,28327.380952380954,962791.050658464,13733.531914893618,0.6920988128264977,0.6551412470912201,0.6925101088422897,0.6737140566113383,1.0583399873923092,1.0344632922365067,0.5015461457900836
2023-07-14,28489.0,991539.0,1231624.0,,,198119.0,163840.0,5588.0,3209393.0,2023,7,4,Friday,False,False,5270115.625,2081210.3448275863,316553.4246575342,282100.0,28373.19587628866,960044.1176470588,13787.234042553193,0.6089796179756493,0.5917825668419073,0.6258627598622146,0.5807869549805034,1.0040814621030447,1.0328056615045265,0.4053024691358024
2023-07-15,18043.0,986294.0,889709.0,,,124007.0,107124.0,2409.0,2326054.0,2023,7,5,Saturday,True,False,2828115.734700218,1350311.2121212122,127832.47422680413,154536.685660019,15865.753588516745,925137.4655501378,5089.622641509433,0.8224748271295776,0.6588918110235867,0.9700743160144357,0.693194625874616,1.137229309615592,1.0661053483694936,0.4733160333642262
2023-07-16,16496.0,820005.0,583645.0,,,89763.0,72406.0,1559.0,1599858.0,2023,7,6,Sunday,True,False,2340581.787141905,1097483.6363636362,104631.02931379082,106196.31130063965,16527.62520777625,883173.5503696445,3581.034482758621,0.6835300559838986,0.5318029177490325,0.8579003818341377,0.6818127589669292,0.9980865243869778,0.928475495735571,0.43534906114588345
2023-07-17,27637.0,968319.0,1310810.0,,,205378.0,182216.0,6345.0,3282092.0,2023,7,0,Monday,False,False,5258977.525118984,2071709.7350230415,316438.35994194483,283053.1968124537,28358.00304878049,960258.5532746823,13839.36170212766,0.6240931786309056,0.6327189460184784,0.6490300355420865,0.6437517825341266,0.9745749710393836,1.008394037936793,0.45847490199092933
2023-07-18,29105.0,947817.0,1313665.0,,,225299.0,204203.0,6766.0,3584819.0,2023,7,1,Tuesday,False,False,5285514.705882353,2077013.3333333335,316417.7215189873,282205.1282051282,28382.926829268294,961250.0,13800.0,0.6782346090174312,0.632477884911668,0.7120302836340361,0.7235977648555334,1.0254404056028186,0.9860254876462939,0.49028985507246375
2023-07-19,30527.0,974843.0,1342781.0,,,224202.0,203857.0,6938.0,3679343.0,2023,7,2,Wednesday,False,False,5287003.448275862,2066837.931034483,316178.4810126582,284209.45945945947,28384.920634920636,960340.594059406,13769.811320754716,0.6959221865459282,0.6496789031387276,0.7090994911542512,0.71727732211207,1.0754653991332308,1.0151013151274713,0.5038558509180597
2023-07-20,29745.0,1008154.0,1333607.0,,,224327.0,197400.0,6858.0,3711017.0,2023,7,3,Thursday,False,False,5270933.763203144,2074822.8050595238,315829.3246659444,283431.8181818182,28327.380952380954,962791.050658464,13733.531914893618,0.7040530514549317,0.6427570570113049,0.7102791998091779,0.6964637960067357,1.0500441269174197,1.0471160895300302,0.4993617113571999
2023-07-21,27485.0,1004083.0,1211839.0,,,201177.0,176892.0,5389.0,3227154.0,2023,7,4,Friday,False,False,5270115.625,2081210.3448275863,316553.4246575342,282100.0,28373.19587628866,960044.1176470588,13787.234042553193,0.6123497527627774,0.5822760794033975,0.6355230565508646,0.6270542360864941,0.9686959523290458,1.0458717277085918,0.39086882716049376
2023-07-22,18283.0,1008471.0,894490.0,,,133328.0,93215.0,2117.0,2459990.0,2023,7,5,Saturday,True,False,2828115.734700218,1350311.2121212122,127832.47422680413,154536.685660019,15865.753588516745,925137.4655501378,5089.622641509433,0.8698335679182382,0.6624324762843672,1.0429900602834734,0.6031901072673008,1.1523562305438046,1.0900769210555186,0.4159443929564412
2023-07-23,18021.0,991418.0,723774.0,,,116485.0,94729.0,1511.0,1984503.0,2023,7,6,Sunday,True,False,2340581.787141905,1097483.6363636362,104631.02931379082,106196.31130063965,16527.62520777625,883173.5503696445,3581.034482758621,0.8478674024133485,0.6594850037109686,1.1132930715099711,0.892017800240011,1.0903562837037903,1.1225630563608373,0.4219451131439576
2023-07-24,27222.0,952072.0,1302964.0,,,206025.0,180716.0,6175.0,3255379.0,2023,7,0,Monday,False,False,5258977.525118984,2071709.7350230415,316438.35994194483,283053.1968124537,28358.00304878049,960258.5532746823,13839.36170212766,0.6190136741317119,0.6289317359342854,0.6510746675523101,0.6384524253218006,0.95994065425459,0.9914746364437323,0.44619109847028976
2023-07-25,29285.0,944312.0,1307716.0,,,226651.0,211053.0,7050.0,3630414.0,2023,7,1,Tuesday,False,False,5285514.705882353,2077013.3333333335,316417.7215189873,282205.1282051282,28382.926829268294,961250.0,13800.0,0.6868610158173699,0.6296136760476582,0.7163031163739649,0.7478708886062149,1.0317822462834063,0.9823791937581274,0.5108695652173914
2023-07-26,30501.0,981362.0,1382345.0,,,226363.0,210315.0,7298.0,3758378.0,2023,7,2,Wednesday,False,False,5287003.448275862,2066837.931034483,316178.4810126582,284209.45945945947,28384.920634920636,960340.594059406,13769.811320754716,0.7108711081369995,0.6688211877881087,0.7159342383928321,0.74,1.07454941982385,1.0218895317667824,0.53
2023-07-27,28692.0,977139.0,1313385.0,,,219460.0,187729.0,6788.0,3580012.0,2023,7,3,Thursday,False,False,5270933.763203144,2074822.8050595238,315829.3246659444,283431.8181818182,28327.380952380954,962791.050658464,13733.531914893618,0.6791988214673425,0.6330106825495013,0.6948689778320138,0.6623427150990298,1.0128716116831267,1.0149024539973894,0.49426469768047143
2023-07-28,27522.0,1029826.0,1246295.0,,,205845.0,170128.0,5631.0,3266199.0,2023,7,4,Friday,False,False,5270115.625,2081210.3448275863,316553.4246575342,282100.0,28373.19587628866,960044.1176470588,13787.234042553193,0.619758508619059,0.5988318302844332,0.6502693825621852,0.6030769230769231,0.97,1.0726861204295146,0.40842129629629625
2023-07-29,16747.0,961474.0,856921.0,,,120457.0,100508.0,2314.0,2251524.0,2023,7,5,Saturday,True,False,2828115.734700218,1350311.2121212122,127832.47422680413,154536.685660019,15865.753588516745,925137.4655501378,5089.622641509433,0.7961215916217315,0.6346100012410159,0.9423035948305409,0.6503827849726103,1.0555439366032433,1.0392769029500437,0.4546506024096386
2023-07-30,17450.0,993750.0,705279.0,,,116784.0,91861.0,2077.0,1952433.0,2023,7,6,Sunday,True,False,2340581.787141905,1097483.6363636362,104631.02931379082,106196.31130063965,16527.62520777625,883173.5503696445,3581.034482758621,0.8341656808259303,0.6426328162275354,1.1161507323966215,0.865011212488759,1.0558080656251674,1.1252035339872606,0.58
2023-07-31,26682.0,975380.0,1283835.0,,,205976.0,185348.0,6161.0,3204920.0,2023,7,0,Monday,False,False,5258977.525118984,2071709.7350230415,316438.35994194483,283053.1968124537,28358.00304878049,960258.5532746823,13839.36170212766,0.6094188432432004,0.6196982995717405,0.6509198190693103,0.6548168403934632,0.9408984107273884,1.0157472658522546,0.4451794911215312
2023-08-01,29354.0,959997.0,1357252.0,,,221518.0,199547.0,7060.0,3598379.0,2023,8,1,Tuesday,False,False,5146831.5476190485,2013055.0,312109.3058350101,272936.40116561437,27963.24375294672,971388.4801288936,13413.723776223775,0.6991445060339364,0.6742249963364141,0.7097449382592288,0.73111171374652,1.0497351544527707,0.988272992358956,0.5263266276970799
2023-08-02,30380.0,970610.0,1359233.0,,,219641.0,201003.0,6913.0,3640307.0,2023,8,2,Wednesday,False,False,5145409.141791045,2012229.337686567,312848.643761302,273273.76395534293,27967.2903453136,972300.5,13316.638297872341,0.7074864018943419,0.6754861260310874,0.7020679308668578,0.7355371298389513,1.0862689815458184,0.9982613399869691,0.5191250107847805
2023-08-03,30483.0,1000263.0,1350472.0,,,220565.0,197044.0,6753.0,3609076.0,2023,8,3,Thursday,False,False,5138942.700341006,2014691.217948718,311722.78138528136,273115.0462962963,27957.998182919444,973126.8103280916,13384.991496598639,0.702299327011471,0.6703121490622267,0.7075677915480528,0.7214688559715288,1.0903141133553393,1.0278855637147222,0.5045203055762909
2023-08-04,28128.0,993082.0,1241122.0,,,193528.0,171533.0,5593.0,3228510.0,2023,8,4,Friday,False,False,5142805.084745763,2022153.5714285711,312300.0,272525.0,27989.423076923074,970850.4854368932,13316.666666666668,0.6277721879011487,0.6137624844799481,0.6196861991674671,0.6294211540225667,1.0049510460682265,1.0228990095762298,0.42
2023-08-05,18835.0,974419.0,879423.0,,,122596.0,114660.0,2838.0,2364364.0,2023,8,5,Saturday,True,False,2945506.25,1374088.888888889,133403.7037037037,151762.5,16640.145985401457,957488.7755102041,4719.444444444444,0.8027020821972454,0.6400044473914027,0.9189849801493656,0.7555226093402521,1.131901127341317,1.0176819038748255,0.601341965862272
2023-08-06,18805.0,959846.0,715130.0,,,107399.0,96010.0,2171.0,1910841.0,2023,8,6,Sunday,True,False,2381887.720588235,1099990.1639344264,104098.1819912431,103998.25949367089,17984.8125,919344.6279761905,3612.239583333333,0.8022380666743163,0.6501239951474975,1.0317086998602394,0.9231885270718685,1.0456044509777347,1.0440546132444017,0.6010121836925961
2023-08-07,27174.0,905952.0,1208443.0,,,191530.0,163799.0,5884.0,3041001.0,2023,8,0,Monday,False,False,5126568.518518518,2019618.5185185184,312460.0,272998.3333333334,28005.31914893617,972075.8241758242,13400.0,0.5931845032432712,0.5983521090341594,0.6129744607309736,0.5999999999999999,0.9703156695156695,0.9319766806957808,0.4391044776119403
2023-08-08,29435.0,937561.0,1339073.0,,,218555.0,193867.0,7035.0,3510047.0,2023,8,1,Tuesday,False,False,5146831.5476190485,2013055.0,312109.3058350101,272936.40116561437,27963.24375294672,971388.4801288936,13413.723776223775,0.6819821024886207,0.665194443271545,0.700251469321887,0.7103010048204011,1.0526318141076958,0.9651761567890891,0.5244628648511271
2023-08-09,30849.0,963902.0,1369095.0,,,224241.0,192028.0,6858.0,3613062.0,2023,8,2,Wednesday,False,False,5145409.141791045,2012229.337686567,312848.643761302,273273.76395534293,27967.2903453136,972300.5,13316.638297872341,0.7021913905066729,0.6803871578445576,0.7167715266526516,0.7026946063925122,1.103038571813922,0.9913622383203546,0.5149948392828041
2023-08-10,29758.0,960916.0,1262073.0,,,208782.0,178768.0,6333.0,3429304.0,2023,8,3,Thursday,False,False,5138942.700341006,2014691.217948718,311722.78138528136,273115.0462962963,27957.998182919444,973126.8103280916,13384.991496598639,0.6673170338662155,0.6264349537816494,0.6697681801509104,0.6545520007933164,1.064382356894931,0.9874519844705802,0.4731418769753665
2023-08-11,29109.0,1022642.0,1275618.0,,,206947.0,171116.0,6119.0,3311714.0,2023,8,4,Friday,False,False,5142805.084745763,2022153.5714285711,312300.0,272525.0,27989.423076923074,970850.4854368932,13316.666666666668,0.6439509072243433,0.6308215251420428,0.6626544988792827,0.627891019172553,1.04,1.0533465403169677,0.45949937421777215
2023-08-12,18390.0,973522.0,844749.0,,,131586.0,109269.0,2835.0,2366787.0,2023,8,5,Saturday,True,False,2945506.25,1374088.888888889,133403.7037037037,151762.5,16640.145985401457,957488.7755102041,4719.444444444444,0.8035246912139467,0.6147702720186304,0.986374413503984,0.72,1.1051585734965128,1.0167450782712857,0.6007062978222484
2023-08-13,18071.0,968282.0,690541.0,,,112932.0,93730.0,2196.0,1953558.0,2023,8,6,Sunday,True,False,2381887.720588235,1099990.1639344264,104098.1819912431,103998.25949367089,17984.8125,919344.6279761905,3612.239583333333,0.8201721613970728,0.6277701588985891,1.0848604446281302,0.9012650832459769,1.0047922378951686,1.053230715157969,0.607933097830005
2023-08-14,27185.0,943570.0,1246445.0,,,201352.0,168873.0,6051.0,3092801.0,2023,8,0,Monday,False,False,5126568.518518518,2019618.5185185184,312460.0,272998.3333333334,28005.31914893617,972075.8241758242,13400.0,0.6032887278942994,0.6171685338448589,0.6444088843371951,0.6185861940549087,0.9707084520417854,0.9706753079678812,0.4515671641791045
2023-08-15,29122.0,927808.0,1273782.0,,,212116.0,187441.0,6680.0,3385996.0,2023,8,1,Tuesday,False,False,5146831.5476190485,2013055.0,312109.3058350101,272936.40116561437,27963.24375294672,971388.4801288936,13413.723776223775,0.657879701068977,0.6327606548256257,0.6796208765147509,0.6867570584191266,1.04143854902138,0.955135889481507,0.4979974324385969
2023-08-16,30763.0,960221.0,1300953.0,,,217398.0,190267.0,6652.0,3447648.0,2023,8,2,Wednesday,False,False,5145409.141791045,2012229.337686567,312848.643761302,273273.76395534293,27967.2903453136,972300.5,13316.638297872341,0.6700435096595491,0.646523224582188,0.6948983297043501,0.6962505190622416,1.0999635509971695,0.9875763717081293,0.4995254696572197
2023-08-17,30045.0,978905.0,1275993.0,,,212321.0,180631.0,6360.0,3385056.0,2023,8,3,Thursday,False,False,5138942.700341006,2014691.217948718,311722.78138528136,273115.0462962963,27957.998182919444,973126.8103280916,13384.991496598639,0.6587067024069713,0.6333442011521585,0.6811212162821577,0.661373302018804,1.0746477556592582,1.005937756118301,0.4751590616711402
2023-08-18,27468.0,1003717.0,1208502.0,,,208639.0,174410.0,5361.0,3182516.0,2023,8,4,Friday,False,False,5142805.084745763,2022153.5714285711,312300.0,272525.0,27989.423076923074,970850.4854368932,13316.666666666668,0.6188288195949253,0.5976311676200939,0.6680723663144412,0.6399779836712228,0.981370710089663,1.0338533224797395,0.40257822277847305
2023-08-19,19246.0,987283.0,856814.0,,,144076.0,124069.0,2665.0,2358962.0,2023,8,5,Saturday,True,False,2945506.25,1374088.888888889,133403.7037037037,151762.5,16640.145985401457,957488.7755102041,4719.444444444444,0.8008681020452766,0.6235506355726622,1.08,0.8175207972984103,1.1566004298811248,1.0311170483162269,0.5646851088875809
2023-08-20,18004.0,962550.0,689829.0,,,101351.0,94332.0,2065.0,1870625.0,2023,8,6,Sunday,True,False,2381887.720588235,1099990.1639344264,104098.1819912431,103998.25949367089,17984.8125,919344.6279761905,3612.239583333333,0.7853539794638292,0.6271228803834311,0.9736097025068681,0.9070536416596553,1.0010668723958063,1.0469958388933214,0.571667507749982
2023-08-21,26325.0,933844.0,1199440.0,,,198534.0,170102.0,5857.0,2971166.0,2023,8,0,Monday,False,False,5126568.518518518,2019618.5185185184,312460.0,272998.3333333334,28005.31914893617,972075.8241758242,13400.0,0.5795623308783184,0.5938943364808535,0.6353901299366319,0.6230880530406168,0.94,0.9606699156331359,0.43708955223880597
2023-08-22,28913.0,932713.0,1263459.0,,,213724.0,194321.0,6463.0,3352769.0,2023,8,1,Tuesday,False,False,5146831.5476190485,2013055.0,312109.3058350101,272936.40116561437,27963.24375294672,971388.4801288936,13413.723776223775,0.651423884574386,0.6276326280205956,0.6847729177065314,0.7119643959916085,1.0339644518870668,0.9601853625814445,0.4818199709357263
2023-08-23,30187.0,958369.0,1272485.0,,,215258.0,192053.0,6566.0,3412842.0,2023,8,2,Wednesday,False,False,5145409.141791045,2012229.337686567,312848.643761302,273273.76395534293,27967.2903453136,972300.5,13316.638297872341,0.6632790330084495,0.6323757318154196,0.6880579612300894,0.7027860897447308,1.0793680627361295,0.9856716107828803,0.4930673833086748
2023-08-24,28689.0,963101.0,1201155.0,,,204439.0,176827.0,6191.0,3297927.0,2023,8,3,Thursday,False,False,5138942.700341006,2014691.217948718,311722.78138528136,273115.0462962963,27957.998182919444,973126.8103280916,13384.991496598639,0.6417520475138123,0.5961980621640721,0.6558359292557403,0.647445105635683,1.0261464290933087,0.9896973239030262,0.46253297968648255
2023-08-25,26511.0,956698.0,1143010.0,,,191119.0,153854.0,4891.0,3034255.0,2023,8,4,Friday,False,False,5142805.084745763,2022153.5714285711,312300.0,272525.0,27989.423076923074,970850.4854368932,13316.666666666668,0.59,0.5652439142851593,0.6119724623759206,0.5645500412806165,0.9471792229207463,0.9854225901421634,0.36728410513141424
2023-08-26,18024.0,958115.0,844428.0,,,122930.0,100194.0,2700.0,2281885.0,2023,8,5,Saturday,True,False,2945506.25,1374088.888888889,133403.7037037037,151762.5,16640.145985401457,957488.7755102041,4719.444444444444,0.7747004441087164,0.6145366626774913,0.9214886587634303,0.6602026192241166,1.0831635741544943,1.0006540280218557,0.5721012360211889
2023-08-27,18022.0,946702.0,702984.0,,,106913.0,85878.0,2088.0,1909806.0,2023,8,6,Sunday,True,False,2381887.720588235,1099990.1639344264,104098.1819912431,103998.25949367089,17984.8125,919344.6279761905,3612.239583333333,0.8018035373759561,0.6390820782302077,1.0270400304300578,0.825763819684178,1.0020677168583214,1.0297574719983222,0.5780347487563983
2023-08-28,26613.0,936061.0,1240688.0,,,215843.0,170897.0,6179.0,3121505.0,2023,8,0,Monday,False,False,5126568.518518518,2019618.5185185184,312460.0,272998.3333333334,28005.31914893617,972075.8241758242,13400.0,0.6088877947742823,0.614317995514371,0.6907860206106382,0.6260001587311277,0.9502837606837606,0.9629506019179529,0.46111940298507464
2023-08-29,28250.0,934319.0,1284953.0,,,235092.0,189077.0,6677.0,3401088.0,2023,8,1,Tuesday,False,False,5146831.5476190485,2013055.0,312109.3058350101,272936.40116561437,27963.24375294672,971388.4801288936,13413.723776223775,0.6608119905485077,0.6383099319193961,0.7532361118520329,0.6927511288070016,1.0102547561930493,0.9618386661081518,0.4977737808970826
2023-08-30,29450.0,964068.0,1267435.0,,,230912.0,180304.0,6639.0,3462970.0,2023,8,2,Wednesday,False,False,5145409.141791045,2012229.337686567,312848.643761302,273273.76395534293,27967.2903453136,972300.5,13316.638297872341,0.6730213097873474,0.6298660775203451,0.7380949369759192,0.6597925735361276,1.0530158494576811,0.9915329674313651,0.49854924730220707
2023-08-31,29312.0,1021542.0,1315113.0,,,229477.0,176676.0,6537.0,3450532.0,2023,8,3,Thursday,False,False,5138942.700341006,2014691.217948718,311722.78138528136,273115.0462962963,27957.998182919444,973126.8103280916,13384.991496598639,0.6714478446648242,0.6527615687623823,0.7361572964934261,0.6468922250747337,1.048429855679287,1.049752189702373,0.4883828280101012
2023-09-01,28920.0,1029684.0,1225370.0,,,202450.0,152974.0,5372.0,3196284.0,2023,9,4,Friday,False,False,5751001.871657753,2323600.806451613,327431.3093453273,287666.21052631584,29691.265201908216,951014.2857142857,17050.0,0.5557786401969395,0.5273582263346134,0.6182976221937436,0.531776045994828,0.9740238350685492,1.0827219059350168,0.3150733137829912
2023-09-02,18536.0,943312.0,842591.0,,,132551.0,107230.0,2633.0,2307416.0,2023,9,5,Saturday,True,False,3220394.520547945,1402825.0,118303.61445783133,152795.5223880597,17135.164835164833,953082.0,4144.68085106383,0.7165010328012223,0.6006387111720991,1.1204306868176634,0.7017875807097574,1.0817520682357469,0.98974904572744,0.6352720739219712
2023-09-03,19598.0,942979.0,692079.0,,,119566.0,90729.0,2185.0,2013506.0,2023,9,6,Sunday,True,False,2544627.2727272725,1099881.6666666667,99359.68992248061,105071.27659574468,17174.418604651164,886614.1509433961,2926.9662921348313,0.7912773794340304,0.6292304172115485,1.2033652690873344,0.8634995494446526,1.1411157752200405,1.0635731439619243,0.746506717850288
2023-09-04,12292.0,858764.0,686326.0,,,114475.0,87538.0,2188.0,1879819.0,2023,9,0,Monday,False,False,5744982.089552239,2314379.365079365,326433.3333333333,287153.94736842107,29658.97435897436,951296.9072164949,17097.56097560976,0.32721059364460303,0.2965486170312724,0.3506841621566425,0.3048469324633311,0.41444454050315555,0.9027297297883085,0.1279714693295292
2023-09-05,29869.0,973978.0,1349438.0,,,239334.0,218899.0,6739.0,3483755.0,2023,9,1,Tuesday,False,False,5762951.365079366,2323449.6794871795,327453.04878048785,288018.6728395062,29693.90243902439,952311.3494623655,17075.012370113807,0.6045088322469337,0.5807907147349287,0.7308956227200696,0.7600166955910459,1.0058967514066286,1.0227516458245158,0.3946702850883547
2023-09-06,32290.0,968041.0,1395521.0,,,238477.0,211126.0,6909.0,3712071.0,2023,9,2,Wednesday,False,False,5785243.432835821,2325995.1836158196,327301.2780853142,288897.5016655563,29776.363636363632,953917.4934330168,17181.72682526661,0.6416447368370133,0.5999672784492299,0.7286161587729538,0.7307989815862483,1.0844171704219334,1.0148057946984017,0.40211324916654834
2023-09-07,31704.0,985607.0,1441437.0,,,226937.0,206910.0,7044.0,3867746.0,2023,9,3,Thursday,False,False,5772755.223880596,2314074.193548387,328298.75,287986.88524590165,29723.364485981307,952776.6990291262,17116.666666666668,0.67,0.6229000798758788,0.6912514896873655,0.7184702172230065,1.0666356433153064,1.034457497758213,0.4115287244401168
2023-09-08,30083.0,1020080.0,1365283.0,,,225125.0,183785.0,6257.0,3609701.0,2023,9,4,Friday,False,False,5751001.871657753,2323600.806451613,327431.3093453273,287666.21052631584,29691.265201908216,951014.2857142857,17050.0,0.6276647235657197,0.5875720976723765,0.6875487883248532,0.6388828206960625,1.013193604092917,1.0726232143125385,0.3669794721407625
2023-09-09,17897.0,956282.0,840378.0,,,125177.0,102373.0,2575.0,2425515.0,2023,9,5,Saturday,True,False,3220394.520547945,1402825.0,118303.61445783133,152795.5223880597,17135.164835164833,953082.0,4144.68085106383,0.7531732477259657,0.599061180118689,1.0580995396773667,0.67,1.0444603347656,1.003357528523254,0.6212782340862423
2023-09-10,17916.0,873853.0,626222.0,,,96835.0,81850.0,1623.0,1822230.0,2023,9,6,Sunday,True,False,2544627.2727272725,1099881.6666666667,99359.68992248061,105071.27659574468,17174.418604651164,886614.1509433961,2926.9662921348313,0.7161088067907785,0.5693539759580197,0.9745904005492535,0.7789950084542407,1.0431794177386593,0.9856068720200126,0.5544990403071017
2023-09-11,29057.0,915527.0,1400268.0,,,213280.0,191592.0,7182.0,3596538.0,2023,9,0,Monday,False,False,5744982.089552239,2314379.365079365,326433.3333333333,287153.94736842107,29658.97435897436,951296.9072164949,17097.56097560976,0.6260311945167983,0.6050295907092923,0.653364648218115,0.6672100514578188,0.979703466758883,0.9623987979513589,0.4200599144079885
2023-09-12,31779.0,959651.0,1519571.0,,,241196.0,221092.0,8031.0,4014480.0,2023,9,1,Tuesday,False,False,5762951.365079366,2323449.6794871795,327453.04878048785,288018.6728395062,29693.90243902439,952311.3494623655,17075.012370113807,0.696601401900728,0.6540150249070134,0.7365819341071052,0.7676307852553713,1.0702197215491396,1.0077071963300428,0.4703364088951739
2023-09-13,31900.0,940261.0,1482320.0,,,229765.0,210001.0,7787.0,3938516.0,2023,9,2,Wednesday,False,False,5785243.432835821,2325995.1836158196,327301.2780853142,288897.5016655563,29776.363636363632,953917.4934330168,17181.72682526661,0.6807865642516984,0.6372842086868362,0.7019984808617508,0.7269048669140405,1.0713195334920926,0.9856837792293032,0.4532140499724869
2023-09-14,32717.0,993640.0,1517040.0,,,232039.0,206374.0,7847.0,4045169.0,2023,9,3,Thursday,False,False,5772755.223880596,2314074.193548387,328298.75,287986.88524590165,29723.364485981307,952776.6990291262,17116.666666666668,0.7007345440988111,0.6555710288933219,0.7067922128853674,0.7166090213579853,1.100716576531254,1.0428886443303171,0.45844206426484907
2023-09-15,30957.0,1026636.0,1398937.0,,,225904.0,192398.0,6429.0,3694845.0,2023,9,4,Friday,False,False,5751001.871657753,2323600.806451613,327431.3093453273,287666.21052631584,29691.265201908216,951014.2857142857,17050.0,0.6424697961252694,0.6020556526386847,0.6899279132825659,0.6688237719959791,1.042629870754394,1.0795169067612023,0.3770674486803519
2023-09-16,18923.0,976614.0,881354.0,,,117997.0,115065.0,2864.0,2446139.0,2023,9,5,Saturday,True,False,3220394.520547945,1402825.0,118303.61445783133,152795.5223880597,17135.164835164833,953082.0,4144.68085106383,0.7595774320171782,0.6282708106855809,0.9974082409972299,0.7530652613482071,1.1043372025909064,1.0246904253778792,0.691006160164271
2023-09-17,18330.0,906081.0,666392.0,,,107302.0,96229.0,2197.0,1988003.0,2023,9,6,Sunday,True,False,2544627.2727272725,1099881.6666666667,99359.68992248061,105071.27659574468,17174.418604651164,886614.1509433961,2926.9662921348313,0.7812550864745329,0.6058760866699296,1.0799349322015386,0.9158449684611256,1.067285037237644,1.0219563933599416,0.7506065259117083
2023-09-18,28341.0,880290.0,1294777.0,,,215151.0,192103.0,7010.0,3539047.0,2023,9,0,Monday,False,False,5744982.089552239,2314379.365079365,326433.3333333333,287153.94736842107,29658.97435897436,951296.9072164949,17097.56097560976,0.6160240266781809,0.5594489043310319,0.6590962932707036,0.6689895847175318,0.9555623757240426,0.9253577861151027,0.4099999999999999
2023-09-19,31109.0,938743.0,1480863.0,,,241135.0,224426.0,8652.0,4140301.0,2023,9,1,Tuesday,False,False,5762951.365079366,2323449.6794871795,327453.04878048785,288018.6728395062,29693.90243902439,952311.3494623655,17075.012370113807,0.7184341386408665,0.6373553139859043,0.7363956478586577,0.7792064236232968,1.047656166577683,0.9857521917910297,0.5067053430159438
2023-09-20,32181.0,962794.0,1478618.0,,,242203.0,219540.0,8671.0,4179861.0,2023,9,2,Wednesday,False,False,5785243.432835821,2325995.1836158196,327301.2780853142,288897.5016655563,29776.363636363632,953917.4934330168,17181.72682526661,0.7225039099091304,0.635692631874435,0.7400001656481997,0.759923497899098,1.0807565488184652,1.0093053189904693,0.5046640589843886
2023-09-21,31455.0,983182.0,1478606.0,,,232409.0,211375.0,8554.0,4139288.0,2023,9,3,Thursday,False,False,5772755.223880596,2314074.193548387,328298.75,287986.88524590165,29723.364485981307,952776.6990291262,17116.666666666668,0.7170385438961091,0.6389622269339233,0.7079192351478646,0.7339743954642743,1.058258395170419,1.0319123053721366,0.49974683544303794
2023-09-22,30086.0,1024575.0,1403811.0,,,223821.0,194197.0,7175.0,3840412.0,2023,9,4,Friday,False,False,5751001.871657753,2323600.806451613,327431.3093453273,287666.21052631584,29691.265201908216,951014.2857142857,17050.0,0.667781385870595,0.60415325907197,0.6835662736331237,0.6750775478451083,1.013294643909833,1.0773497468867825,0.4208211143695015
2023-09-23,15680.0,806230.0,682092.0,,,96073.0,86985.0,2012.0,2116140.0,2023,9,5,Saturday,True,False,3220394.520547945,1402825.0,118303.61445783133,152795.5223880597,17135.164835164833,953082.0,4144.68085106383,0.6571058255433692,0.4862274339279668,0.8120884593449568,0.5692902425444208,0.9150772782658887,0.8459188191572183,0.485441478439425
2023-09-24,15255.0,750320.0,562224.0,,,83669.0,75103.0,1863.0,1701656.0,2023,9,6,Sunday,True,False,2544627.2727272725,1099881.6666666667,99359.68992248061,105071.27659574468,17174.418604651164,886614.1509433961,2926.9662921348313,0.6687250499269406,0.5111677165270809,0.842081935493938,0.7147814553443964,0.8882396750169261,0.8462756873456473,0.6364952015355086
2023-09-25,24609.0,816113.0,1035021.0,,,194611.0,175651.0,5320.0,2885921.0,2023,9,0,Monday,False,False,5744982.089552239,2314379.365079365,326433.3333333333,287153.94736842107,29658.97435897436,951296.9072164949,17097.56097560976,0.5023376844373987,0.4472131991915279,0.5961737976105381,0.6116962751504098,0.8297319961960751,0.8578951469399344,0.31115549215406557
2023-09-26,30558.0,913826.0,1393963.0,,,235620.0,214987.0,7655.0,3946624.0,2023,9,1,Tuesday,False,False,5762951.365079366,2323449.6794871795,327453.04878048785,288018.6728395062,29693.90243902439,952311.3494623655,17075.012370113807,0.6848268794900108,0.5999540305549758,0.7195535386752522,0.746434242892988,1.0291001683847385,0.9595874295900257,0.448315927044273
2023-09-27,32758.0,947790.0,1463309.0,,,232823.0,212978.0,7877.0,4074930.0,2023,9,2,Wednesday,False,False,5785243.432835821,2325995.1836158196,327301.2780853142,288897.5016655563,29776.363636363632,953917.4934330168,17181.72682526661,0.7043662116051257,0.6291109329492456,0.7113415546740165,0.7372095596955183,1.1001343347377421,0.993576495372818,0.45845217306193387
2023-09-28,31804.0,969705.0,1433729.0,,,227819.0,201304.0,7587.0,4051444.0,2023,9,3,Thursday,False,False,5772755.223880596,2314074.193548387,328298.75,287986.88524590165,29723.364485981307,952776.6990291262,17116.666666666668,0.701821546709634,0.619569158152846,0.6939380670806696,0.6990040530078783,1.07,1.0177673330887749,0.4432521908471275
2023-09-29,29054.0,830295.0,1053306.0,,,188008.0,128570.0,5183.0,2467295.0,2023,9,4,Friday,False,False,5751001.871657753,2323600.806451613,327431.3093453273,287666.21052631584,29691.265201908216,951014.2857142857,17050.0,0.42902003078096557,0.45330764091466763,0.5741906611677025,0.44694161251948067,0.9785369468907893,0.8730625948235718,0.30398826979472143
2023-09-30,16536.0,867826.0,789587.0,,,104842.0,100703.0,1936.0,2205573.0,2023,9,5,Saturday,True,False,3220394.520547945,1402825.0,118303.61445783133,152795.5223880597,17135.164835164833,953082.0,4144.68085106383,0.6848766466118336,0.5628549533976084,0.8862113003095975,0.6590703603489201,0.965033027640608,0.9105470463192045,0.46710472279260773
2023-10-01,18586.0,901140.0,669243.0,,,94222.0,92724.0,1984.0,1995361.0,2023,10,6,Sunday,True,False,2456172.56097561,1000988.799010278,91166.64021164022,105091.34735426871,18374.333529066353,844693.9814814815,3762.105263157895,0.8123863248465849,0.668581906872195,1.033514011060042,0.8823181197536872,1.011519681549201,1.0668242224474238,0.5273642977056519
2023-10-02,28672.0,935087.0,1390842.0,,,208901.0,183892.0,7289.0,3649389.0,2023,10,0,Monday,False,False,5762367.908902692,2259552.5110590686,313900.3651411879,290869.15343915345,29762.116932032186,926695.552631579,17782.445442875483,0.6333141267085358,0.6155386932557289,0.6655009780126866,0.6322155437443735,0.9633723321992959,1.0090552364739331,0.40989862858937265
2023-10-03,32295.0,941175.0,1471939.0,,,235305.0,214111.0,7953.0,4008201.0,2023,10,1,Tuesday,False,False,5748704.710424711,2255897.9228855725,313633.75331564987,291107.8095238095,29750.885585003234,927888.2437758339,17826.632996632994,0.6972354994563421,0.6524847534400883,0.7502540702727949,0.7355041431222339,1.0855139053836838,1.0143193496773908,0.4461302367924511
2023-10-04,33186.0,953731.0,1467384.0,,,231999.0,209399.0,7928.0,4026878.0,2023,10,2,Wednesday,False,False,5737598.701298702,2255338.2352941176,314166.2921348315,289893.3333333333,29755.882352941175,929977.6699029126,17804.25531914894,0.7018403010807498,0.6506270221631032,0.7384592357872449,0.7223312022812989,1.1152752792329743,1.025541828439351,0.44528680688336514
2023-10-05,32414.0,977772.0,1457151.0,,,233470.0,207356.0,7814.0,4030304.0,2023,10,3,Thursday,False,False,5753361.111111111,2253958.8235294116,314336.5853658537,290771.6216216216,29730.10752688172,925780.198019802,17836.363636363636,0.7005129561946881,0.6464851907623972,0.7427388693182699,0.7131232368674217,1.0902752359940686,1.0561599849417884,0.4380937818552498
2023-10-06,30643.0,1004758.0,1325428.0,,,225040.0,193065.0,6284.0,3639729.0,2023,10,4,Friday,False,False,5756068.412698412,2247057.401129944,314450.7211538461,291025.6581256581,29758.2427184466,926983.2165109033,17936.086956521736,0.6323290028955225,0.5898505304463971,0.7156606261681886,0.6633951152054057,1.0297315029628733,1.083900961855421,0.35035512568782884
2023-10-07,16919.0,845459.0,720734.0,,,105975.0,95026.0,2010.0,2199478.0,2023,10,5,Saturday,True,False,3329512.5,1388290.625,113551.48514851485,152183.58208955222,17687.96992481203,946215.6862745098,4541.772151898734,0.6606006134531707,0.5191521047691293,0.9332770933061288,0.6244168963251376,0.9565258235919235,0.8935161530969601,0.4425585284280937
2023-10-08,18471.0,899451.0,654443.0,,,98315.0,105952.0,2722.0,2044534.0,2023,10,6,Sunday,True,False,2456172.56097561,1000988.799010278,91166.64021164022,105091.34735426871,18374.333529066353,844693.9814814815,3762.105263157895,0.8324064980140874,0.6537965266415336,1.078409819334848,1.0081895671470458,1.00526095114039,1.0648246817415248,0.7235310576385002
2023-10-09,21655.0,909254.0,1023375.0,,,206491.0,189567.0,4576.0,2833654.0,2023,10,0,Monday,False,False,5762367.908902692,2259552.5110590686,313900.3651411879,290869.15343915345,29762.116932032186,926695.552631579,17782.445442875483,0.4917516626493228,0.45291047452592137,0.6578233826109864,0.6517260347431626,0.7276028129804601,0.9811787673070735,0.257332435783368
2023-10-10,31970.0,939835.0,1423532.0,,,239967.0,220445.0,8356.0,3954925.0,2023,10,1,Tuesday,False,False,5748704.710424711,2255897.9228855725,313633.75331564987,291107.8095238095,29750.885585003234,927888.2437758339,17826.632996632994,0.6879680204878382,0.6310267789861371,0.7651185418123362,0.7572624051570487,1.074589860817971,1.0128752102468197,0.4687368613903837
2023-10-11,33382.0,954481.0,1451764.0,,,236033.0,214437.0,8630.0,4056504.0,2023,10,2,Wednesday,False,False,5737598.701298702,2255338.2352941176,314166.2921348315,289893.3333333333,29755.882352941175,929977.6699029126,17804.25531914894,0.7070037852389037,0.643701231718211,0.7512995693971559,0.7397100082789072,1.121862212118217,1.0263482994163133,0.4847155831739961
2023-10-12,32865.0,993406.0,1436967.0,,,248974.0,215284.0,8255.0,4104598.0,2023,10,3,Thursday,False,False,5753361.111111111,2253958.8235294116,314336.5853658537,290771.6216216216,29730.10752688172,925780.198019802,17836.363636363636,0.7134261035819642,0.6375302800562671,0.7920617948757739,0.7403886211431838,1.1054450432203697,1.0730473627809778,0.4628185524974516
2023-10-13,31134.0,1006573.0,1322576.0,,,226873.0,193658.0,6429.0,3560964.0,2023,10,4,Friday,False,False,5756068.412698412,2247057.401129944,314450.7211538461,291025.6581256581,29758.2427184466,926983.2165109033,17936.086956521736,0.61864518360209,0.5885813149832916,0.7214898384316364,0.6654327362310541,1.0462311331542635,1.0858589261072782,0.3584393862264563
2023-10-14,17155.0,876531.0,717223.0,,,110177.0,96158.0,2298.0,2219786.0,2023,10,5,Saturday,True,False,3329512.5,1388290.625,113551.48514851485,152183.58208955222,17687.96992481203,946215.6862745098,4541.772151898734,0.6667000048805943,0.5166230953983428,0.9702823336559505,0.6318552808371665,0.9698682252922423,0.9263543320140084,0.505969899665552
2023-10-15,18455.0,914805.0,689581.0,,,102493.0,100633.0,2148.0,2013096.0,2023,10,6,Sunday,True,False,2456172.56097561,1000988.799010278,91166.64021164022,105091.34735426871,18374.333529066353,844693.9814814815,3762.105263157895,0.8196069087264714,0.6888998165432214,1.1242379861983072,0.9575764564209137,1.004390171257425,1.0830016787802288,0.5709569110240627
2023-10-16,29453.0,929946.0,1381665.0,,,228147.0,203627.0,7735.0,3661144.0,2023,10,0,Monday,False,False,5762367.908902692,2259552.5110590686,313900.3651411879,290869.15343915345,29762.116932032186,926695.552631579,17782.445442875483,0.6353540867016906,0.6114772696087526,0.7268134266023639,0.7000639208124091,0.98961374512646,1.0035075676787166,0.4349795434406362
2023-10-17,31921.0,948433.0,1439468.0,,,243917.0,222110.0,8354.0,4021342.0,2023,10,1,Tuesday,False,False,5748704.710424711,2255897.9228855725,313633.75331564987,291107.8095238095,29750.885585003234,927888.2437758339,17826.632996632994,0.6995214057016517,0.6380909284045717,0.7777128495303088,0.7629819356729891,1.0729428510219094,1.0221414123543195,0.46862466970503414
2023-10-18,33615.0,953178.0,1440292.0,,,236072.0,213952.0,8356.0,4074460.0,2023,10,2,Wednesday,False,False,5737598.701298702,2255338.2352941176,314166.2921348315,289893.3333333333,29755.882352941175,929977.6699029126,17804.25531914894,0.7101333174587042,0.6386146332557396,0.7514237074761809,0.7380369791187563,1.1296925966195512,1.0249471905056704,0.46932600382409173
2023-10-19,32909.0,990784.0,1440111.0,,,234999.0,212946.0,8148.0,4121563.0,2023,10,3,Thursday,False,False,5753361.111111111,2253958.8235294116,314336.5853658537,290771.6216216216,29730.10752688172,925780.198019802,17836.363636363636,0.7163748147218293,0.638925159131776,0.7476030819845124,0.7323479465169563,1.1069250244131796,1.0702151570310512,0.4568195718654434
2023-10-20,29766.0,965899.0,1232782.0,,,222385.0,192383.0,6272.0,3616336.0,2023,10,4,Friday,False,False,5756068.412698412,2247057.401129944,314450.7211538461,291025.6581256581,29758.2427184466,926983.2165109033,17936.086956521736,0.6282649441799601,0.5486206090596927,0.7072173318095122,0.6610516792197528,1.0002606767350746,1.0419811090383846,0.3496860834363562
2023-10-21,17530.0,910190.0,793917.0,,,113139.0,101963.0,2464.0,2438387.0,2023,10,5,Saturday,True,False,3329512.5,1388290.625,113551.48514851485,152183.58208955222,17687.96992481203,946215.6862745098,4541.772151898734,0.7323555625635885,0.5718665715256847,0.9963674174056344,0.67,0.9910690754516471,0.9619265598773236,0.5425195094760312
2023-10-22,18954.0,931564.0,678536.0,,,98471.0,93659.0,2021.0,1983271.0,2023,10,6,Sunday,True,False,2456172.56097561,1000988.799010278,91166.64021164022,105091.34735426871,18374.333529066353,844693.9814814815,3762.105263157895,0.8074640322552216,0.6778657270400015,1.0801209715681412,0.8912151414737348,1.0315476188573955,1.1028420000887895,0.5371992165640739
2023-10-23,29261.0,929345.0,1375311.0,,,221569.0,199199.0,7615.0,3667240.0,2023,10,0,Monday,False,False,5762367.908902692,2259552.5110590686,313900.3651411879,290869.15343915345,29762.116932032186,926695.552631579,17782.445442875483,0.6364119851379535,0.6086652083847265,0.7058577325972253,0.6848405808753804,0.9831625911161969,1.0028590267438937,0.4282313152295339
2023-10-24,31757.0,937091.0,1431006.0,,,241544.0,218201.0,8176.0,4040571.0,2023,10,1,Tuesday,False,False,5748704.710424711,2255897.9228855725,313633.75331564987,291107.8095238095,29750.885585003234,927888.2437758339,17826.632996632994,0.7028663331189757,0.6343398721559025,0.7701466996025242,0.7495539207860155,1.0674304100718266,1.009917957562128,0.458639609708925
2023-10-25,32821.0,951107.0,1443766.0,,,237292.0,217420.0,8368.0,4120011.0,2023,10,2,Wednesday,False,False,5737598.701298702,2255338.2352941176,314166.2921348315,289893.3333333333,29755.882352941175,929977.6699029126,17804.25531914894,0.7180723529980301,0.6401549787106408,0.7553070012302938,0.75,1.1030087970742315,1.0227202553146177,0.4699999999999999
2023-10-26,32549.0,989646.0,1431016.0,,,242021.0,215171.0,8147.0,4142420.0,2023,10,3,Thursday,False,False,5753361.111111111,2253958.8235294116,314336.5853658537,290771.6216216216,29730.10752688172,925780.198019802,17836.363636363636,0.72,0.6348900366153148,0.7699421933922003,0.7400000000000001,1.0948160873810988,1.0689859235667427,0.45676350662589194
2023-10-27,31164.0,1031620.0,1348576.0,,,229895.0,203068.0,6705.0,3853546.0,2023,10,4,Friday,False,False,5756068.412698412,2247057.401129944,314450.7211538461,291025.6581256581,29758.2427184466,926983.2165109033,17936.086956521736,0.6694753647296349,0.6001520029358671,0.7311002473024162,0.6977666550360311,1.047239257198544,1.1128788327829082,0.37382735801032657
2023-10-28,20126.0,1023178.0,874941.0,,,124172.0,139276.0,2995.0,2743759.0,2023,10,5,Saturday,True,False,3329512.5,1388290.625,113551.48514851485,152183.58208955222,17687.96992481203,946215.6862745098,4541.772151898734,0.8240722928656973,0.6302289911379326,1.0935303914131504,0.9151841354216727,1.137835494155154,1.081336966657687,0.6594342251950949
2023-10-29,18145.0,874635.0,589929.0,,,86843.0,80705.0,1766.0,1834459.0,2023,10,6,Sunday,True,False,2456172.56097561,1000988.799010278,91166.64021164022,105091.34735426871,18374.333529066353,844693.9814814815,3762.105263157895,0.7468770839420742,0.5893462550063387,0.9525743166403519,0.7679509496432566,0.9875188110249784,1.0354459948513022,0.46941801902630104
2023-10-30,29075.0,897401.0,1314380.0,,,225140.0,197550.0,7287.0,3623778.0,2023,10,0,Monday,False,False,5762367.908902692,2259552.5110590686,313900.3651411879,290869.15343915345,29762.116932032186,926695.552631579,17782.445442875483,0.6288695996660275,0.5816992495491687,0.7172339538335205,0.6791713650767895,0.9769130356687544,0.9683881588204563,0.4097861581191876
2023-10-31,30712.0,877390.0,1334020.0,,,224816.0,203951.0,7789.0,4016482.0,2023,10,1,Tuesday,False,False,5748704.710424711,2255897.9228855725,313633.75331564987,291107.8095238095,29750.885585003234,927888.2437758339,17826.632996632994,0.6986759978672247,0.5913476786634138,0.7168106035249938,0.7006029839378767,1.0323054052374576,0.945577235066216,0.43693051859378873
2023-11-01,32374.0,931361.0,1369637.0,,,226067.0,208249.0,8010.0,4043524.0,2023,11,2,Wednesday,False,False,5628739.140504375,2188876.9153225804,327509.72222222225,286570.60690943047,31232.67399267399,943337.5216903134,17038.322050290135,0.7183711838594232,0.6257259101287351,0.6902604248389572,0.7266935093096142,1.0365426926811878,0.9873040969802057,0.4701167155050695
2023-11-02,32242.0,957528.0,1380510.0,,,231370.0,206350.0,7997.0,4082807.0,2023,11,3,Thursday,False,False,5653378.947368421,2185431.746031746,327975.0,286084.8101265823,31149.20634920635,940648.0769230769,16962.222222222223,0.7221888074388675,0.6316875384036572,0.705450110526717,0.7212896060741482,1.0350825519771707,1.017944992916095,0.4714594523778331
2023-11-03,31816.0,984731.0,1307247.0,,,218703.0,193580.0,6755.0,3808235.0,2023,11,4,Friday,False,False,5603684.375,2173806.153846154,326782.6666666667,284676.4705882353,31152.06611570248,942817.6470588235,16980.0,0.6795948424557727,0.6013631885653946,0.6692613235300118,0.6799999999999999,1.021312675757415,1.0444554183642274,0.39782096584216725
2023-11-04,19920.0,948635.0,832986.0,,,122433.0,123922.0,2582.0,2588115.0,2023,11,5,Saturday,True,False,3163074.418604651,1314585.7142857143,115327.73109243698,151124.39024390245,16958.181818181816,908835.5769230769,3471.4285714285716,0.8182276663416959,0.6336490583671118,1.0616093704459342,0.82,1.174654229655838,1.043791664947434,0.7437860082304526
2023-11-05,16889.0,794306.0,614666.0,,,109258.0,109891.0,3407.0,2310457.0,2023,11,6,Sunday,True,False,2525686.7934882017,996664.4871794871,94493.67346938775,104049.31084715374,18814.851616322205,823135.2092352093,3065.11946729338,0.9147836564521328,0.6167230877659496,1.1562467198970237,1.0561434679892072,0.8976419450126571,0.9649763381376979,1.1115390562601837
2023-11-06,30167.0,927692.0,1349481.0,,,225898.0,198934.0,7474.0,3686141.0,2023,11,0,Monday,False,False,5636705.812807882,2184359.351325758,327818.6764379303,286024.43277310923,31191.57647907648,943581.6917293234,16987.22943722944,0.6539530574088586,0.6177925803192394,0.6890943568395862,0.6955140093147417,0.9671521418686941,0.9831602373503009,0.4399775741899313
2023-11-07,30843.0,895625.0,1270763.0,,,238656.0,215344.0,6785.0,3655078.0,2023,11,1,Tuesday,False,False,5625737.7049180325,2190970.6896551726,327065.2777777778,286282.9268292683,31157.547169811318,942660.8247422681,16970.454545454544,0.6497064370428651,0.58,0.7296891972805292,0.7522069247546347,0.989904623489872,0.9501031298769331,0.3998125083701621
2023-11-08,33515.0,941982.0,1401268.0,,,238727.0,213738.0,8306.0,4066029.0,2023,11,2,Wednesday,False,False,5628739.140504375,2188876.9153225804,327509.72222222225,286570.60690943047,31232.67399267399,943337.5216903134,17038.322050290135,0.7223694149797916,0.640176699836725,0.728915765859368,0.745847602114864,1.0730749473407675,0.9985630575916408,0.48748931822535674
2023-11-09,32982.0,984726.0,1376822.0,,,235844.0,210130.0,7929.0,4020939.0,2023,11,3,Thursday,False,False,5653378.947368421,2185431.746031746,327975.0,286084.8101265823,31149.20634920635,940648.0769230769,16962.222222222223,0.7112452636616016,0.6300000000000001,0.7190913941611403,0.7345024711623976,1.0588391765185488,1.0468591008245134,0.4674505436918643
2023-11-10,25506.0,979328.0,1250528.0,,,224512.0,200669.0,5596.0,3611367.0,2023,11,4,Friday,False,False,5603684.375,2173806.153846154,326782.6666666667,284676.4705882353,31152.06611570248,942817.6470588235,16980.0,0.6444629565704261,0.5752711656406982,0.6870376641763944,0.704901952681062,0.8187578925027855,1.0387247237629385,0.32956419316843344
2023-11-11,18654.0,942845.0,817146.0,,,122170.0,118398.0,2712.0,2588540.0,2023,11,5,Saturday,True,False,3163074.418604651,1314585.7142857143,115327.73109243698,151124.39024390245,16958.181818181816,908835.5769230769,3471.4285714285716,0.8183620292885492,0.6215996348659545,1.0593289128533954,0.7834473297719533,1.1,1.0374208756132373,0.7812345679012346
2023-11-12,19187.0,894864.0,642431.0,,,99171.0,91623.0,1958.0,1947270.0,2023,11,6,Sunday,True,False,2525686.7934882017,996664.4871794871,94493.67346938775,104049.31084715374,18814.851616322205,823135.2092352093,3065.11946729338,0.77098633330962,0.6445810082167661,1.0494988326612946,0.8805728673647082,1.0197795013889426,1.0871409580832234,0.6388005495032109
2023-11-13,30479.0,911380.0,1320693.0,,,225204.0,194691.0,7353.0,3597029.0,2023,11,0,Monday,False,False,5636705.812807882,2184359.351325758,327818.6764379303,286024.43277310923,31191.57647907648,943581.6917293234,16987.22943722944,0.638143823618882,0.6046134301109518,0.6869773328568742,0.6806796122708857,0.977154842444258,0.9658729159207121,0.43285457626686713
2023-11-14,33027.0,926140.0,1382768.0,,,235487.0,214218.0,8271.0,3991767.0,2023,11,1,Tuesday,False,False,5625737.7049180325,2190970.6896551726,327065.2777777778,286282.9268292683,31157.547169811318,942660.8247422681,16970.454545454544,0.7095544103505551,0.6311211768048015,0.72,0.7482737527262814,1.06,0.9824742640102977,0.4873764564081961
2023-11-15,34166.0,946469.0,1389217.0,,,235718.0,214486.0,8322.0,4036442.0,2023,11,2,Wednesday,False,False,5628739.140504375,2188876.9153225804,327509.72222222225,286570.60690943047,31232.67399267399,943337.5216903134,17038.322050290135,0.7171129979987501,0.6346711367255055,0.7197282523419576,0.748457779090329,1.0939185036802823,1.0033195735754001,0.4884283778318587
2023-11-16,34102.0,982627.0,1391273.0,,,235070.0,207671.0,8010.0,4048862.0,2023,11,3,Thursday,False,False,5653378.947368421,2185431.746031746,327975.0,286084.8101265823,31149.20634920635,940648.0769230769,16962.222222222223,0.7161844337154678,0.6366124233924212,0.7167314581904108,0.7259071179211264,1.094795148797391,1.0446276605531783,0.4722258613913271
2023-11-17,31496.0,1004113.0,1303240.0,,,227909.0,201231.0,6792.0,3741391.0,2023,11,4,Friday,False,False,5603684.375,2173806.153846154,326782.6666666667,284676.4705882353,31152.06611570248,942817.6470588235,16980.0,0.6676662619849998,0.5995198779312287,0.6974329523801751,0.7068761235664841,1.0110404838966414,1.0650129461751072,0.4
2023-11-18,19452.0,949904.0,831053.0,,,124053.0,120273.0,2630.0,2477547.0,2023,11,5,Saturday,True,False,3163074.418604651,1314585.7142857143,115327.73109243698,151124.39024390245,16958.181818181816,908835.5769230769,3471.4285714285716,0.7832718020883421,0.632178633138088,1.0756562955406586,0.7958543277222768,1.147056931489225,1.0451879571175713,0.7576131687242799
2023-11-19,19835.0,870740.0,657965.0,,,100792.0,100924.0,2058.0,1943926.0,2023,11,6,Sunday,True,False,2525686.7934882017,996664.4871794871,94493.67346938775,104049.31084715374,18814.851616322205,823135.2092352093,3065.11946729338,0.7696623369975588,0.6601669954770933,1.0666534202700106,0.9699631759046943,1.054220378904971,1.0578335007793207,0.6714257052490337
2023-11-20,30889.0,929887.0,1300978.0,,,228502.0,203599.0,7426.0,3647283.0,2023,11,0,Monday,False,False,5636705.812807882,2184359.351325758,327818.6764379303,286024.43277310923,31191.57647907648,943581.6917293234,16987.22943722944,0.6470593146288637,0.595587900502907,0.697037772475007,0.7118238047919013,0.9902994169185565,0.9854864800267322,0.43715192212127774
2023-11-21,32139.0,982079.0,1254277.0,,,236079.0,213162.0,7467.0,3774952.0,2023,11,1,Tuesday,False,False,5625737.7049180325,2190970.6896551726,327065.2777777778,286282.9268292683,31157.547169811318,942660.8247422681,16970.454545454544,0.6710145758661888,0.5724754812659795,0.7218100362228063,0.7445850940567067,1.0314996820782996,1.0418158623155993,0.44000000000000006
2023-11-22,28409.0,989611.0,1160847.0,,,254968.0,220030.0,6524.0,3378351.0,2023,11,2,Wednesday,False,False,5628739.140504375,2188876.9153225804,327509.72222222225,286570.60690943047,31232.67399267399,943337.5216903134,17038.322050290135,0.6001967608854717,0.5303390939316124,0.7785051334353942,0.7678037966731864,0.9095923072953562,1.0490529394259351,0.3829015545511952
2023-11-23,21741.0,901251.0,471662.0,,,116969.0,107690.0,2257.0,1628385.0,2023,11,3,Thursday,False,False,5653378.947368421,2185431.746031746,327975.0,286084.8101265823,31149.20634920635,940648.0769230769,16962.222222222223,0.28803747549206715,0.21582097032150854,0.35663998780394846,0.37642683633692764,0.6979632083163473,0.9581170919394771,0.1330603956504651
2023-11-24,15381.0,822045.0,807221.0,,,215833.0,197178.0,3718.0,2457591.0,2023,11,4,Friday,False,False,5603684.375,2173806.153846154,326782.6666666667,284676.4705882353,31152.06611570248,942817.6470588235,16980.0,0.43856699191770593,0.37133991849814646,0.6604787279619073,0.6926389089782002,0.49373932190799596,0.8719024326330961,0.21896348645465252
2023-11-25,14245.0,869749.0,696466.0,,,124716.0,117682.0,2454.0,2123590.0,2023,11,5,Saturday,True,False,3163074.418604651,1314585.7142857143,115327.73109243698,151124.39024390245,16958.181818181816,908835.5769230769,3471.4285714285716,0.6713689654310423,0.5297988502624401,1.081405129699796,0.778709510821323,0.8400075050927416,0.9569926861188609,0.7069135802469135
2023-11-26,16900.0,867663.0,566395.0,,,101486.0,95729.0,1834.0,1686490.0,2023,11,6,Sunday,True,False,2525686.7934882017,996664.4871794871,94493.67346938775,104049.31084715374,18814.851616322205,823135.2092352093,3065.11946729338,0.6677352094282463,0.5682905403832245,1.0739978273029833,0.9200349259460632,0.8982265895383922,1.0540953542810572,0.5983453563783906
2023-11-27,29418.0,925515.0,1253990.0,,,228127.0,200017.0,7294.0,3523494.0,2023,11,0,Monday,False,False,5636705.812807882,2184359.351325758,327818.6764379303,286024.43277310923,31191.57647907648,943581.6917293234,16987.22943722944,0.6250980833510625,0.5740767878869899,0.6958938474123023,0.6993003991329119,0.9431392484997927,0.980853070923608,0.42938137893248046
2023-11-28,31716.0,918691.0,1279327.0,,,234794.0,216450.0,7835.0,3916476.0,2023,11,1,Tuesday,False,False,5625737.7049180325,2190970.6896551726,327065.2777777778,286282.9268292683,31157.547169811318,942660.8247422681,16970.454545454544,0.6961710988722791,0.5839087697706024,0.7178811569216135,0.756070235823337,1.0179235171223546,0.9745721641197707,0.4616847462166868
2023-11-29,32809.0,919642.0,1268990.0,,,234738.0,212929.0,7851.0,4032882.0,2023,11,2,Wednesday,False,False,5628739.140504375,2188876.9153225804,327509.72222222225,286570.60690943047,31232.67399267399,943337.5216903134,17038.322050290135,0.7164805295344749,0.5797447956606485,0.716735974759019,0.7430245631133251,1.0504704146592045,0.9748811839394932,0.4607848106654558
2023-11-30,32650.0,950509.0,1340370.0,,,236142.0,210592.0,7737.0,4072271.0,2023,11,3,Thursday,False,False,5653378.947368421,2185431.746031746,327975.0,286084.8101265823,31149.20634920635,940648.0769230769,16962.222222222223,0.7203251432305972,0.6133204582727471,0.72,0.7361173768954059,1.048180799021606,1.010483116182174,0.4561312721079523
2023-12-01,31284.0,951594.0,1226677.0,,,185151.0,164628.0,6432.0,3723171.0,2023,12,4,Friday,False,False,5357951.064754454,2006115.976535542,314922.4775224775,278818.6326156665,29122.47927031509,884935.9170024865,15644.787644787644,0.6948870855674055,0.6114686360847429,0.5879256427061003,0.5904483443433606,1.0742217278145056,1.0753253221129302,0.4111273445212241
2023-12-02,19675.0,906791.0,826725.0,,,126374.0,125483.0,2618.0,2748170.0,2023,12,5,Saturday,True,False,3318082.161588412,1269123.360215054,128093.1411862991,157152.23964165733,17254.941520467837,883727.2134387351,4967.299107142857,0.8282404913941049,0.6514142170229306,0.9865789754987836,0.7984805070938196,1.1402530676016194,1.0260983097618095,0.5270469813737165
2023-12-03,18450.0,780908.0,553618.0,,,87340.0,76999.0,1633.0,1827959.0,2023,12,6,Sunday,True,False,2545125.7228719946,980215.2346041056,106420.31155474894,107722.00459176351,17861.851958525345,795059.8224195337,3387.976190476191,0.7182195298145341,0.5647922828128642,0.8207079900820164,0.7147936050002488,1.0329276069939621,0.9822003049072876,0.4819986647457746
2023-12-04,30841.0,904209.0,1312507.0,,,223257.0,201080.0,7559.0,3709458.0,2023,12,0,Monday,False,False,5356369.230769231,2004322.222222222,315470.68965517246,278594.5945945946,29126.956521739132,885151.5151515151,15584.444444444443,0.6925321687480612,0.6548383216271503,0.7076949058057745,0.7217656189367481,1.0588473250537378,1.021530195138651,0.48503493512049056
2023-12-05,33235.0,918842.0,1346216.0,,,243329.0,224065.0,7964.0,3991835.0,2023,12,1,Tuesday,False,False,5351988.235294118,1998182.8571428573,315567.85714285716,279232.9411764706,29125.362318840584,884767.3469387755,15622.448979591836,0.7458601970900314,0.6737201228544791,0.7710829683450469,0.8024303975597014,1.1411016843729005,1.0385125572040153,0.5097792292619203
2023-12-06,33502.0,941055.0,1350594.0,,,230920.0,211076.0,7951.0,4116059.0,2023,12,2,Wednesday,False,False,5328986.111111112,1998535.4166666667,314553.5802469136,278541.7327425373,29102.604166666664,884639.0717754991,15592.26785053644,0.7723906413300423,0.6757918767597522,0.7341197636941085,0.7577894986210291,1.151168459294522,1.063772819926744,0.5099322354013084
2023-12-07,32511.0,965045.0,1314833.0,,,231114.0,204586.0,7424.0,4088438.0,2023,12,3,Thursday,False,False,5323077.142857144,2001965.7142857143,316324.59016393445,278548.3333333334,29079.120879120877,887495.2380952381,15590.90909090909,0.7680591301379384,0.6567709879432786,0.7306229334881166,0.7344721741888002,1.1180186682790416,1.0873804822561086,0.47617492711370263
2023-12-08,31875.0,976366.0,1261796.0,,,225208.0,198539.0,6435.0,3863961.0,2023,12,4,Friday,False,False,5357951.064754454,2006115.976535542,314922.4775224775,278818.6326156665,29122.47927031509,884935.9170024865,15644.787644787644,0.7211639213015244,0.6289746030431681,0.7151220254957058,0.712072210301932,1.0945153296920909,1.103318309541793,0.41131910167818364
2023-12-09,20580.0,947836.0,828894.0,,,156237.0,147745.0,3181.0,2922085.0,2023,12,5,Saturday,True,False,3318082.161588412,1269123.360215054,128093.1411862991,157152.23964165733,17254.941520467837,883727.2134387351,4967.299107142857,0.8806548053051096,0.653123270742998,1.2197140186668416,0.9401393218250789,1.1927018109906646,1.0725436374328754,0.6403882535331521
2023-12-10,17542.0,782143.0,539117.0,,,90884.0,82225.0,1648.0,1838048.0,2023,12,6,Sunday,True,False,2545125.7228719946,980215.2346041056,106420.31155474894,107722.00459176351,17861.851958525345,795059.8224195337,3387.976190476191,0.7221835776057037,0.5499985931332126,0.8540099034876801,0.7633073698508482,0.9820930125684598,0.983753647140381,0.48642608665097153
2023-12-11,29271.0,898311.0,1213923.0,,,219022.0,191110.0,6949.0,3642743.0,2023,12,0,Monday,False,False,5356369.230769231,2004322.222222222,315470.68965517246,278594.5945945946,29126.956521739132,885151.5151515151,15584.444444444443,0.6800769034133339,0.6056526173990654,0.6942705207872198,0.6859788513775708,1.0049453666109385,1.0148669291338583,0.44589334093825755
2023-12-12,33458.0,940173.0,1309303.0,,,236348.0,219393.0,7655.0,4051574.0,2023,12,1,Tuesday,False,False,5351988.235294118,1998182.8571428573,315567.85714285716,279232.9411764706,29125.362318840584,884767.3469387755,15622.448979591836,0.7570222171419527,0.6552468385561738,0.7489609434239862,0.7856988472622478,1.1487582414848354,1.0626217199955712,0.49
2023-12-13,34323.0,964293.0,1314167.0,,,238451.0,215546.0,7859.0,4067457.0,2023,12,2,Wednesday,False,False,5328986.111111112,1998535.4166666667,314553.5802469136,278541.7327425373,29102.604166666664,884639.0717754991,15592.26785053644,0.7632703323281737,0.6575650293913147,0.7580616307492806,0.7738373631761467,1.1793789931456593,1.0900411600231865,0.5040318749866536
2023-12-14,33406.0,993921.0,1296909.0,,,236516.0,213415.0,7414.0,4122091.0,2023,12,3,Thursday,False,False,5323077.142857144,2001965.7142857143,316324.59016393445,278548.3333333334,29079.120879120877,887495.2380952381,15590.90909090909,0.774381225252633,0.6478177876601283,0.7477003285689113,0.7661686481699764,1.1487967651727005,1.119916994859798,0.475533527696793
2023-12-15,32517.0,1016256.0,1246465.0,,,235800.0,208572.0,6540.0,3845234.0,2023,12,4,Friday,False,False,5357951.064754454,2006115.976535542,314922.4775224775,278818.6326156665,29122.47927031509,884935.9170024865,15644.787644787644,0.7176687419365635,0.6213324725884394,0.7487556996726912,0.7480561755982178,1.1165601560971834,1.148395019881586,0.418030602171767
2023-12-16,20483.0,976161.0,814457.0,,,149340.0,149013.0,3085.0,2866544.0,2023,12,5,Saturday,True,False,3318082.161588412,1269123.360215054,128093.1411862991,157152.23964165733,17254.941520467837,883727.2134387351,4967.299107142857,0.8639159190162264,0.6417477020216455,1.1658703863214612,0.9482079309832514,1.1870802329699603,1.1045953832309736,0.6210618554384704
2023-12-17,18445.0,812194.0,569005.0,,,96415.0,88502.0,1787.0,1954707.0,2023,12,6,Sunday,True,False,2545125.7228719946,980215.2346041056,106420.31155474894,107722.00459176351,17861.851958525345,795059.8224195337,3387.976190476191,0.7680198201738542,0.5804898556078989,0.9059830646182462,0.8215777299670388,1.032647680813205,1.02155080296766,0.52745352963913
2023-12-18,28309.0,813192.0,1082334.0,,,201289.0,174850.0,5381.0,3314782.0,2023,12,0,Monday,False,False,5356369.230769231,2004322.222222222,315470.68965517246,278594.5945945946,29126.956521739132,885151.5151515151,15584.444444444443,0.6188486747624682,0.54,0.6380592765052766,0.6276144741948001,0.9719175423931216,0.9187037315987676,0.3452801939255668
2023-12-19,32542.0,951055.0,1275002.0,,,244031.0,213625.0,7555.0,3912934.0,2023,12,1,Tuesday,False,False,5351988.235294118,1998182.8571428573,315567.85714285716,279232.9411764706,29125.362318840584,884767.3469387755,15622.448979591836,0.73111782537111,0.6380807419312403,0.7733075295102932,0.765042258624467,1.1173079889533002,1.0749209984868615,0.4835989549314174
2023-12-20,33205.0,968890.0,1245547.0,,,236060.0,206420.0,7363.0,3838407.0,2023,12,2,Wednesday,False,False,5328986.111111112,1998535.4166666667,314553.5802469136,278541.7327425373,29102.604166666664,884639.0717754991,15592.26785053644,0.7202884225944584,0.6232298860519735,0.7504603820268112,0.7410738705743563,1.140963187000018,1.0952376295740662,0.47222123622938417
2023-12-21,31713.0,981368.0,1200899.0,,,229252.0,199411.0,6860.0,3675448.0,2023,12,3,Thursday,False,False,5323077.142857144,2001965.7142857143,316324.59016393445,278548.3333333334,29079.120879120877,887495.2380952381,15590.90909090909,0.6904743067516801,0.5998599233895828,0.7247365747986608,0.7158937108461128,1.0905762980878242,1.1057726936160623,0.44
2023-12-22,29324.0,984185.0,1110555.0,,,231036.0,206169.0,5878.0,3372318.0,2023,12,4,Friday,False,False,5357951.064754454,2006115.976535542,314922.4775224775,278818.6326156665,29122.47927031509,884935.9170024865,15644.787644787644,0.6294044046396209,0.5535846446514378,0.7336281672161996,0.7394376698066326,1.0069197655808901,1.1121539775825764,0.3757161895360316
2023-12-23,17627.0,880249.0,708808.0,,,139904.0,130053.0,2700.0,2244175.0,2023,12,5,Saturday,True,False,3318082.161588412,1269123.360215054,128093.1411862991,157152.23964165733,17254.941520467837,883727.2134387351,4967.299107142857,0.6763470253930308,0.5585020512741109,1.0922052399083817,0.8275605889966969,1.0215624306283986,0.9960641548819111,0.5435549464129238
2023-12-24,20241.0,795756.0,549448.0,,,92540.0,77874.0,1912.0,1657096.0,2023,12,6,Sunday,True,False,2545125.7228719946,980215.2346041056,106420.31155474894,107722.00459176351,17861.851958525345,795059.8224195337,3387.976190476191,0.65108610749888,0.5605381151027651,0.8695708427088368,0.7229163650929152,1.133197164941181,1.0008756291801384,0.5643487121824379
2023-12-25,14750.0,750568.0,381879.0,,,80587.0,65350.0,1668.0,1273729.0,2023,12,0,Monday,False,False,5356369.230769231,2004322.222222222,315470.68965517246,278594.5945945946,29126.956521739132,885151.5151515151,15584.444444444443,0.23779708700497465,0.1905277483660312,0.25545003907680364,0.23457023670935195,0.5064037497014569,0.8479542622389593,0.10702980179666334
2023-12-26,20706.0,870326.0,906670.0,,,219149.0,192910.0,5158.0,2668642.0,2023,12,1,Tuesday,False,False,5351988.235294118,1998182.8571428573,315567.85714285716,279232.9411764706,29125.362318840584,884767.3469387755,15622.448979591836,0.4986262829206958,0.453747261797862,0.6944591948754513,0.6908568852486644,0.7109267782947278,0.9836778029967523,0.33016590463749185
2023-12-27,25945.0,884586.0,955890.0,,,220010.0,186541.0,5373.0,2912007.0,2023,12,2,Wednesday,False,False,5328986.111111112,1998535.4166666667,314553.5802469136,278541.7327425373,29102.604166666664,884639.0717754991,15592.26785053644,0.5464467235011871,0.4782952516269727,0.6994356885949281,0.6697057498828165,0.8915009753565869,0.9999400074254096,0.34459387508630734
2023-12-28,26462.0,891277.0,969231.0,,,218546.0,193235.0,5395.0,3064841.0,2023,12,3,Thursday,False,False,5323077.142857144,2001965.7142857143,316324.59016393445,278548.3333333334,29079.120879120877,887495.2380952381,15590.90909090909,0.575764903973373,0.4841396598771493,0.6908915929891478,0.6937216162365597,0.91,1.0042611630377627,0.3460349854227405
2023-12-29,26892.0,912592.0,1007697.0,,,237781.0,210361.0,5784.0,3198885.0,2023,12,4,Friday,False,False,5357951.064754454,2006115.976535542,314922.4775224775,278818.6326156665,29122.47927031509,884935.9170024865,15644.787644787644,0.5970351280441565,0.5023124344686394,0.7550461366576429,0.7544725330102636,0.9234103920338731,1.0312520742645321,0.36970779861796643
2023-12-30,16983.0,836447.0,720564.0,,,121688.0,121647.0,2780.0,2440211.0,2023,12,5,Saturday,True,False,3318082.161588412,1269123.360215054,128093.1411862991,157152.23964165733,17254.941520467837,883727.2134387351,4967.299107142857,0.7354281422711477,0.5677651381957857,0.9499962205081424,0.7740710554134175,0.9842397889239288,0.9464990862341337,0.559660278158492
2023-12-31,20005.0,674200.0,548344.0,,,99817.0,89554.0,2029.0,1934651.0,2023,12,6,Sunday,True,False,2545125.7228719946,980215.2346041056,106420.31155474894,107722.00459176351,17861.851958525345,795059.8224195337,3387.976190476191,0.7601396593551705,0.5594118318528971,0.9379506462791005,0.8313436083870217,1.1199846492094423,0.8479865049000564,0.598882603042974
2024-01-01,9165.0,733254.0,455965.0,,,82811.0,73957.0,2018.0,1648734.0,2024,1,0,Monday,False,False,5139695.081967213,2039527.8688524591,300793.3333333334,267998.275862069,28215.384615384613,866718.1818181818,16281.39534883721,0.3207843994062287,0.22356399584603315,0.27530862829406677,0.2759607305759815,0.3248227917121047,0.8460120202645298,0.12394515069275817
2024-01-02,25961.0,833562.0,1091104.0,,,209680.0,184978.0,7107.0,3290639.0,2024,1,1,Tuesday,False,False,5148953.489116518,2043323.325129888,302659.45701357466,269917.4025974026,28263.335679099226,868912.0103473762,16476.075650118204,0.6390888958223283,0.5339849971764218,0.6927918330025802,0.685313352232814,0.918539845924775,0.9593169274605332,0.4313527171713983
2024-01-03,31304.0,860670.0,1212761.0,,,217373.0,194441.0,7565.0,3555082.0,2024,1,2,Wednesday,False,False,5155313.043478262,2043222.5806451612,301629.1666666667,268885.5263157895,28261.05263157895,868683.3333333334,16400.0,0.689595756846883,0.5935530526571718,0.7206630658507273,0.7231367290913272,1.1076728247914183,0.9907753112948715,0.46128048780487807
2024-01-04,31233.0,871863.0,1242971.0,,,212217.0,190588.0,7450.0,3560703.0,2024,1,3,Thursday,False,False,5138548.1409544945,2045409.1208791207,303636.27413127414,268106.5839481333,28271.446776611694,869319.7641509434,16370.038759689924,0.6929395039857684,0.6076882063896188,0.6989184694983119,0.7108665411844952,1.1047542153321397,1.0029255470241616,0.4550997165837569
2024-01-05,30480.0,891156.0,1185046.0,,,199441.0,173362.0,5963.0,3263064.0,2024,1,4,Friday,False,False,5129050.134310134,2047720.1129943505,301619.1314553991,268270.5018939394,28288.191287878788,869741.1204481793,16363.233923578751,0.6361926505986255,0.5787148314264126,0.6612345809685207,0.646220880700997,1.0774814016851046,1.0246221307103263,0.36441451780552747
2024-01-06,15850.0,724404.0,684686.0,,,92741.0,82890.0,2070.0,1942458.0,2024,1,5,Saturday,True,False,2705277.2151898732,1193827.0833333335,97377.01149425287,129873.41772151898,14520.833333333334,765329.9999999999,4097.8723404255325,0.7180254907309623,0.5735219191779937,0.9523911093274157,0.6382368421052632,1.0915351506456241,0.9465250284191135,0.5051401869158878
2024-01-07,13723.0,568828.0,502518.0,,,72971.0,57280.0,1533.0,1472438.0,2024,1,6,Sunday,True,False,2095472.1381578948,913782.6223776224,82814.40991237678,90573.26786688488,13501.375636868921,682857.6058201058,2739.4444444444443,0.702676009471738,0.5499316661247837,0.8811389234942111,0.6324161791775489,1.016414946824076,0.8330111507169093,0.5596025147029
2024-01-08,28890.0,848891.0,1226783.0,,,208960.0,184150.0,7001.0,3303727.0,2024,1,0,Monday,False,False,5139695.081967213,2039527.8688524591,300793.3333333334,267998.275862069,28215.384615384613,866718.1818181818,16281.39534883721,0.6427865753342515,0.6015034257365895,0.6946962477005252,0.687131286228038,1.023909487459106,0.9794313974344183,0.43
2024-01-09,30430.0,784130.0,1135694.0,,,213699.0,188888.0,6944.0,3353192.0,2024,1,1,Tuesday,False,False,5148953.489116518,2043323.325129888,302659.45701357466,269917.4025974026,28263.335679099226,868912.0103473762,16476.075650118204,0.6512375780996532,0.5558072900321868,0.7060707836742578,0.6997992651912756,1.0766598941293057,0.9024273927189914,0.4214595846402406
2024-01-10,31338.0,848541.0,1248493.0,,,217461.0,191221.0,7216.0,3557166.0,2024,1,2,Wednesday,False,False,5155313.043478262,2043222.5806451612,301629.1666666667,268885.5263157895,28261.05263157895,868683.3333333334,16400.0,0.69,0.6110411131056411,0.7209548148250473,0.7111613727226905,1.1088758939213348,0.9768128009823296,0.44
2024-01-11,32790.0,925357.0,1293940.0,,,229117.0,199799.0,7337.0,3688916.0,2024,1,3,Thursday,False,False,5138548.1409544945,2045409.1208791207,303636.27413127414,268106.5839481333,28271.446776611694,869319.7641509434,16370.038759689924,0.7178907152001066,0.6326069375518685,0.7545771685399602,0.7452222808472776,1.15982744919607,1.0644610167166597,0.44819686182215096
2024-01-12,31096.0,934166.0,1228696.0,,,207670.0,182896.0,6286.0,3365791.0,2024,1,4,Friday,False,False,5129050.134310134,2047720.1129943505,301619.1314553991,268270.5018939394,28288.191287878788,869741.1204481793,16363.233923578751,0.656221115384497,0.6000312211629822,0.6885173330946631,0.6817596370409291,1.0992572725328087,1.0740736272405085,0.3841538921558856
2024-01-13,17168.0,822986.0,755670.0,,,101558.0,97439.0,2210.0,2167383.0,2024,1,5,Saturday,True,False,2705277.2151898732,1193827.0833333335,97377.01149425287,129873.41772151898,14520.833333333334,765329.9999999999,4097.8723404255325,0.8011685411869628,0.6329811164026057,1.04293609386435,0.750261306042885,1.1823012912482065,1.0753348228868593,0.5393042575285565
2024-01-14,18588.0,752646.0,588809.0,,,85521.0,78197.0,1745.0,1743556.0,2024,1,6,Sunday,True,False,2095472.1381578948,913782.6223776224,82814.40991237678,90573.26786688488,13501.375636868921,682857.6058201058,2739.4444444444443,0.832058784390586,0.6443644096316307,1.03268259823969,0.8633562842728141,1.3767485995457207,1.102200507961069,0.6369904684648144
2024-01-15,16502.0,820151.0,783032.0,,,91887.0,80498.0,3017.0,2169917.0,2024,1,0,Monday,False,False,5139695.081967213,2039527.8688524591,300793.3333333334,267998.275862069,28215.384615384613,866718.1818181818,16281.39534883721,0.42218788573921906,0.3839280707846239,0.3054821693743212,0.30036760401186313,0.5848582333696838,0.9462718299961191,0.18530352806741893
2024-01-16,29826.0,716475.0,1078860.0,,,205716.0,178389.0,5414.0,3235935.0,2024,1,1,Tuesday,False,False,5148953.489116518,2043323.325129888,302659.45701357466,269917.4025974026,28263.335679099226,868912.0103473762,16476.075650118204,0.6284646009795745,0.5279927981693353,0.6796946047212837,0.6609021807537082,1.0552894512750797,0.8245656539073105,0.32859766578949634
2024-01-17,32054.0,867429.0,1193111.0,,,217173.0,199986.0,6891.0,3616923.0,2024,1,2,Wednesday,False,False,5155313.043478262,2043222.5806451612,301629.1666666667,268885.5263157895,28261.05263157895,868683.3333333334,16400.0,0.7015913426587344,0.5839358919101546,0.72,0.7437588878068832,1.1342111144219307,0.9985560522630034,0.4201829268292683
2024-01-18,32318.0,900897.0,1235693.0,,,217911.0,197257.0,7014.0,3655850.0,2024,1,3,Thursday,False,False,5138548.1409544945,2045409.1208791207,303636.27413127414,268106.5839481333,28271.446776611694,869319.7641509434,16370.038759689924,0.7114558236523438,0.6041299940370349,0.7176711696369595,0.7357409769472892,1.1431321592899846,1.0363240744674636,0.4284656929018082
2024-01-19,27175.0,797009.0,1109408.0,,,191999.0,171490.0,5330.0,3176408.0,2024,1,4,Friday,False,False,5129050.134310134,2047720.1129943505,301619.1314553991,268270.5018939394,28288.191287878788,869741.1204481793,16363.233923578751,0.619297514514787,0.5417771662054582,0.6365610797748458,0.6392428492484742,0.9606481985168214,0.9163749778661721,0.3257302330879526
2024-01-20,15487.0,761763.0,677335.0,,,96128.0,82817.0,1926.0,2024041.0,2024,1,5,Saturday,True,False,2705277.2151898732,1193827.0833333335,97377.01149425287,129873.41772151898,14520.833333333334,765329.9999999999,4097.8723404255325,0.748182474104762,0.5673644110240699,0.9871734460209164,0.6376747563352827,1.0665365853658537,0.9953392654149192,0.4699999999999999
2024-01-21,17147.0,721445.0,548497.0,,,78041.0,66955.0,1482.0,1576126.0,2024,1,6,Sunday,True,False,2095472.1381578948,913782.6223776224,82814.40991237678,90573.26786688488,13501.375636868921,682857.6058201058,2739.4444444444443,0.7521579367719745,0.6002488847652134,0.9423601530527432,0.7392357764810193,1.2700187344744176,1.0565086979349834,0.5409856012979112
2024-01-22,30092.0,845081.0,1210644.0,,,209302.0,185181.0,6558.0,3305387.0,2024,1,0,Monday,False,False,5139695.081967213,2039527.8688524591,300793.3333333334,267998.275862069,28215.384615384613,866718.1818181818,16281.39534883721,0.6431095516924842,0.5935903198425865,0.6958332409849508,0.6909783259027656,1.0665103598691386,0.975035504882577,0.4027910298528781
2024-01-23,33111.0,868625.0,1264199.0,,,233311.0,205300.0,7194.0,3652488.0,2024,1,1,Tuesday,False,False,5148953.489116518,2043323.325129888,302659.45701357466,269917.4025974026,28263.335679099226,868912.0103473762,16476.075650118204,0.7093651181197038,0.61869748387453,0.7708696840407525,0.7606030512460763,1.1715177704408624,0.9996696899755575,0.436633100792323
2024-01-24,33082.0,870903.0,1247798.0,,,223928.0,201969.0,7027.0,3666907.0,2024,1,2,Wednesday,False,False,5155313.043478262,2043222.5806451612,301629.1666666667,268885.5263157895,28261.05263157895,868683.3333333334,16400.0,0.7112869711450069,0.6107009641631894,0.7423950491083146,0.7511337734214814,1.17058626340882,1.0025552080735212,0.42847560975609755
2024-01-25,32517.0,894518.0,1256481.0,,,223766.0,199560.0,6845.0,3681867.0,2024,1,3,Thursday,False,False,5138548.1409544945,2045409.1208791207,303636.27413127414,268106.5839481333,28271.446776611694,869319.7641509434,16370.038759689924,0.7165189269426766,0.6142932419602989,0.7369541094528679,0.7443308443279633,1.1501710632969995,1.0289861531834232,0.4181419543645391
2024-01-26,31329.0,917534.0,1193175.0,,,213749.0,184511.0,5681.0,3380816.0,2024,1,4,Friday,False,False,5129050.134310134,2047720.1129943505,301619.1314553991,268270.5018939394,28288.191287878788,869741.1204481793,16363.233923578751,0.6591505076903924,0.5826846122321073,0.7086718901702275,0.6877796802010917,1.1074939249800735,1.0549506955899624,0.347180760632769
2024-01-27,19099.0,856146.0,801262.0,,,117555.0,102600.0,2409.0,2283244.0,2024,1,5,Saturday,True,False,2705277.2151898732,1193827.0833333335,97377.01149425287,129873.41772151898,14520.833333333334,765329.9999999999,4097.8723404255325,0.8439963147509627,0.6711709017044274,1.2072151136712388,0.79,1.3152826398852224,1.118662537728823,0.5878660436137071
2024-01-28,17473.0,715214.0,535857.0,,,75177.0,66794.0,1455.0,1549077.0,2024,1,6,Sunday,True,False,2095472.1381578948,913782.6223776224,82814.40991237678,90573.26786688488,13501.375636868921,682857.6058201058,2739.4444444444443,0.7392496286597137,0.5864162732770334,0.9077767997084363,0.7374582100556075,1.2941644222004722,1.047383808723979,0.5311295883187994
2024-01-29,29367.0,842719.0,1211703.0,,,214890.0,187702.0,6755.0,3297571.0,2024,1,0,Monday,False,False,5139695.081967213,2039527.8688524591,300793.3333333334,267998.275862069,28215.384615384613,866718.1818181818,16281.39534883721,0.6415888389117935,0.5941095576604035,0.7144107803807708,0.7003851028377691,1.0408151581243186,0.9723102822559498,0.41489072989572917
2024-01-30,32782.0,872485.0,1284597.0,,,230931.0,207896.0,7744.0,3717520.0,2024,1,1,Tuesday,False,False,5148953.489116518,2043323.325129888,302659.45701357466,269917.4025974026,28263.335679099226,868912.0103473762,16476.075650118204,0.7219952574552911,0.6286802407633368,0.7630060606024363,0.770220808289597,1.1598772477603319,1.0041120270062736,0.4700148363269042
2024-01-31,33417.0,886952.0,1325692.0,,,228148.0,204353.0,7651.0,3808584.0,2024,1,2,Wednesday,False,False,5155313.043478262,2043222.5806451612,301629.1666666667,268885.5263157895,28261.05263157895,868683.3333333334,16400.0,0.7387687164444953,0.6488240745564802,0.7563857385586605,0.7599999999999999,1.1824400327771154,1.021030294890735,0.46652439024390246
2024-02-01,33540.0,916087.0,1337508.0,,,214275.0,189621.0,7465.0,3814682.0,2024,2,3,Thursday,False,False,5441076.470588235,2148666.176470588,301795.77464788733,269256.09756097564,29396.907216494845,884428.3018867924,16262.222222222223,0.7010895767814112,0.6224829220316572,0.71,0.7042403188550205,1.1409363492898474,1.0357956637589147,0.4590393550150314
2024-02-02,32175.0,921659.0,1239617.0,,,200395.0,174044.0,6207.0,3457807.0,2024,2,4,Friday,False,False,5433685.448717949,2149628.3898305083,302966.95804195805,268663.5774218154,29408.226704802048,883766.338724169,16224.285714285714,0.6363649557255568,0.5766657185327461,0.6614417667693228,0.6478139004556696,1.0940816093051327,1.0428763346322218,0.38257462358017086
2024-02-03,20070.0,849004.0,808103.0,,,113576.0,102310.0,2357.0,2324038.0,2024,2,5,Saturday,True,False,2871608.225494571,1270277.9407535233,93604.26685525695,130924.46808510639,16257.678571428572,831914.673076923,4261.589782691575,0.8093158319323785,0.6361623500449334,1.213363490957372,0.7814429303886438,1.2344935909405446,1.0205421631281852,0.5530799819290311
2024-02-04,20480.0,793254.0,626299.0,,,86327.0,77083.0,1746.0,1742107.0,2024,2,6,Sunday,True,False,2197103.4597850866,976913.8356854839,78060.25518341307,90978.317373461,16876.08639084049,754182.1455505278,2814.4474948524366,0.792910771789694,0.6410995290700705,1.105902098285012,0.847267813094174,1.2135515027415087,1.0518069204899447,0.6203704290783169
2024-02-05,31372.0,859195.0,1297578.0,,,218879.0,190181.0,7053.0,3481777.0,2024,2,0,Monday,False,False,5407455.1305403765,2157567.140151515,302429.1666666667,267888.8531187123,29316.151112281164,880479.0803307134,16097.817460317461,0.6438845845128741,0.6014079357497434,0.7237364121075183,0.7099250222095772,1.070126834857854,0.9758267052492389,0.43813392824128283
2024-02-06,33618.0,884477.0,1346868.0,,,233524.0,208252.0,7709.0,3857533.0,2024,2,1,Tuesday,False,False,5425127.660455487,2153160.2099817405,303072.07792207797,269324.7230710466,29473.21785476349,884115.4686489981,16111.559139784946,0.7110492584567358,0.6255307866809511,0.7705229779037603,0.7732375907616328,1.140628762209167,1.0004089187032938,0.47847634937849337
2024-02-07,34799.0,900800.0,1341486.0,,,229426.0,202871.0,7655.0,3900992.0,2024,2,2,Wednesday,False,False,5424265.453016102,2150871.0057471264,303626.1538461538,269255.74603174604,29436.812570145903,884487.095959596,16221.581196581195,0.7191742428149229,0.6236943063603303,0.7556200185450732,0.7534509587627554,1.1821592408171357,1.0184433488232023,0.4719022089913985
2024-02-08,34386.0,941702.0,1350925.0,,,232069.0,198010.0,7442.0,3903673.0,2024,2,3,Thursday,False,False,5441076.470588235,2148666.176470588,301795.77464788733,269256.09756097564,29396.907216494845,884428.3018867924,16262.222222222223,0.717444980069904,0.6287272610299277,0.7689604013534009,0.7353965306399746,1.1697148869016307,1.0647578757837384,0.4576250341623394
2024-02-09,32233.0,957789.0,1268268.0,,,218909.0,185475.0,6121.0,3547321.0,2024,2,4,Friday,False,False,5433685.448717949,2149628.3898305083,302966.95804195805,268663.5774218154,29408.226704802048,883766.338724169,16224.285714285714,0.652838857434593,0.5899940687422718,0.7225507408952602,0.6903615360886632,1.0960538465495677,1.0837581813567287,0.3772739279739368
2024-02-10,20462.0,880000.0,795892.0,,,118074.0,99942.0,2596.0,2385448.0,2024,2,5,Saturday,True,False,2871608.225494571,1270277.9407535233,93604.26685525695,130924.46808510639,16257.678571428572,831914.673076923,4261.589782691575,0.8307010611063281,0.6265494931982212,1.2614168559493268,0.7633561660531897,1.2586052744307634,1.0578007919312546,0.6091623390274776
2024-02-11,20610.0,762790.0,628400.0,,,83832.0,73614.0,1769.0,1774698.0,2024,2,6,Sunday,True,False,2197103.4597850866,976913.8356854839,78060.25518341307,90978.317373461,16876.08639084049,754182.1455505278,2814.4474948524366,0.8077443927804816,0.6432501793354809,1.0739396098952718,0.8091378487229938,1.2212547105225826,1.011413495400622,0.6285425481326131
2024-02-12,30323.0,892930.0,1254403.0,,,212628.0,185118.0,6132.0,3374596.0,2024,2,0,Monday,False,False,5407455.1305403765,2157567.140151515,302429.1666666667,267888.8531187123,29316.151112281164,880479.0803307134,16097.817460317461,0.6240636156074346,0.5813969709938711,0.703067109378229,0.6910253929750738,1.034344511455907,1.0141410738170065,0.3809212034560536
2024-02-13,23271.0,482279.0,724893.0,,,166803.0,134355.0,3641.0,2273584.0,2024,2,1,Tuesday,False,False,5425127.660455487,2153160.2099817405,303072.07792207797,269324.7230710466,29473.21785476349,884115.4686489981,16111.559139784946,0.41908396305076306,0.3366646832128425,0.5503740270091336,0.49885876969622944,0.7895642788199633,0.5454932269615895,0.22598681905397514
2024-02-14,32796.0,913181.0,1282121.0,,,230505.0,201686.0,7645.0,3963628.0,2024,2,2,Wednesday,False,False,5424265.453016102,2150871.0057471264,303626.1538461538,269255.74603174604,29436.812570145903,884487.095959596,16221.581196581195,0.7307216127846525,0.5960938599172955,0.7591737308532255,0.7490499384782697,1.1141151889950511,1.0324412918758001,0.4712857462755378
2024-02-15,33402.0,952529.0,1305830.0,,,228885.0,202704.0,7500.0,3874860.0,2024,2,3,Thursday,False,False,5441076.470588235,2148666.176470588,301795.77464788733,269256.09756097564,29396.907216494845,884428.3018867924,16262.222222222223,0.7121495205857837,0.6077398221742217,0.7584102205110256,0.7528297477240816,1.136241977906365,1.076999682131299,0.4611915823995627
2024-02-16,32442.0,966657.0,1225865.0,,,210552.0,186547.0,6269.0,3504536.0,2024,2,4,Friday,False,False,5433685.448717949,2149628.3898305083,302966.95804195805,268663.5774218154,29408.226704802048,883766.338724169,16224.285714285714,0.6449648278456895,0.5702683337265823,0.6949668748063297,0.6943516564104697,1.1031607014476181,1.0937925078652515,0.38639605529629306
2024-02-17,17545.0,772481.0,680638.0,,,95271.0,92423.0,2038.0,2178047.0,2024,2,5,Saturday,True,False,2871608.225494571,1270277.9407535233,93604.26685525695,130924.46808510639,16257.678571428572,831914.673076923,4261.589782691575,0.7584763759425712,0.5358181687357717,1.0178061663291522,0.7059261064931055,1.0791823643772722,0.9285579699452813,0.4782252877265021
2024-02-18,18975.0,797397.0,604537.0,,,89877.0,81659.0,1720.0,1850840.0,2024,2,6,Sunday,True,False,2197103.4597850866,976913.8356854839,78060.25518341307,90978.317373461,16876.08639084049,754182.1455505278,2814.4474948524366,0.8424000206986352,0.6188232553547639,1.1513797871762255,0.8975655118438197,1.1243720588144592,1.0573002884043705,0.611132381451721
2024-02-19,17585.0,817600.0,842548.0,,,96569.0,85973.0,3007.0,2244741.0,2024,2,0,Monday,False,False,5407455.1305403765,2157567.140151515,302429.1666666667,267888.8531187123,29316.151112281164,880479.0803307134,16097.817460317461,0.41511967197325206,0.3905083574552549,0.31931113346100326,0.3209278736278807,0.5998399971622901,0.9285853784202396,0.18679550860932048
2024-02-20,32208.0,899285.0,1201850.0,,,233827.0,207099.0,7023.0,3490990.0,2024,2,1,Tuesday,False,False,5425127.660455487,2153160.2099817405,303072.07792207797,269324.7230710466,29473.21785476349,884115.4686489981,16111.559139784946,0.6434853184094291,0.5581795513535855,0.7715227400794032,0.7689565133066832,1.0927887195321806,1.0171578621672372,0.4358982230749979
2024-02-21,33590.0,896387.0,1222440.0,,,230058.0,201074.0,7112.0,3591484.0,2024,2,2,Wednesday,False,False,5424265.453016102,2150871.0057471264,303626.1538461538,269255.74603174604,29436.812570145903,884487.095959596,16221.581196581195,0.6621143509860852,0.568346496249027,0.7577015256616184,0.7467770064832443,1.141088218024874,1.0134540165648134,0.4384282835201602
2024-02-22,32702.0,928655.0,1212903.0,,,225465.0,195315.0,6674.0,3588173.0,2024,2,3,Thursday,False,False,5441076.470588235,2148666.176470588,301795.77464788733,269256.09756097564,29396.907216494845,884428.3018867924,16262.222222222223,0.6594601306186167,0.5644911309547032,0.7470780539026951,0.7253874722587073,1.1124299491495704,1.050005973371563,0.4103990161246242
2024-02-23,30262.0,920820.0,1126271.0,,,208527.0,182348.0,5479.0,3219121.0,2024,2,4,Friday,False,False,5433685.448717949,2149628.3898305083,302966.95804195805,268663.5774218154,29408.226704802048,883766.338724169,16224.285714285714,0.5924378638368799,0.5239375351238281,0.6882829776147437,0.6787224444410058,1.0290317843291972,1.0419269886759013,0.33770361891344547
2024-02-24,19456.0,869440.0,788962.0,,,114816.0,98942.0,2407.0,2308808.0,2024,2,5,Saturday,True,False,2871608.225494571,1270277.9407535233,93604.26685525695,130924.46808510639,16257.678571428572,831914.673076923,4261.589782691575,0.8040121836614251,0.6210939942261701,1.2266107503148695,0.7557181743574742,1.1967268213920894,1.0451071824280795,0.5648126926190826
2024-02-25,19822.0,825580.0,608010.0,,,88104.0,78248.0,1800.0,1740477.0,2024,2,6,Sunday,True,False,2197103.4597850866,976913.8356854839,78060.25518341307,90978.317373461,16876.08639084049,754182.1455505278,2814.4474948524366,0.7921688859250386,0.6223783283541784,1.128666563963797,0.8600730620109872,1.17456142028038,1.0946692451826132,0.639557143379708
2024-02-26,30867.0,877847.0,1275320.0,,,217914.0,187542.0,6969.0,3439079.0,2024,2,0,Monday,False,False,5407455.1305403765,2157567.140151515,302429.1666666667,267888.8531187123,29316.151112281164,880479.0803307134,16097.817460317461,0.6359884487208546,0.5910916866811573,0.7205455822988853,0.7000739217652053,1.052900835508013,0.9970106270671135,0.43291582956380265
2024-02-27,33571.0,897691.0,1332209.0,,,233207.0,208042.0,7659.0,3802458.0,2024,2,1,Tuesday,False,False,5425127.660455487,2153160.2099817405,303072.07792207797,269324.7230710466,29473.21785476349,884115.4686489981,16111.559139784946,0.7008974236157883,0.6187226541824761,0.7694770220962395,0.772457862864374,1.1390340941199342,1.0153549302465508,0.47537298740302
2024-02-28,33664.0,893814.0,1290829.0,,,228110.0,199671.0,7428.0,3784177.0,2024,2,2,Wednesday,False,False,5424265.453016102,2150871.0057471264,303626.1538461538,269255.74603174604,29436.812570145903,884487.095959596,16221.581196581195,0.6976386079880826,0.6001424523139256,0.7512857410682166,0.7415663470240602,1.143602077153598,1.01054498599585,0.4579085053413597
2024-02-29,33637.0,962146.0,1334777.0,,,232010.0,204828.0,7295.0,3905888.0,2024,2,3,Thursday,False,False,5441076.470588235,2148666.176470588,301795.77464788733,269256.09756097564,29396.907216494845,884428.3018867924,16262.222222222223,0.7178520686326127,0.6212119009536012,0.7687649049119123,0.7607181484668689,1.1442360161318605,1.0878733730562542,0.448585679147308
2024-03-01,33416.0,973371.0,1276428.0,,,181633.0,157348.0,6220.0,3573658.0,2024,3,4,Friday,False,False,5583752.888257576,2236808.276643991,313452.250335871,275884.12022703816,29696.351909184727,922131.7757009345,16030.060975609756,0.6400100562321211,0.5706470301134152,0.579459869263584,0.5703409093300146,1.125256061828417,1.0555660542769143,0.3880209819204011
2024-03-02,19380.0,826820.0,689029.0,,,98266.0,85586.0,2084.0,2094029.0,2024,3,5,Saturday,True,False,3075971.0843373495,1330663.492063492,107664.58333333334,135717.33333333334,16949.137931034486,871945.2830188678,5055.813953488372,0.6807700536141784,0.5178086000777747,0.9127049672013776,0.6306195229300113,1.1434209857077462,0.948247574821858,0.4121987120515179
2024-03-03,21351.0,860095.0,686787.0,,,93906.0,85095.0,1981.0,1961510.0,2024,3,6,Sunday,True,False,2292858.73015873,994259.4202898551,86623.57142857143,94526.08695652173,17662.5,807161.1650485437,3144.4444444444443,0.8554866351771304,0.6907523187457273,1.0840698259299266,0.900227680419484,1.208832271762208,1.0655802549027156,0.63
2024-03-04,32231.0,891094.0,1319592.0,,,219565.0,188845.0,7229.0,3539671.0,2024,3,0,Monday,False,False,5544265.343915343,2241835.9973924384,313690.3395784544,276307.2155411656,29647.423220973782,923330.6152665059,15960.676532769558,0.6384382385097563,0.5886211130229266,0.6999418608015071,0.6834602550285732,1.087143383752774,0.965086595490824,0.4529256629665933
2024-03-05,34277.0,872846.0,1263377.0,,,236999.0,204515.0,7344.0,3819514.0,2024,3,1,Tuesday,False,False,5579462.711864407,2240693.846153846,312771.69811320753,275253.6231884058,29763.636363636364,922663.9175257732,15965.217391304348,0.6845666325322012,0.563832940483408,0.7577379968510397,0.7430056601289983,1.1516401954795357,0.9460064313998909,0.46
2024-03-06,35207.0,894426.0,1273337.0,,,225080.0,198040.0,7555.0,3865589.0,2024,3,2,Wednesday,False,False,5560024.226190476,2238006.617647059,312623.31871345034,275301.80995475117,29709.85085850357,920110.2857142857,15917.153679653678,0.6952467907947515,0.5689603372749319,0.7199718847790356,0.7193559680285067,1.1850278268873582,0.9720856443916972,0.47464516282564284
2024-03-07,34235.0,946074.0,1334827.0,,,226926.0,197659.0,7414.0,3893731.0,2024,3,3,Thursday,False,False,5556527.605042016,2237700.0,313649.21875,274745.4203599248,29792.34693877551,923111.3137254901,16020.516795865633,0.7007489707181176,0.5965174062653618,0.7235025194845954,0.7194260044118688,1.1491206137721988,1.0248753166959217,0.46278157530556746
2024-03-08,34613.0,992246.0,1291469.0,,,226372.0,192899.0,6588.0,3685219.0,2024,3,4,Friday,False,False,5583752.888257576,2236808.276643991,313452.250335871,275884.12022703816,29696.351909184727,922131.7757009345,16030.060975609756,0.659989629510625,0.5773713435724869,0.722189742640027,0.6992029836340499,1.1655640432148373,1.0760349292223121,0.4109778503041161
2024-03-09,19661.0,860563.0,747405.0,,,113368.0,97183.0,2174.0,2128635.0,2024,3,5,Saturday,True,False,3075971.0843373495,1330663.492063492,107664.58333333334,135717.33333333334,16949.137931034486,871945.2830188678,5055.813953488372,0.6920204844703759,0.5616784442180652,1.052973935254165,0.7160691830078201,1.16,0.9869461040267804,0.43
2024-03-10,20080.0,821120.0,630566.0,,,90567.0,77768.0,1750.0,1803578.0,2024,3,6,Sunday,True,False,2292858.73015873,994259.4202898551,86623.57142857143,94526.08695652173,17662.5,807161.1650485437,3144.4444444444443,0.7866066828614172,0.6342067141955486,1.0455237357037428,0.8227146865369579,1.1368719037508845,1.0172937395354207,0.5565371024734983
2024-03-11,31600.0,873234.0,1270081.0,,,218755.0,188108.0,6854.0,3497588.0,2024,3,0,Monday,False,False,5544265.343915343,2241835.9973924384,313690.3395784544,276307.2155411656,29647.423220973782,923330.6152665059,15960.676532769558,0.6308478730799731,0.5665360898287287,0.6973596964891202,0.6807929341677823,1.0658599151930643,0.9457435782609177,0.42943041831138895
2024-03-12,34978.0,915856.0,1370319.0,,,239002.0,213584.0,7820.0,3988438.0,2024,3,1,Tuesday,False,False,5579462.711864407,2240693.846153846,312771.69811320753,275253.6231884058,29763.636363636364,922663.9175257732,15965.217391304348,0.7148426660364295,0.6115601211437941,0.7641420289680219,0.775953455311307,1.1751924251679902,0.9926214546852234,0.4898148148148148
2024-03-13,36469.0,942026.0,1377062.0,,,237603.0,212582.0,8100.0,4024943.0,2024,3,2,Wednesday,False,False,5560024.226190476,2238006.617647059,312623.31871345034,275301.80995475117,29709.85085850357,920110.2857142857,15917.153679653678,0.7239074572805851,0.6153073852157694,0.7600296771776844,0.772177996341325,1.2275053204974882,1.0238185733014613,0.5088849528640247
2024-03-14,36111.0,974694.0,1368263.0,,,240124.0,211962.0,7658.0,4049186.0,2024,3,3,Thursday,False,False,5556527.605042016,2237700.0,313649.21875,274745.4203599248,29792.34693877551,923111.3137254901,16020.516795865633,0.7287259756121345,0.6114595343432989,0.7655813744952935,0.7714851069121494,1.21208980528488,1.0558791616000596,0.4780120452778575
2024-03-15,33266.0,991245.0,1275542.0,,,227481.0,199285.0,6558.0,3643013.0,2024,3,4,Friday,False,False,5583752.888257576,2236808.276643991,313452.250335871,275884.12022703816,29696.351909184727,922131.7757009345,16030.060975609756,0.6524309139219109,0.5702509300053946,0.7257277615848956,0.7223503833276047,1.120204936341397,1.07494940107289,0.4091063664684872
2024-03-16,20796.0,927686.0,838318.0,,,138156.0,129667.0,3108.0,2553056.0,2024,3,5,Saturday,True,False,3075971.0843373495,1330663.492063492,107664.58333333334,135717.33333333334,16949.137931034486,871945.2830188678,5055.813953488372,0.83,0.63,1.2832074924050387,0.9554195975950013,1.2269650577284978,1.0639268519099563,0.6147378104875805
2024-03-17,20237.0,865840.0,625861.0,,,103993.0,86964.0,2078.0,1972170.0,2024,3,6,Sunday,True,False,2292858.73015873,994259.4202898551,86623.57142857143,94526.08695652173,17662.5,807161.1650485437,3144.4444444444443,0.8601358531423655,0.6294745488230261,1.2005161907431992,0.9200000000000002,1.1457607926397735,1.0726977925752006,0.6608480565371025
2024-03-18,31905.0,899570.0,1296423.0,,,221451.0,190770.0,7072.0,3482565.0,2024,3,0,Monday,False,False,5544265.343915343,2241835.9973924384,313690.3395784544,276307.2155411656,29647.423220973782,923330.6152665059,15960.676532769558,0.6281382264328321,0.5782862803112793,0.7059541594350399,0.6904271378739226,1.0761474871593264,0.9742664059074357,0.4430889872042811
2024-03-19,34899.0,913930.0,1336910.0,,,242771.0,210028.0,7795.0,3869116.0,2024,3,1,Tuesday,False,False,5579462.711864407,2240693.846153846,312771.69811320753,275253.6231884058,29763.636363636364,922663.9175257732,15965.217391304348,0.6934567358560434,0.5966500074496156,0.7761923520079147,0.763034460971436,1.1725381795968235,0.9905340207199235,0.48824891067538123
2024-03-20,35998.0,931986.0,1334002.0,,,234446.0,206030.0,7700.0,3886104.0,2024,3,2,Wednesday,False,False,5560024.226190476,2238006.617647059,312623.31871345034,275301.80995475117,29709.85085850357,920110.2857142857,15917.153679653678,0.6989365229191844,0.5960670489001997,0.7499312622130166,0.7483786613457546,1.2116519928506013,1.0129068378759565,0.4837548317349371
2024-03-21,35097.0,951848.0,1317112.0,,,228782.0,200037.0,7292.0,3862248.0,2024,3,3,Thursday,False,False,5556527.605042016,2237700.0,313649.21875,274745.4203599248,29792.34693877551,923111.3137254901,16020.516795865633,0.6950830220829606,0.5886007954596237,0.7294199581040722,0.7280812897188441,1.178054218827599,1.0311302503254287,0.45516634031942244
2024-03-22,33549.0,980093.0,1251225.0,,,225175.0,187489.0,6299.0,3581959.0,2024,3,4,Friday,False,False,5583752.888257576,2236808.276643991,313452.250335871,275884.12022703816,29696.351909184727,922131.7757009345,16030.060975609756,0.6414966907888646,0.5593796361828932,0.7183709791801463,0.6795933011501583,1.1297347264269082,1.0628556848667403,0.3929492226875573
2024-03-23,17633.0,736622.0,587004.0,,,95770.0,77331.0,1766.0,1863863.0,2024,3,5,Saturday,True,False,3075971.0843373495,1330663.492063492,107664.58333333334,135717.33333333334,16949.137931034486,871945.2830188678,5055.813953488372,0.6059429522893348,0.4411363229705195,0.8895218560730663,0.5697945730341494,1.040347896851635,0.8448030104018126,0.34930082796688133
2024-03-24,22334.0,864706.0,653413.0,,,95973.0,80451.0,1890.0,1912946.0,2024,3,6,Sunday,True,False,2292858.73015873,994259.4202898551,86623.57142857143,94526.08695652173,17662.5,807161.1650485437,3144.4444444444443,0.8343060890923579,0.6571856264731305,1.1079316913080404,0.8510983855388438,1.2644869072894551,1.071292868689979,0.6010600706713781
2024-03-25,31947.0,906615.0,1281676.0,,,224068.0,192720.0,7032.0,3583716.0,2024,3,0,Monday,False,False,5544265.343915343,2241835.9973924384,313690.3395784544,276307.2155411656,29647.423220973782,923330.6152665059,15960.676532769558,0.6463824831062632,0.5717081898456284,0.7142967816640725,0.6974844997172636,1.077564136413697,0.9818963922671609,0.4405828277743926
2024-03-26,34874.0,919136.0,1355991.0,,,239790.0,211566.0,7754.0,3969793.0,2024,3,1,Tuesday,False,False,5579462.711864407,2240693.846153846,312771.69811320753,275253.6231884058,29763.636363636364,922663.9175257732,15965.217391304348,0.7115009464188126,0.6051656732701616,0.7666614385078031,0.7686220350138212,1.1716982284667075,0.9961763785721309,0.48568082788671024
2024-03-27,35627.0,948272.0,1342695.0,,,241268.0,207744.0,7628.0,4014011.0,2024,3,2,Wednesday,False,False,5560024.226190476,2238006.617647059,312623.31871345034,275301.80995475117,29709.85085850357,920110.2857142857,15917.153679653678,0.7219412787973143,0.5999513090857838,0.7717530509013167,0.7546045557569889,1.1991645521775758,1.0306068899815115,0.4792314099317013
2024-03-28,34416.0,958838.0,1223847.0,,,239840.0,200583.0,6780.0,3910547.0,2024,3,3,Thursday,False,False,5556527.605042016,2237700.0,313649.21875,274745.4203599248,29792.34693877551,923111.3137254901,16020.516795865633,0.7037753212008797,0.546921839388658,0.7646759043617098,0.7300685839903363,1.1551959995204906,1.0387024682108208,0.42320732136117445
2024-03-29,30293.0,970592.0,1096254.0,,,241583.0,198343.0,5092.0,3372535.0,2024,3,4,Friday,False,False,5583752.888257576,2236808.276643991,313452.250335871,275884.12022703816,29696.351909184727,922131.7757009345,16030.060975609756,0.6039907330233606,0.49009743546048185,0.7707170701155869,0.7189359062666387,1.0200916291886593,1.0525523852187284,0.3176531897007528
2024-03-30,19891.0,909745.0,801723.0,,,135355.0,111061.0,2748.0,2526569.0,2024,3,5,Saturday,True,False,3075971.0843373495,1330663.492063492,107664.58333333334,135717.33333333334,16949.137931034486,871945.2830188678,5055.813953488372,0.8213890607961596,0.60249868188444,1.2571915091236285,0.8183258340865327,1.1735700116982857,1.0433510195161113,0.5435326586936523
2024-03-31,23316.0,936601.0,606411.0,,,121273.0,98458.0,2096.0,1936295.0,2024,3,6,Sunday,True,False,2292858.73015873,994259.4202898551,86623.57142857143,94526.08695652173,17662.5,807161.1650485437,3144.4444444444443,0.8444894465285937,0.6099122498866683,1.4,1.0415960627386045,1.3200849256900213,1.160364299667058,0.6665724381625442
2024-04-01,30083.0,921607.0,1168598.0,,,208291.0,180107.0,6053.0,3321989.0,2024,4,0,Monday,False,False,5575529.166666667,2192433.962264151,310364.7887323944,286171.4285714286,28993.617021276597,940363.8297872341,16282.926829268294,0.5958159128393642,0.5330140018416683,0.6711167231653801,0.6293675119808306,1.0375732002641813,0.9800536460537003,0.371739065308568
2024-04-02,34415.0,894314.0,1247638.0,,,234615.0,206753.0,7289.0,3900061.0,2024,4,1,Tuesday,False,False,5594090.0,2183766.176470588,309667.1428571429,286013.63636363635,28925.49019607843,941739.0,16197.959183673469,0.6971752331478399,0.5713239876333454,0.7576360792925121,0.7228781208778984,1.189781046637744,0.9496410364230429,0.4499949603124606
2024-04-03,34971.0,856109.0,1162660.0,,,222764.0,195001.0,6815.0,3890305.0,2024,4,2,Wednesday,False,False,5566984.138655462,2185750.964912281,310066.2509819324,286827.94117647054,28901.2689241571,938204.1237623763,16198.322510822512,0.6988173314500562,0.5319270212682533,0.7184400085289531,0.6798535707510652,1.2100160754799774,0.9124975880161779,0.4207225776278207
2024-04-04,34712.0,961556.0,1339531.0,,,232730.0,201745.0,7180.0,4100733.0,2024,4,3,Thursday,False,False,5581935.863808323,2185126.7391304346,311003.37734404893,287274.03969270166,28950.82417582418,939956.4320388349,16211.730545876888,0.7346435179572702,0.6130221080599942,0.7483198478019786,0.7022736903613273,1.1989986809766466,1.0229793288549704,0.442889177048781
2024-04-05,34503.0,986253.0,1263607.0,,,225107.0,202580.0,6309.0,3800800.0,2024,4,4,Friday,False,False,5581218.9655172415,2186919.696969697,310225.3968253968,286157.14285714284,28958.44155844156,941837.7358490565,16181.81818181818,0.680998187579218,0.5778021944522772,0.7256240214488187,0.7079327043083221,1.1914660507668848,1.0471580851566789,0.3898820224719102
2024-04-06,21444.0,931595.0,822825.0,,,128106.0,117095.0,2555.0,2477127.0,2024,4,5,Saturday,True,False,3170231.8055555555,1336330.8974358975,114119.62365591398,149238.35001021036,16706.49021595073,912598.1617647059,5100.744680851064,0.7813709381311015,0.615734472336759,1.1225589070137212,0.7846173586882245,1.2835730140090151,1.0208162135660668,0.5009072517571485
2024-04-07,21759.0,878338.0,651153.0,,,101624.0,94103.0,2033.0,1899641.0,2024,4,6,Sunday,True,False,2435088.2352941176,995331.1475409836,91600.0,102942.69662921347,18634.513274336285,864630.3921568628,3272.5,0.7801117727344099,0.6542073978180093,1.1094323144104803,0.9141299293814602,1.1676720330531414,1.0158537196557975,0.6212375859434683
2024-04-08,31777.0,883899.0,1258402.0,,,220359.0,194106.0,6873.0,3506719.0,2024,4,0,Monday,False,False,5575529.166666667,2192433.962264151,310364.7887323944,286171.4285714286,28993.617021276597,940363.8297872341,16282.926829268294,0.6289481940055017,0.5739748706959613,0.71,0.6782857428115016,1.095999853232553,0.9399542730179129,0.4220985620131815
2024-04-09,36151.0,970225.0,1366571.0,,,251964.0,228390.0,7937.0,4042674.0,2024,4,1,Tuesday,False,False,5594090.0,2183766.176470588,309667.1428571429,286013.63636363635,28925.49019607843,941739.0,16197.959183673469,0.7226687450505802,0.6257863203141363,0.8136607509445625,0.7985283600591199,1.2497973156182214,1.0302482959716015,0.49
2024-04-10,35534.0,950832.0,1245909.0,,,235585.0,216591.0,7115.0,3791945.0,2024,4,2,Wednesday,False,False,5566984.138655462,2185750.964912281,310066.2509819324,286827.94117647054,28901.2689241571,938204.1237623763,16198.322510822512,0.6811488780199454,0.570014159893097,0.7597892361840037,0.7551251775249561,1.2294961890167715,1.0134596255951036,0.43924301391371157
2024-04-11,35354.0,968131.0,1315916.0,,,241215.0,205013.0,7326.0,4000485.0,2024,4,3,Thursday,False,False,5581935.863808323,2185126.7391304346,311003.37734404893,287274.03969270166,28950.82417582418,939956.4320388349,16211.730545876888,0.7166841571824574,0.6022149545996884,0.7756025097217989,0.7136495877570537,1.2211742154657859,1.0299743339167884,0.45189500154030215
2024-04-12,33701.0,984025.0,1240823.0,,,225168.0,191755.0,6265.0,3668439.0,2024,4,4,Friday,False,False,5581218.9655172415,2186919.696969697,310225.3968253968,286157.14285714284,28958.44155844156,941837.7358490565,16181.81818181818,0.6572827589573035,0.5673838878123166,0.7258206526744507,0.6701038390494733,1.1637711902412773,1.0447924972053835,0.38716292134831465
2024-04-13,21606.0,934171.0,824356.0,,,120351.0,110542.0,2609.0,2535112.0,2024,4,5,Saturday,True,False,3170231.8055555555,1336330.8974358975,114119.62365591398,149238.35001021036,16706.49021595073,912598.1617647059,5100.744680851064,0.7996613987524309,0.6168801466625848,1.0546038984747659,0.7407077335848132,1.2932698442771302,1.0236389236129715,0.5114939412267712
2024-04-14,21766.0,900793.0,664358.0,,,103711.0,93633.0,2145.0,2068885.0,2024,4,6,Sunday,True,False,2435088.2352941176,995331.1475409836,91600.0,102942.69662921347,18634.513274336285,864630.3921568628,3272.5,0.8496139770270433,0.6674743392099507,1.1322161572052403,0.9095642825178184,1.168047680106378,1.0418243542803622,0.6554621848739496
2024-04-15,32975.0,938045.0,1319005.0,,,233386.0,203835.0,7374.0,3704177.0,2024,4,0,Monday,False,False,5575529.166666667,2192433.962264151,310364.7887323944,286171.4285714286,28993.617021276597,940363.8297872341,16282.926829268294,0.6643633078175688,0.6016167522956308,0.7519731892048883,0.7122828474440894,1.1373192925809055,0.9975341142292141,0.45286698621929294
2024-04-16,35869.0,946250.0,1370151.0,,,243835.0,220030.0,8017.0,4033514.0,2024,4,1,Tuesday,False,False,5594090.0,2183766.176470588,309667.1428571429,286013.63636363635,28925.49019607843,941739.0,16197.959183673469,0.7210313026783624,0.6274256899676154,0.7874099839920282,0.7692989844730862,1.2400481290672452,1.004790074532328,0.49493889378858513
2024-04-17,35970.0,946559.0,1347870.0,,,243323.0,214829.0,7805.0,4021256.0,2024,4,2,Wednesday,False,False,5566984.138655462,2185750.964912281,310066.2509819324,286827.94117647054,28901.2689241571,938204.1237623763,16198.322510822512,0.7223401216607765,0.616662200606231,0.7847451930980339,0.7489821218910703,1.2445820318267933,1.0089051796149853,0.48184001737126053
2024-04-18,34816.0,960125.0,1303010.0,,,230634.0,203859.0,7271.0,3966226.0,2024,4,3,Thursday,False,False,5581935.863808323,2185126.7391304346,311003.37734404893,287274.03969270166,28950.82417582418,939956.4320388349,16211.730545876888,0.7105466807162505,0.5963086610337894,0.741580371150954,0.7096325175016472,1.2025909793985632,1.0214569178673718,0.4485023964236332
2024-04-19,33749.0,1005000.0,1278086.0,,,223518.0,205809.0,6252.0,3705782.0,2024,4,4,Friday,False,False,5581218.9655172415,2186919.696969697,310225.3968253968,286157.14285714284,28958.44155844156,941837.7358490565,16181.81818181818,0.6639735912343954,0.5844229222366869,0.7205019391942367,0.7192167140931557,1.1654287380034083,1.0670627877253223,0.38635955056179777
2024-04-20,21228.0,952549.0,830016.0,,,125999.0,123804.0,2793.0,2537525.0,2024,4,5,Saturday,True,False,3170231.8055555555,1336330.8974358975,114119.62365591398,149238.35001021036,16706.49021595073,912598.1617647059,5100.744680851064,0.8004225418321803,0.6211156245751738,1.1040958247453037,0.8295722915157516,1.2706439069848616,1.0437770312379773,0.5475671053454856
2024-04-21,20807.0,876733.0,651681.0,,,101817.0,98834.0,2017.0,1918237.0,2024,4,6,Sunday,True,False,2435088.2352941176,995331.1475409836,91600.0,102942.69662921347,18634.513274336285,864630.3921568628,3272.5,0.7877484569951566,0.6547378745355364,1.1115393013100436,0.9600875364280336,1.1165840338129838,1.013997435150234,0.6163483575248281
2024-04-22,29919.0,906928.0,1146285.0,,,229680.0,206229.0,6171.0,3219677.0,2024,4,0,Monday,False,False,5575529.166666667,2192433.962264151,310364.7887323944,286171.4285714286,28993.617021276597,940363.8297872341,16282.926829268294,0.5774657263473496,0.5228367283711564,0.7400324016718173,0.7206484624600639,1.0319167828575622,0.9644437304710037,0.37898591971240264
2024-04-23,31727.0,873846.0,1176798.0,,,238274.0,221191.0,7063.0,3522218.0,2024,4,1,Tuesday,False,False,5594090.0,2183766.176470588,309667.1428571429,286013.63636363635,28925.49019607843,941739.0,16197.959183673469,0.6296319866144449,0.5388846171717642,0.7694519922312897,0.7733582314892806,1.096852630151844,0.9279067767183902,0.4360425853597077
2024-04-24,32658.0,884275.0,1180243.0,,,233010.0,215927.0,6847.0,3608010.0,2024,4,2,Wednesday,False,False,5566984.138655462,2185750.964912281,310066.2509819324,286827.94117647054,28901.2689241571,938204.1237623763,16198.322510822512,0.6481085467707847,0.5399713960768471,0.751484559387205,0.7528102008275099,1.129984987361674,0.9425187734774494,0.42269809083164905
2024-04-25,32999.0,966560.0,1191480.0,,,242243.0,217219.0,6820.0,3723894.0,2024,4,3,Thursday,False,False,5581935.863808323,2185126.7391304346,311003.37734404893,287274.03969270166,28950.82417582418,939956.4320388349,16211.730545876888,0.6671330683221685,0.5452681433362287,0.7789079400639999,0.7561386341500268,1.1398293810079614,1.02830297985563,0.420683034466948
2024-04-26,31859.0,960070.0,1143792.0,,,229885.0,198590.0,5647.0,3431590.0,2024,4,4,Friday,False,False,5581218.9655172415,2186919.696969697,310225.3968253968,286157.14285714284,28958.44155844156,941837.7358490565,16181.81818181818,0.6148459720361421,0.5230150890244823,0.7410257263024325,0.693989316559333,1.100162794869495,1.019358179712886,0.34897191011235956
2024-04-27,20591.0,915285.0,801494.0,,,123192.0,109447.0,2479.0,2506779.0,2024,4,5,Saturday,True,False,3170231.8055555555,1336330.8974358975,114119.62365591398,149238.35001021036,16706.49021595073,912598.1617647059,5100.744680851064,0.7907241973937325,0.5997721084933957,1.0794988281019964,0.7333704774443836,1.2325150126590017,1.0029441635408278,0.4860074665776795
2024-04-28,21057.0,884153.0,649572.0,,,100214.0,91619.0,1965.0,2084950.0,2024,4,6,Sunday,True,False,2435088.2352941176,995331.1475409836,91600.0,102942.69662921347,18634.513274336285,864630.3921568628,3272.5,0.8562112738999674,0.6526189817376867,1.0940393013100436,0.8900000000000001,1.13,1.022579136727356,0.6004583651642476
2024-04-29,30504.0,870512.0,1161990.0,,,225362.0,201385.0,6385.0,3323706.0,2024,4,0,Monday,False,False,5575529.166666667,2192433.962264151,310364.7887323944,286171.4285714286,28993.617021276597,940363.8297872341,16282.926829268294,0.5961238656719429,0.53,0.7261197409681474,0.7037215455271565,1.0520936376311734,0.9257182937342042,0.3921285200718993
2024-04-30,32717.0,876200.0,1193514.0,,,240862.0,218592.0,6886.0,3638986.0,2024,4,1,Tuesday,False,False,5594090.0,2183766.176470588,309667.1428571429,286013.63636363635,28925.49019607843,941739.0,16197.959183673469,0.6505054441383674,0.5465392828498526,0.7778093528996571,0.764271252165345,1.1310784978308026,0.9304064077201858,0.42511528285246314
2024-05-01,35701.0,959302.0,1350660.0,,,230682.0,205030.0,7757.0,4032791.0,2024,5,2,Wednesday,False,False,5723566.349206349,2275398.146853147,318580.4212454213,287037.86075036076,29373.234811165843,962160.6969520481,17459.37669376694,0.7045940859162403,0.5935928188514829,0.7240934615448074,0.7142960146930454,1.215426228316833,0.9970288778567822,0.44428848383626873
2024-05-02,36244.0,985377.0,1349838.0,,,235003.0,210951.0,7475.0,4061242.0,2024,5,3,Thursday,False,False,5720059.154929577,2277316.0714285714,317896.1538461538,287151.4285714286,29435.227272727272,961900.9803921569,17383.720930232557,0.71,0.5927319518512159,0.7392445525268291,0.7346332945285216,1.2313137474423812,1.0244058589048035,0.43
2024-05-03,34860.0,1009380.0,1285012.0,,,226880.0,204190.0,6516.0,3780888.0,2024,5,4,Friday,False,False,5719113.207547169,2275682.2580645164,318995.3846153846,287064.70588235295,29388.043478260868,965228.1553398058,17384.848484848484,0.661096897856575,0.5646710982810542,0.7112328608564387,0.7113030470687076,1.186196693420128,1.0457423920095354,0.3748091336935681
2024-05-04,22523.0,954647.0,849249.0,,,123516.0,122719.0,2769.0,2563658.0,2024,5,5,Saturday,True,False,3212641.516516517,1391093.5047193244,118529.28841991341,150498.80576044958,17291.094911377928,956502.2916666667,4867.136752136752,0.7979906836227987,0.6104902345664749,1.0420715558708171,0.8154151083121086,1.3025780099778044,0.9980603374578079,0.5689176493313782
2024-05-05,20709.0,823309.0,578132.0,,,99491.0,87988.0,2571.0,1889174.0,2024,5,6,Sunday,True,False,2391359.493670886,963553.3333333334,97502.5641025641,104090.81632653062,17024.358974358973,853056.5217391305,3515.5181843040746,0.79,0.6,1.0203936780097829,0.8453003166387278,1.21643346637548,0.9651283109840317,0.731328886728245
2024-05-06,33424.0,934306.0,1295794.0,,,229643.0,200506.0,6869.0,3652105.0,2024,5,0,Monday,False,False,5716296.875,2267007.727652465,319412.2631848438,286301.64835164836,29366.565217391304,962588.775510204,17395.0,0.6388935144310538,0.571587817806789,0.7189548632549078,0.7003312805021984,1.1381651123504843,0.9706180081985548,0.394883587237712
2024-05-07,36309.0,959055.0,1375535.0,,,250953.0,227303.0,7966.0,4098321.0,2024,5,1,Tuesday,False,False,5706690.286470871,2276651.138375917,319988.21371610847,286533.8312236287,29395.263424518744,962189.3092783506,17288.257575757576,0.718160754179369,0.6041922615255223,0.7842570108617936,0.7932850338450913,1.2351990004523814,0.9967425232767331,0.4607751802107754
2024-05-08,36981.0,973565.0,1350511.0,,,244202.0,221059.0,7623.0,4087477.0,2024,5,2,Wednesday,False,False,5723566.349206349,2275398.146853147,318580.4212454213,287037.86075036076,29373.234811165843,962160.6969520481,17459.37669376694,0.7141486182940441,0.5935273358061504,0.7665317254756117,0.7701388221822656,1.2590033150159603,1.011852804925496,0.4366135248528912
2024-05-09,35927.0,1004630.0,1354139.0,,,247959.0,218370.0,7344.0,4086528.0,2024,5,3,Thursday,False,False,5720059.154929577,2277316.0714285714,317896.1538461538,287151.4285714286,29435.227272727272,961900.9803921569,17383.720930232557,0.714420583653966,0.5946205785789507,0.78,0.7604698367212919,1.2205443384936108,1.0444214326410426,0.4224642140468228
2024-05-10,34539.0,1006475.0,1212090.0,,,228020.0,195091.0,5894.0,3677268.0,2024,5,4,Friday,False,False,5719113.207547169,2275682.2580645164,318995.3846153846,287064.70588235295,29388.043478260868,965228.1553398058,17384.848484848484,0.6429787043115934,0.5326270817046713,0.7148065802736475,0.679606360525399,1.1752738839368273,1.0427327408882654,0.3390308523618616
2024-05-11,22810.0,1007785.0,845713.0,,,134051.0,117308.0,3078.0,2648580.0,2024,5,5,Saturday,True,False,3212641.516516517,1391093.5047193244,118529.28841991341,150498.80576044958,17291.094911377928,956502.2916666667,4867.136752136752,0.8244243829830937,0.6079483493603374,1.1309525416629336,0.7794613346415538,1.3191761491627987,1.053614830596982,0.6324046676207954
2024-05-12,24531.0,933869.0,559614.0,,,114118.0,98717.0,1755.0,1858872.0,2024,5,6,Sunday,True,False,2391359.493670886,963553.3333333334,97502.5641025641,104090.81632653062,17024.358974358973,853056.5217391305,3515.5181843040746,0.7773285467617065,0.5807815516179696,1.170410245621417,0.9483737709417795,1.4409353113939305,1.0947328532183502,0.49921516771998053
2024-05-13,31980.0,957789.0,1264180.0,,,244216.0,209794.0,7137.0,3703066.0,2024,5,0,Monday,False,False,5716296.875,2267007.727652465,319412.2631848438,286301.64835164836,29366.565217391304,962588.775510204,17395.0,0.6478085517558079,0.5576425631813287,0.7645792856070533,0.7327725886590836,1.0889935463430018,0.9950136801588404,0.41029031330842197
2024-05-14,35800.0,968597.0,1343633.0,,,260745.0,226656.0,7698.0,4116655.0,2024,5,1,Tuesday,False,False,5706690.286470871,2276651.138375917,319988.21371610847,286533.8312236287,29395.263424518744,962189.3092783506,17288.257575757576,0.7213734745268294,0.5901795744421785,0.8148581379667044,0.7910270107794135,1.2178832855819564,1.0066594906634905,0.4452733288052409
2024-05-15,36951.0,947214.0,1288427.0,,,248434.0,219840.0,7856.0,4114615.0,2024,5,2,Wednesday,False,False,5723566.349206349,2275398.146853147,318580.4212454213,287037.86075036076,29373.234811165843,962160.6969520481,17459.37669376694,0.7188900676534566,0.5662424405952345,0.7798156554279168,0.7658919956597526,1.2579819770464495,0.984465487938349,0.44995878935383876
2024-05-16,35940.0,990185.0,1306481.0,,,243988.0,215601.0,7590.0,4105026.0,2024,5,3,Thursday,False,False,5720059.154929577,2277316.0714285714,317896.1538461538,287151.4285714286,29435.227272727272,961900.9803921569,17383.720930232557,0.7176544662938087,0.573693312224525,0.767508499389012,0.7508268409898212,1.2209859861792072,1.0294042943966146,0.4366153846153846
2024-05-17,34945.0,1028502.0,1270674.0,,,241980.0,215838.0,6569.0,3816914.0,2024,5,4,Friday,False,False,5719113.207547169,2275682.2580645164,318995.3846153846,287064.70588235295,29388.043478260868,965228.1553398058,17384.848484848484,0.6673961261971608,0.5583705701870335,0.7585689689264855,0.7518792647691646,1.189089026149351,1.0655532521613182,0.3778577653826042
2024-05-18,21562.0,972936.0,792454.0,,,131709.0,130279.0,2855.0,2691368.0,2024,5,5,Saturday,True,False,3212641.516516517,1391093.5047193244,118529.28841991341,150498.80576044958,17291.094911377928,956502.2916666667,4867.136752136752,0.8377430180626763,0.5696626411607683,1.1111937121683786,0.8656480650575151,1.2470002686649833,1.0171810443911202,0.5865871754572355
2024-05-19,22305.0,942844.0,657256.0,,,112130.0,106408.0,2228.0,2121485.0,2024,5,6,Sunday,True,False,2391359.493670886,963553.3333333334,97502.5641025641,104090.81632653062,17024.358974358973,853056.5217391305,3515.5181843040746,0.8871459960808269,0.6821168868009382,1.1500210382369958,1.0222611730337519,1.310181489569998,1.1052538442327589,0.6337614778804084
2024-05-20,32417.0,961239.0,1291703.0,,,236846.0,216450.0,7160.0,3682061.0,2024,5,0,Monday,False,False,5716296.875,2267007.727652465,319412.2631848438,286301.64835164836,29366.565217391304,962588.775510204,17395.0,0.6441339700363271,0.5697832363975159,0.7415056567910708,0.756020795710357,1.103874415003161,0.9985977651676973,0.4116125323368784
2024-05-21,35819.0,966865.0,1349876.0,,,252506.0,234587.0,7775.0,4029557.0,2024,5,1,Tuesday,False,False,5706690.286470871,2276651.138375917,319988.21371610847,286533.8312236287,29395.263424518744,962189.3092783506,17288.257575757576,0.706111037697817,0.5929217600562878,0.7891103146193432,0.8187061157776996,1.2185296482195558,1.004859429092136,0.4497272189478758
2024-05-22,36940.0,996779.0,1357841.0,,,258544.0,233098.0,8086.0,4104021.0,2024,5,2,Wednesday,False,False,5723566.349206349,2275398.146853147,318580.4212454213,287037.86075036076,29373.234811165843,962160.6969520481,17459.37669376694,0.7170391237919481,0.5967487500496915,0.8115501856306113,0.8120810244009145,1.2576074864576288,1.0359797517791118,0.46313222641486
2024-05-23,34785.0,1016554.0,1275297.0,,,250848.0,215083.0,7442.0,3863099.0,2024,5,3,Thursday,False,False,5720059.154929577,2277316.0714285714,317896.1538461538,287151.4285714286,29435.227272727272,961900.9803921569,17383.720930232557,0.6753599736238324,0.56,0.7890878733984248,0.7490229147388635,1.1817472879589237,1.0568177189980217,0.4281016722408027
2024-05-24,33663.0,1039719.0,1243655.0,,,250907.0,209130.0,6663.0,3583244.0,2024,5,4,Friday,False,False,5719113.207547169,2275682.2580645164,318995.3846153846,287064.70588235295,29388.043478260868,965228.1553398058,17384.848484848484,0.626538393272476,0.5464976472847916,0.7865536998365059,0.7285117108255978,1.1454658431038947,1.077174338780006,0.38326477252919644
2024-05-25,20733.0,928412.0,805680.0,,,135961.0,120036.0,3031.0,2347159.0,2024,5,5,Saturday,True,False,3212641.516516517,1391093.5047193244,118529.28841991341,150498.80576044958,17291.094911377928,956502.2916666667,4867.136752136752,0.7306009674384822,0.5791702694798787,1.1470667023523444,0.7975877243242878,1.199056514712508,0.970632279805916,0.6227480661334083
2024-05-26,22762.0,908474.0,652393.0,,,120709.0,101017.0,2710.0,2019012.0,2024,5,6,Sunday,True,False,2391359.493670886,963553.3333333334,97502.5641025641,104090.81632653062,17024.358974358973,853056.5217391305,3515.5181843040746,0.8442946388209874,0.6770699425044799,1.2380084678903909,0.9704698605025046,1.3370253784170496,1.0649634307324556,0.7708678658240156
2024-05-27,12673.0,745291.0,594031.0,,,99975.0,81042.0,2123.0,1667890.0,2024,5,0,Monday,False,False,5716296.875,2267007.727652465,319412.2631848438,286301.64835164836,29366.565217391304,962588.775510204,17395.0,0.2917780578007506,0.2620330723861854,0.3129967491014723,0.28306508351101295,0.4315451911446173,0.7742568986480972,0.12204656510491521
2024-05-28,34485.0,972840.0,1300611.0,,,257078.0,227311.0,7609.0,3825781.0,2024,5,1,Tuesday,False,False,5706690.286470871,2276651.138375917,319988.21371610847,286533.8312236287,29395.263424518744,962189.3092783506,17288.257575757576,0.6704027742788083,0.5712825202230194,0.8033983408778862,0.7933129537593501,1.1731481872428426,1.011069225794701,0.44012532591310444
2024-05-29,36435.0,959947.0,1309889.0,,,254749.0,227379.0,8090.0,4006764.0,2024,5,2,Wednesday,False,False,5723566.349206349,2275398.146853147,318580.4212454213,287037.86075036076,29373.234811165843,962160.6969520481,17459.37669376694,0.7000467463010354,0.575674636024277,0.7996379658364248,0.7921568235130955,1.2404149639708637,0.9976992440461757,0.4633613296680952
2024-05-30,35372.0,1002919.0,1301028.0,,,253843.0,219887.0,7550.0,3979959.0,2024,5,3,Thursday,False,False,5720059.154929577,2277316.0714285714,317896.1538461538,287151.4285714286,29435.227272727272,961900.9803921569,17383.720930232557,0.6957898322729845,0.5712988268615076,0.7985091890191525,0.7657527635990965,1.2016893796085395,1.0426426632719727,0.43431438127090305
2024-05-31,35020.0,1025661.0,1257526.0,,,245017.0,211027.0,6644.0,3688627.0,2024,5,4,Friday,False,False,5719113.207547169,2275682.2580645164,318995.3846153846,287064.70588235295,29388.043478260868,965228.1553398058,17384.848484848484,0.6449648513920552,0.552592962195669,0.7680894828475936,0.7351199770496506,1.1916410844398417,1.0626099066069192,0.38217186682935333
2024-06-01,22726.0,1003362.0,848601.0,,,128555.0,110948.0,2980.0,2446153.0,2024,6,5,Saturday,True,False,3220746.987951807,1403253.9682539683,123109.57446808512,158940.54054054053,17338.235294117647,983351.923076923,5080.645161290323,0.759498653309492,0.6047380012442735,1.0442323479342912,0.698047204461978,1.3107446988973708,1.0203488460778773,0.5865396825396825
2024-06-02,22640.0,944876.0,651637.0,,,114504.0,92567.0,2339.0,1978037.0,2024,6,6,Sunday,True,False,2614790.909090909,1083173.4375,98477.77777777777,108991.8918918919,18115.88785046729,922322.9166666667,3888.6792452830186,0.7564799897088937,0.601599870750154,1.1627394787318066,0.8493017085327448,1.2497317375154766,1.0244524807155844,0.6014895681707909
2024-06-03,33679.0,951379.0,1294956.0,,,225413.0,197640.0,7168.0,3611491.0,2024,6,0,Monday,False,False,5617044.604105571,2142238.6363636362,332142.8259141494,294851.81305398874,29239.31623931624,982727.9974489796,16141.036585365855,0.6429521669385203,0.6044872770095006,0.6786628595081069,0.6703028139895182,1.1518395206080094,0.9681000261208014,0.4440854812570595
2024-06-04,36865.0,964701.0,1327963.0,,,255090.0,233237.0,7800.0,3979793.0,2024,6,1,Tuesday,False,False,5609193.269617707,2142021.7741935486,332150.9479956663,295377.47002893756,29264.064407814407,980691.0496719775,16245.212765957447,0.7095125464042429,0.6199577501960576,0.7679941952275513,0.789623528081374,1.259736155793722,0.9836951202141327,0.4801414491994368
2024-06-05,37800.0,990705.0,1338427.0,,,264512.0,230173.0,7942.0,4051943.0,2024,6,2,Wednesday,False,False,5598098.412698412,2141323.880597015,331925.3521126761,295093.58974358975,29288.636363636364,983069.7916666667,16168.181818181818,0.7238070325467663,0.6250465014320197,0.7969020694454463,0.78,1.2906029331884845,1.0077667001855368,0.4912116952488052
2024-06-06,35234.0,993746.0,1207899.0,,,245631.0,219447.0,7059.0,3774324.0,2024,6,3,Thursday,False,False,5622586.098901099,2148801.8537200503,332244.5887445888,295330.26737967914,29238.605737883066,983602.9172445678,16165.116279069767,0.6712790046447967,0.5621267488711722,0.7393077519430347,0.7430562466456478,1.2050506209449305,1.0103121722979906,0.43668105308588695
2024-06-07,35464.0,1040780.0,1254339.0,,,252098.0,214062.0,6393.0,3752412.0,2024,6,4,Friday,False,False,5597701.612903226,2153018.4615384615,333809.45945945947,294857.4074074074,29278.571428571428,983598.0769230769,16175.0,0.6703487001433479,0.582595561723005,0.7552152668418218,0.725984813751782,1.2112612832398146,1.0581354563601848,0.3952395672333849
2024-06-08,23371.0,1002254.0,842779.0,,,159020.0,135138.0,3150.0,2673220.0,2024,6,5,Saturday,True,False,3220746.987951807,1403253.9682539683,123109.57446808512,158940.54054054053,17338.235294117647,983351.923076923,5080.645161290323,0.83,0.6005890730162321,1.2916948229824665,0.8502424840157802,1.3479457167090756,1.019222087718029,0.62
2024-06-09,22435.0,966063.0,680981.0,,,132945.0,107497.0,2492.0,2134551.0,2024,6,6,Sunday,True,False,2614790.909090909,1083173.4375,98477.77777777777,108991.8918918919,18115.88785046729,922322.9166666667,3888.6792452830186,0.8163371658432622,0.628690638474044,1.35,0.9862843752324745,1.2384157036731325,1.0474238279705905,0.6408345463367298
2024-06-10,32970.0,964238.0,1355986.0,,,240121.0,211542.0,7701.0,3702212.0,2024,6,0,Monday,False,False,5617044.604105571,2142238.6363636362,332142.8259141494,294851.81305398874,29239.31623931624,982727.9974489796,16141.036585365855,0.6591031869844873,0.6329761666056642,0.7229450142092344,0.7174519220652229,1.1275913475591932,0.9811850303471795,0.47710690445879117
2024-06-11,36206.0,955762.0,1390440.0,,,259101.0,230796.0,8500.0,3995425.0,2024,6,1,Tuesday,False,False,5609193.269617707,2142021.7741935486,332150.9479956663,295377.47002893756,29264.064407814407,980691.0496719775,16245.212765957447,0.7122993999228533,0.6491250540734992,0.7800700300978235,0.7813595260917814,1.2372170692165332,0.9745801191105845,0.5232310664352837
2024-06-12,36693.0,952603.0,1355294.0,,,256255.0,224305.0,8138.0,3977760.0,2024,6,2,Wednesday,False,False,5598098.412698412,2141323.880597015,331925.3521126761,295093.58974358975,29288.636363636364,983069.7916666667,16168.181818181818,0.7105555684725142,0.6329234041989646,0.7720259943055243,0.7601147832282674,1.2528067044308218,0.9690085160535609,0.5033342704526286
2024-06-13,35363.0,969399.0,1310210.0,,,254575.0,221855.0,7675.0,3936941.0,2024,6,3,Thursday,False,False,5622586.098901099,2148801.8537200503,332244.5887445888,295330.26737967914,29238.605737883066,983602.9172445678,16165.116279069767,0.7002011051052561,0.6097397941702895,0.7662276787168478,0.7512098301620447,1.2094625960287104,0.9855592973591842,0.47478780031650125
2024-06-14,34757.0,1017050.0,1212740.0,,,247019.0,204586.0,5973.0,3517062.0,2024,6,4,Friday,False,False,5597701.612903226,2153018.4615384615,333809.45945945947,294857.4074074074,29278.571428571428,983598.0769230769,16175.0,0.6283046584499686,0.5632743154154954,0.74,0.6938472456868668,1.1871139302268847,1.034009748353279,0.369273570324575
2024-06-15,23580.0,1033025.0,851502.0,,,142102.0,122409.0,3104.0,2431810.0,2024,6,5,Saturday,True,False,3220746.987951807,1403253.9682539683,123109.57446808512,158940.54054054053,17338.235294117647,983351.923076923,5080.645161290323,0.7550453385804385,0.6068053390645325,1.1542725300934127,0.7701559311658278,1.36,1.050514038522088,0.6109460317460317
2024-06-16,24200.0,1001387.0,653946.0,,,130133.0,109303.0,2245.0,1897201.0,2024,6,6,Sunday,True,False,2614790.909090909,1083173.4375,98477.77777777777,108991.8918918919,18115.88785046729,922322.9166666667,3888.6792452830186,0.7255650895082868,0.6037315699961485,1.3214453345368387,1.002854415156099,1.3358439950474619,1.085722778762861,0.5773168364871422
2024-06-17,31993.0,961183.0,1172762.0,,,242993.0,215241.0,6466.0,3325104.0,2024,6,0,Monday,False,False,5617044.604105571,2142238.6363636362,332142.8259141494,294851.81305398874,29239.31623931624,982727.9974489796,16141.036585365855,0.5919668142869362,0.5474469464292345,0.7315918967426609,0.7299972069718573,1.094177433498977,0.9780763369875415,0.4005938506986812
2024-06-18,36105.0,993635.0,1314338.0,,,260538.0,242116.0,7713.0,3920839.0,2024,6,1,Tuesday,False,False,5609193.269617707,2142021.7741935486,332150.9479956663,295377.47002893756,29264.064407814407,980691.0496719775,16245.212765957447,0.6990023006048469,0.6135969371715823,0.7843963763228499,0.8196833698124653,1.2337657372828517,1.0131988054059962,0.47478602534298153
2024-06-19,26431.0,973450.0,1068172.0,,,232540.0,206582.0,4527.0,3046320.0,2024,6,2,Wednesday,False,False,5598098.412698412,2141323.880597015,331925.3521126761,295093.58974358975,29288.636363636364,983069.7916666667,16168.181818181818,0.5441704978050937,0.49883719584829306,0.7005792071015458,0.7000558710187554,0.9024319081244665,0.9902145384303208,0.27999437728422827
2024-06-20,36445.0,1025738.0,1275626.0,,,255683.0,227113.0,7217.0,3857797.0,2024,6,3,Thursday,False,False,5622586.098901099,2148801.8537200503,332244.5887445888,295330.26737967914,29238.605737883066,983602.9172445678,16165.116279069767,0.6861250200782134,0.5936452436466442,0.7695625712554642,0.769013626727333,1.2464684645608786,1.0428374926677404,0.4464551863041289
2024-06-21,34695.0,1027492.0,1191812.0,,,244215.0,211543.0,6166.0,3500365.0,2024,6,4,Friday,False,False,5597701.612903226,2153018.4615384615,333809.45945945947,294857.4074074074,29278.571428571428,983598.0769230769,16175.0,0.6253218270747642,0.5535540086118809,0.7315999983806913,0.7174417012617523,1.184996340570871,1.0446258732166633,0.38120556414219475
2024-06-22,21970.0,981220.0,793674.0,,,133102.0,119962.0,2743.0,2385207.0,2024,6,5,Saturday,True,False,3220746.987951807,1403253.9682539683,123109.57446808512,158940.54054054053,17338.235294117647,983351.923076923,5080.645161290323,0.7405757139330096,0.5655954074995758,1.0811669244661821,0.7547602367024895,1.2671416454622562,0.9978319836196057,0.5398920634920634
2024-06-23,21789.0,957537.0,648887.0,,,118067.0,103892.0,2061.0,1908786.0,2024,6,6,Sunday,True,False,2614790.909090909,1083173.4375,98477.77777777777,108991.8918918919,18115.88785046729,922322.9166666667,3888.6792452830186,0.72999565409367,0.5990610344892251,1.1989202301703714,0.9532085203461701,1.2027563970284771,1.0381797770574748,0.53
2024-06-24,33300.0,980166.0,1227231.0,,,246269.0,213904.0,6820.0,3467845.0,2024,6,0,Monday,False,False,5617044.604105571,2142238.6363636362,332142.8259141494,294851.81305398874,29239.31623931624,982727.9974489796,16141.036585365855,0.6173789322351663,0.5728731520234249,0.741455123476472,0.7254627257823006,1.1388775211926339,0.9973929739911448,0.42252552764692325
2024-06-25,36669.0,1006891.0,1269567.0,,,271783.0,232410.0,7685.0,3831447.0,2024,6,1,Tuesday,False,False,5609193.269617707,2142021.7741935486,332150.9479956663,295377.47002893756,29264.064407814407,980691.0496719775,16245.212765957447,0.6830656060209406,0.5926956557096532,0.8182514656063726,0.7868237207706845,1.2530385215461817,1.026715804469497,0.4730624406535477
2024-06-26,36344.0,1027462.0,1267408.0,,,264126.0,226518.0,7314.0,3901100.0,2024,6,2,Wednesday,False,False,5598098.412698412,2141323.880597015,331925.3521126761,295093.58974358975,29288.636363636364,983069.7916666667,16168.181818181818,0.6968616327199543,0.5918805704658926,0.7957391573703573,0.7676140989603472,1.2408908202064095,1.0451567210279873,0.452369974697779
2024-06-27,35155.0,1037346.0,1214263.0,,,255215.0,227648.0,7170.0,3776811.0,2024,6,3,Thursday,False,False,5622586.098901099,2148801.8537200503,332244.5887445888,295330.26737967914,29238.605737883066,983602.9172445678,16165.116279069767,0.6717213277957905,0.5650883993318615,0.7681539704359042,0.7708251579487915,1.202348713723081,1.0546390030094526,0.44354769097971514
2024-06-28,34111.0,1042093.0,1141168.0,,,255739.0,211914.0,6305.0,3522732.0,2024,6,4,Friday,False,False,5597701.612903226,2153018.4615384615,333809.45945945947,294857.4074074074,29278.571428571428,983598.0769230769,16175.0,0.6293175741771896,0.5300316836041279,0.76612268691882,0.7186999365669532,1.1650500121980971,1.0594703512027075,0.38979907264296754
2024-06-29,21904.0,981000.0,780229.0,,,138769.0,119738.0,2948.0,2454997.0,2024,6,5,Saturday,True,False,3220746.987951807,1403253.9682539683,123109.57446808512,158940.54054054053,17338.235294117647,983351.923076923,5080.645161290323,0.7622446001451433,0.5560141055370171,1.1271990874761282,0.7533509046388247,1.2633350296861747,0.9976082590355203,0.5802412698412698
2024-06-30,20851.0,888565.0,583751.0,,,126526.0,108244.0,2268.0,2002269.0,2024,6,6,Sunday,True,False,2614790.909090909,1083173.4375,98477.77777777777,108991.8918918919,18115.88785046729,922322.9166666667,3888.6792452830186,0.7657472699016434,0.5389266204194562,1.284817781789462,0.9931380960646713,1.1509786421791168,0.963399026461719,0.5832314410480349
2024-07-01,32979.0,959030.0,1156904.0,,,216906.0,185943.0,6947.0,3273546.0,2024,7,0,Monday,False,False,5258977.525118984,2071709.7350230415,316438.35994194483,283053.1968124537,28358.00304878049,960258.5532746823,13839.36170212766,0.6224681479173912,0.5584295813463139,0.6854605112976648,0.6569189187543525,1.1629521283029212,0.9987206015812172,0.501974017987547
2024-07-02,35200.0,956076.0,1216755.0,,,234535.0,207844.0,7431.0,3542073.0,2024,7,1,Tuesday,False,False,5285514.705882353,2077013.3333333335,316417.7215189873,282205.1282051282,28382.926829268294,961250.0,13800.0,0.6701472225700096,0.5858195421631059,0.7412195463455615,0.7364997274214066,1.240182177537166,0.9946174252275682,0.5384782608695652
2024-07-03,36949.0,1007199.0,1198766.0,,,237577.0,205176.0,6758.0,3409357.0,2024,7,2,Wednesday,False,False,5287003.448275862,2066837.931034483,316178.4810126582,284209.45945945947,28384.920634920636,960340.594059406,13769.811320754716,0.6448562088817666,0.58,0.7514015477558341,0.7219182654589544,1.3017122885502586,1.0487935282861691,0.49078377637708964
2024-07-04,17646.0,755272.0,643119.0,,,117030.0,101274.0,2939.0,1992244.0,2024,7,3,Thursday,False,False,5270933.763203144,2074822.8050595238,315829.3246659444,283431.8181818182,28327.380952380954,962791.050658464,13733.531914893618,0.3779679444860476,0.30996333683615446,0.37054823874820275,0.3573134471974982,0.6229308678293759,0.7844609684349068,0.21400175994150053
2024-07-05,28776.0,857429.0,1001854.0,,,207314.0,183222.0,4563.0,2700734.0,2024,7,4,Friday,False,False,5270115.625,2081210.3448275863,316553.4246575342,282100.0,28373.19587628866,960044.1176470588,13787.234042553193,0.5124620012487866,0.48138046329142026,0.654909989441069,0.6494930875576037,1.0141966426858513,0.8931141644838626,0.3309583333333333
2024-07-06,19730.0,860697.0,758425.0,,,119417.0,110386.0,2688.0,2100877.0,2024,7,5,Saturday,True,False,2828115.734700218,1350311.2121212122,127832.47422680413,154536.685660019,15865.753588516745,925137.4655501378,5089.622641509433,0.7428539695963661,0.5616668166507968,0.934167946934414,0.7143028823773885,1.2435589579734874,0.9303449833676145,0.5281334569045413
2024-07-07,22640.0,912740.0,642652.0,,,120316.0,105041.0,2167.0,1804572.0,2024,7,6,Sunday,True,False,2340581.787141905,1097483.6363636362,104631.02931379082,106196.31130063965,16527.62520777625,883173.5503696445,3581.034482758621,0.7709929257390193,0.5855686396649527,1.1499074489573222,0.9891209846510678,1.369827771103369,1.033477508036762,0.6051324025036109
2024-07-08,33105.0,949660.0,1176713.0,,,226613.0,199454.0,6499.0,3228784.0,2024,7,0,Monday,False,False,5258977.525118984,2071709.7350230415,316438.35994194483,283053.1968124537,28358.00304878049,960258.5532746823,13839.36170212766,0.6139566074542121,0.5679912490187302,0.7161363117972657,0.7046519956181766,1.1673953184592682,0.9889628129439316,0.4696025828272734
2024-07-09,35500.0,956804.0,1236657.0,,,249970.0,219843.0,7176.0,3605032.0,2024,7,1,Tuesday,False,False,5285514.705882353,2077013.3333333335,316417.7215189873,282205.1282051282,28382.926829268294,961250.0,13800.0,0.6820588344949432,0.5954015702033689,0.79,0.7790184444848265,1.2507519120048123,0.9953747724317296,0.52
2024-07-10,37417.0,961413.0,1252733.0,,,249781.0,210993.0,7393.0,3691835.0,2024,7,2,Wednesday,False,False,5287003.448275862,2066837.931034483,316178.4810126582,284209.45945945947,28384.920634920636,960340.594059406,13769.811320754716,0.6982849616267868,0.606110900709563,0.79,0.7423855645103773,1.318199916119111,1.001116693334873,0.5368991504521787
2024-07-11,35691.0,997744.0,1233678.0,,,246250.0,209174.0,6914.0,3688029.0,2024,7,3,Thursday,False,False,5270933.763203144,2074822.8050595238,315829.3246659444,283431.8181818182,28327.380952380954,962791.050658464,13733.531914893618,0.6996917748704143,0.5945943899361601,0.7796932734490722,0.7380046507898325,1.2599470476990964,1.0363037746535255,0.5034393222985827
2024-07-12,34090.0,983536.0,1120310.0,,,231084.0,191828.0,5586.0,3261074.0,2024,7,4,Friday,False,False,5270115.625,2081210.3448275863,316553.4246575342,282100.0,28373.19587628866,960044.1176470588,13787.234042553193,0.6187860441866492,0.53829734355506,0.7300000000000001,0.68,1.2014860838601846,1.0244695862628863,0.40515740740740736
2024-07-13,20949.0,916511.0,743154.0,,,123988.0,107166.0,2700.0,2203283.0,2024,7,5,Saturday,True,False,2828115.734700218,1350311.2121212122,127832.47422680413,154536.685660019,15865.753588516745,925137.4655501378,5089.622641509433,0.7790639445784737,0.5503575718908346,0.9699256839855642,0.6934664060012611,1.3203911105213677,0.9906754770276134,0.5304911955514365
2024-07-14,22682.0,950803.0,633752.0,,,119283.0,97038.0,2160.0,1869670.0,2024,7,6,Sunday,True,False,2340581.787141905,1097483.6363636362,104631.02931379082,106196.31130063965,16527.62520777625,883173.5503696445,3581.034482758621,0.7988056688602462,0.5774591793458094,1.140034660676687,0.9137605516757296,1.3723689710320945,1.0765754925541529,0.6031776600866634
2024-07-15,32763.0,954918.0,1160722.0,,,233209.0,202008.0,6398.0,3259800.0,2024,7,0,Monday,False,False,5258977.525118984,2071709.7350230415,316438.35994194483,283053.1968124537,28358.00304878049,960258.5532746823,13839.36170212766,0.619854331841102,0.5602725036126215,0.7369808137129314,0.7136750344983637,1.1553352308920406,0.9944384215517063,0.4623045583826581
2024-07-16,35468.0,948164.0,1209152.0,,,249559.0,220620.0,6828.0,3594150.0,2024,7,1,Tuesday,False,False,5285514.705882353,2077013.3333333335,316417.7215189873,282205.1282051282,28382.926829268294,961250.0,13800.0,0.68,0.5821589975349218,0.7887010841300957,0.781771760857714,1.2496244736615967,0.9863864759427828,0.49478260869565216
2024-07-17,36547.0,960518.0,1210515.0,,,248424.0,214137.0,6845.0,3651756.0,2024,7,2,Wednesday,False,False,5287003.448275862,2066837.931034483,316178.4810126582,284209.45945945947,28384.920634920636,960340.594059406,13769.811320754716,0.6907042970041696,0.58568452892391,0.7857081203133945,0.7534478282576136,1.2875498392282958,1.0001847323144428,0.49710194573855854
2024-07-18,36119.0,1010443.0,1218605.0,,,241785.0,211370.0,7085.0,3637826.0,2024,7,3,Thursday,False,False,5270933.763203144,2074822.8050595238,315829.3246659444,283431.8181818182,28327.380952380954,962791.050658464,13733.531914893618,0.6901672765072454,0.587329673179026,0.7655558908462292,0.7457525459065031,1.2750561042235764,1.0494935524265065,0.5158905985660195
2024-07-19,34718.0,1022607.0,1207102.0,,,243438.0,206922.0,6480.0,3372874.0,2024,7,4,Friday,False,False,5270115.625,2081210.3448275863,316553.4246575342,282100.0,28373.19587628866,960044.1176470588,13787.234042553193,0.64,0.58,0.7690265877343304,0.7335058489897199,1.2236196497347576,1.0651666743256285,0.47
2024-07-20,19961.0,984535.0,803868.0,,,131910.0,125050.0,2688.0,2269647.0,2024,7,5,Saturday,True,False,2828115.734700218,1350311.2121212122,127832.47422680413,154536.685660019,15865.753588516745,925137.4655501378,5089.622641509433,0.8025297452123487,0.5953205400236579,1.0318974172866389,0.8091929723089198,1.258118619366892,1.0642040093085423,0.5281334569045413
2024-07-21,21664.0,966494.0,659004.0,,,126169.0,111438.0,2080.0,1877704.0,2024,7,6,Sunday,True,False,2340581.787141905,1097483.6363636362,104631.02931379082,106196.31130063965,16527.62520777625,883173.5503696445,3581.034482758621,0.8022381487864488,0.6004681784445741,1.2058468776180757,1.0493584818075388,1.310775125140609,1.0943421025182225,0.5808377467501203
2024-07-22,32431.0,942623.0,1168226.0,,,231813.0,215087.0,6510.0,3235343.0,2024,7,0,Monday,False,False,5258977.525118984,2071709.7350230415,316438.35994194483,283053.1968124537,28358.00304878049,960258.5532746823,13839.36170212766,0.6152038080685276,0.5638946326556732,0.7325692120339943,0.7598818964850379,1.1436277774642056,0.981634578297125,0.47039741717272654
2024-07-23,35110.0,932660.0,1211237.0,,,247915.0,229841.0,7177.0,3606656.0,2024,7,1,Tuesday,False,False,5285514.705882353,2077013.3333333335,316417.7215189873,282205.1282051282,28382.926829268294,961250.0,13800.0,0.6823660893396214,0.5831628427999178,0.7835054206504781,0.8144465745956752,1.237011257196872,0.9702574772431729,0.5200724637681159
2024-07-24,36652.0,952083.0,1220410.0,,,249158.0,224862.0,7260.0,3656472.0,2024,7,2,Wednesday,False,False,5287003.448275862,2066837.931034483,316178.4810126582,284209.45945945947,28384.920634920636,960340.594059406,13769.811320754716,0.6915962956658194,0.5904720354097462,0.7880295939242777,0.7911840810213251,1.2912489864392562,0.9914013901833507,0.5272403398191285
2024-07-25,35373.0,995084.0,1220056.0,,,255367.0,214281.0,6850.0,3638351.0,2024,7,3,Thursday,False,False,5270933.763203144,2074822.8050595238,315829.3246659444,283431.8181818182,28327.380952380954,962791.050658464,13733.531914893618,0.690266879352507,0.5880290100074345,0.8085601306025146,0.7560230935770988,1.2487211599075436,1.033540973734073,0.498779195508431
2024-07-26,34431.0,1016330.0,1154709.0,,,247475.0,201321.0,5946.0,3288849.0,2024,7,4,Friday,False,False,5270115.625,2081210.3448275863,316553.4246575342,282100.0,28373.19587628866,960044.1176470588,13787.234042553193,0.6240563270374168,0.5548257065268718,0.781779569334095,0.7136511875221553,1.2135044691519512,1.058628433129605,0.4312685185185185
2024-07-27,22582.0,986456.0,809660.0,,,138344.0,125101.0,2991.0,2306948.0,2024,7,5,Saturday,True,False,2828115.734700218,1350311.2121212122,127832.47422680413,154536.685660019,15865.753588516745,925137.4655501378,5089.622641509433,0.8157190922897425,0.599609921573635,1.0822289159055625,0.8095229910341318,1.423317201670415,1.0662804574814175,0.587666357738647
2024-07-28,22027.0,954855.0,645704.0,,,121226.0,99516.0,2214.0,1851383.0,2024,7,6,Sunday,True,False,2340581.787141905,1097483.6363636362,104631.02931379082,106196.31130063965,16527.62520777625,883173.5503696445,3581.034482758621,0.7909926541215772,0.588349546731697,1.1586046777427803,0.9370946954859117,1.3327383530960208,1.0811634922721065,0.61825710158883
2024-07-29,32067.0,932158.0,1147023.0,,,233537.0,200999.0,6240.0,3202281.0,2024,7,0,Monday,False,False,5258977.525118984,2071709.7350230415,316438.35994194483,283053.1968124537,28358.00304878049,960258.5532746823,13839.36170212766,0.6089170346715921,0.5536600907980205,0.7380173504970944,0.7101103335468724,1.1307918947903142,0.9707364717774671,0.4508878468752402
2024-07-30,34911.0,941243.0,1228387.0,,,251398.0,220120.0,7217.0,3590241.0,2024,7,1,Tuesday,False,False,5285514.705882353,2077013.3333333335,316417.7215189873,282205.1282051282,28382.926829268294,961250.0,13800.0,0.679260431534577,0.591419891382498,0.7945130215625875,0.78,1.23,0.9791864759427829,0.5229710144927536
2024-07-31,35765.0,963202.0,1213507.0,,,248316.0,213562.0,7018.0,3576343.0,2024,7,2,Wednesday,False,False,5287003.448275862,2066837.931034483,316178.4810126582,284209.45945945947,28384.920634920636,960340.594059406,13769.811320754716,0.6764404515692678,0.5871321508951705,0.7853665410899948,0.751424672515037,1.26,1.0029795740785035,0.5096656618251576
2024-08-01,35878.0,1016033.0,1208275.0,,,229131.0,194439.0,6902.0,3544663.0,2024,8,3,Thursday,False,False,5138942.700341006,2014691.217948718,311722.78138528136,273115.0462962963,27957.998182919444,973126.8103280916,13384.991496598639,0.6897650366416396,0.5997321024857694,0.7350473359109418,0.7119307509299856,1.2832821493607212,1.0440910570097668,0.5156521766751903
2024-08-02,34487.0,995583.0,1111340.0,,,215453.0,181008.0,5784.0,3153955.0,2024,8,4,Friday,False,False,5142805.084745763,2022153.5714285711,312300.0,272525.0,27989.423076923074,970850.4854368932,13316.666666666668,0.6132752356014903,0.5495823935938171,0.689891130323407,0.6641886065498578,1.2321440104435055,1.0254751014024337,0.43434292866082597
2024-08-03,22133.0,945280.0,741482.0,,,123922.0,109769.0,2852.0,2200373.0,2024,8,5,Saturday,True,False,2945506.25,1374088.888888889,133403.7037037037,151762.5,16640.145985401457,957488.7755102041,4719.444444444444,0.7470271027263989,0.5396172008927127,0.928924734168078,0.7232946215303517,1.3300965039259554,0.9872491711417728,0.6043084167157151
2024-08-04,22186.0,891954.0,588249.0,,,108959.0,92383.0,2099.0,1752861.0,2024,8,6,Sunday,True,False,2381887.720588235,1099990.1639344264,104098.1819912431,103998.25949367089,17984.8125,919344.6279761905,3612.239583333333,0.7359125221767844,0.5347766000888233,1.0466945523521805,0.888312943406733,1.233596402520182,0.970206354458733,0.5810799509768583
2024-08-05,33112.0,963223.0,1154644.0,,,234345.0,192078.0,6375.0,3222601.0,2024,8,0,Monday,False,False,5126568.518518518,2019618.5185185184,312460.0,272998.3333333334,28005.31914893617,972075.8241758242,13400.0,0.6286078081974551,0.5717139100343482,0.75,0.7035867129835957,1.1823468186134853,0.9908928666307177,0.47574626865671643
2024-08-06,35331.0,905339.0,1130325.0,,,234650.0,207212.0,6974.0,3462581.0,2024,8,1,Tuesday,False,False,5146831.5476190485,2013055.0,312109.3058350101,272936.40116561437,27963.24375294672,971388.4801288936,13413.723776223775,0.6727597295469692,0.5614973262032086,0.7518199413254365,0.7591951792251646,1.2634800280020044,0.9320050819213652,0.5199152835070022
2024-08-07,36667.0,928763.0,1117450.0,,,239223.0,202867.0,6593.0,3511253.0,2024,8,2,Wednesday,False,False,5145409.141791045,2012229.337686567,312848.643761302,273273.76395534293,27967.2903453136,972300.5,13316.638297872341,0.6824050144975997,0.5553293449566327,0.7646604988402089,0.7423581285803621,1.3110673056728281,0.9552221766830317,0.49509492204600863
2024-08-08,35509.0,948381.0,1108956.0,,,230083.0,196259.0,6466.0,3490217.0,2024,8,3,Thursday,False,False,5138942.700341006,2014691.217948718,311722.78138528136,273115.0462962963,27957.998182919444,973126.8103280916,13384.991496598639,0.6791702502867757,0.5504347217679824,0.7381013315020545,0.7185946093467259,1.270083779520872,0.9745708266739167,0.4830783793656592
2024-08-09,32193.0,914501.0,1039488.0,,,215973.0,170622.0,5202.0,3041276.0,2024,8,4,Friday,False,False,5142805.084745763,2022153.5714285711,312300.0,272525.0,27989.423076923074,970850.4854368932,13316.666666666668,0.5913652082636429,0.5140499785412653,0.6915561959654178,0.6260783414365655,1.1501844790271052,0.9419586370072882,0.3906382978723404
2024-08-10,22199.0,956186.0,777613.0,,,133623.0,119101.0,3156.0,2356405.0,2024,8,5,Saturday,True,False,2945506.25,1374088.888888889,133403.7037037037,151762.5,16640.145985401457,957488.7755102041,4719.444444444444,0.8,0.5659117152375716,1.0016438546322775,0.7847854377728358,1.3340628152827128,0.9986393829948451,0.6687227781047675
2024-08-11,22996.0,932245.0,614435.0,,,121004.0,103975.0,2552.0,1918748.0,2024,8,6,Sunday,True,False,2381887.720588235,1099990.1639344264,104098.1819912431,103998.25949367089,17984.8125,919344.6279761905,3612.239583333333,0.80555770257976,0.5585822675016467,1.162402624958225,0.9997763472794243,1.278634403333368,1.0140321394515655,0.706486915146709
2024-08-12,33127.0,932729.0,1106072.0,,,231099.0,191415.0,6337.0,3169180.0,2024,8,0,Monday,False,False,5126568.518518518,2019618.5185185184,312460.0,272998.3333333334,28005.31914893617,972075.8241758242,13400.0,0.6181873876360153,0.5476638235677072,0.7396114702681943,0.7011581267284903,1.1828824311490977,0.9595228857695495,0.472910447761194
2024-08-13,35503.0,914295.0,1158412.0,,,242459.0,205674.0,7002.0,3491612.0,2024,8,1,Tuesday,False,False,5146831.5476190485,2013055.0,312109.3058350101,272936.40116561437,27963.24375294672,971388.4801288936,13413.723776223775,0.6784002871854701,0.5754497517454814,0.7768400219638781,0.7535601668434091,1.269630959614932,0.9412248741910982,0.5220026978944694
2024-08-14,37606.0,970112.0,1182980.0,,,242186.0,202330.0,7028.0,3544668.0,2024,8,2,Wednesday,False,False,5145409.141791045,2012229.337686567,312848.643761302,273273.76395534293,27967.2903453136,972300.5,13316.638297872341,0.6888991530741811,0.5878952154430152,0.7741315323865801,0.7403930661747089,1.3446422422650441,0.9977491526539377,0.5277608239252766
2024-08-15,36343.0,1006980.0,1182864.0,,,241573.0,196106.0,6528.0,3495671.0,2024,8,3,Thursday,False,False,5138942.700341006,2014691.217948718,311722.78138528136,273115.0462962963,27957.998182919444,973126.8103280916,13384.991496598639,0.6802315580922973,0.5871192515567458,0.7749610051805036,0.7180344058644396,1.2999142414353277,1.0347880556908042,0.48771043311150997
2024-08-16,34676.0,1013229.0,1123673.0,,,235035.0,185953.0,5596.0,3198733.0,2024,8,4,Friday,False,False,5142805.084745763,2022153.5714285711,312300.0,272525.0,27989.423076923074,970850.4854368932,13316.666666666668,0.6219821570698574,0.5556813369056682,0.7525936599423632,0.6823337308503807,1.2388965612010032,1.043650917622023,0.42022528160200245
2024-08-17,22797.0,962245.0,767022.0,,,135948.0,112928.0,2880.0,2256233.0,2024,8,5,Saturday,True,False,2945506.25,1374088.888888889,133403.7037037037,151762.5,16640.145985401457,957488.7755102041,4719.444444444444,0.7659915846384641,0.5582040624898923,1.01907215636192,0.7441100403591138,1.37,1.0049673945130704,0.6102413184226015
2024-08-18,20897.0,860623.0,578595.0,,,106004.0,82177.0,1953.0,1713050.0,2024,8,6,Sunday,True,False,2381887.720588235,1099990.1639344264,104098.1819912431,103998.25949367089,17984.8125,919344.6279761905,3612.239583333333,0.7191984681700034,0.5260001579745869,1.0183078894587922,0.7901766856492547,1.1619248185100624,0.9361266426220839,0.5406618124143898
2024-08-19,31668.0,939487.0,1090594.0,,,224656.0,183503.0,5870.0,3076559.0,2024,8,0,Monday,False,False,5126568.518518518,2019618.5185185184,312460.0,272998.3333333334,28005.31914893617,972075.8241758242,13400.0,0.6001205267981219,0.54,0.7189912308775523,0.6721762648123614,1.1307851851851851,0.9664750183418515,0.4380597014925373
2024-08-20,34985.0,960477.0,1164259.0,,,250304.0,211051.0,6877.0,3475888.0,2024,8,1,Tuesday,False,False,5146831.5476190485,2013055.0,312109.3058350101,272936.40116561437,27963.24375294672,971388.4801288936,13413.723776223775,0.6753452037123624,0.578354292356642,0.801975446808106,0.7732607270363212,1.251106642315534,0.9887671303993169,0.5126838836647052
2024-08-21,36401.0,966702.0,1159036.0,,,247076.0,204853.0,6910.0,3498651.0,2024,8,2,Wednesday,False,False,5145409.141791045,2012229.337686567,312848.643761302,273273.76395534293,27967.2903453136,972300.5,13316.638297872341,0.6799558409425472,0.5759959753556362,0.7897620939936522,0.7496255660805993,1.3015561947745007,0.9942420064578801,0.5188997287028545
2024-08-22,34997.0,993618.0,1140225.0,,,245912.0,199777.0,6458.0,3427911.0,2024,8,3,Thursday,False,False,5138942.700341006,2014691.217948718,311722.78138528136,273115.0462962963,27957.998182919444,973126.8103280916,13384.991496598639,0.6670459664344055,0.5659552142987617,0.7888804241614252,0.7314756279786448,1.2517705942688322,1.0210570600403042,0.4824806950113559
2024-08-23,33653.0,1008033.0,1095768.0,,,235738.0,196218.0,5827.0,3209666.0,2024,8,4,Friday,False,False,5142805.084745763,2022153.5714285711,312300.0,272525.0,27989.423076923074,970850.4854368932,13316.666666666668,0.6241080397000252,0.5418816926084815,0.7548447006083894,0.72,1.20234704043423,1.0382989091738202,0.4375719649561952
2024-08-24,22523.0,982981.0,776019.0,,,146684.0,119252.0,3025.0,2332624.0,2024,8,5,Saturday,True,False,2945506.25,1374088.888888889,133403.7037037037,151762.5,16640.145985401457,957488.7755102041,4719.444444444444,0.7919263454287357,0.5647516738364007,1.0995496821122186,0.785780413475002,1.353533798306795,1.0266240452544335,0.6409652736904061
2024-08-25,22347.0,954450.0,629302.0,,,130885.0,101267.0,2309.0,1905818.0,2024,8,6,Sunday,True,False,2381887.720588235,1099990.1639344264,104098.1819912431,103998.25949367089,17984.8125,919344.6279761905,3612.239583333333,0.8001292351132889,0.5720978429017248,1.2573226303895515,0.9737374499634092,1.2425484002126794,1.038185214723111,0.6392156297310937
2024-08-26,31233.0,943802.0,1104199.0,,,244138.0,186630.0,5896.0,3113498.0,2024,8,0,Monday,False,False,5126568.518518518,2019618.5185185184,312460.0,272998.3333333334,28005.31914893617,972075.8241758242,13400.0,0.6073259313229159,0.5467364207028463,0.781341611726301,0.6836305471950377,1.1152524216524216,0.9709139724776139,0.44
2024-08-27,34997.0,957321.0,1177841.0,,,261771.0,201834.0,6713.0,3477101.0,2024,8,1,Tuesday,False,False,5146831.5476190485,2013055.0,312109.3058350101,272936.40116561437,27963.24375294672,971388.4801288936,13413.723776223775,0.675580882690541,0.5851012515803096,0.838715780356705,0.739490955175047,1.2515357770792266,0.9855181727839443,0.5004575993952546
2024-08-28,36079.0,980250.0,1203770.0,,,257194.0,195873.0,6656.0,3516674.0,2024,8,2,Wednesday,False,False,5145409.141791045,2012229.337686567,312848.643761302,273273.76395534293,27967.2903453136,972300.5,13316.638297872341,0.6834585750310023,0.5982270397587772,0.8221036118546657,0.7167647459637165,1.2900427447396834,1.0081759702890207,0.49982584576645434
2024-08-29,35044.0,1001235.0,1203629.0,,,261935.0,192714.0,6446.0,3438760.0,2024,8,3,Thursday,False,False,5138942.700341006,2014691.217948718,311722.78138528136,273115.0462962963,27957.998182919444,973126.8103280916,13384.991496598639,0.6691571010845896,0.5974260419050663,0.8402818646618422,0.7056147312767564,1.2534516874462653,1.0288844057871878,0.48158416847990093
2024-08-30,33968.0,1012878.0,1132406.0,,,255954.0,195334.0,5287.0,3152242.0,2024,8,4,Friday,False,False,5142805.084745763,2022153.5714285711,312300.0,272525.0,27989.423076923074,970850.4854368932,13316.666666666668,0.6129421488965165,0.56,0.8195773294908741,0.716756260893496,1.2136012916967263,1.0432893789450948,0.39702127659574465
2024-08-31,21518.0,931420.0,771634.0,,,149890.0,119313.0,2471.0,2158004.0,2024,8,5,Saturday,True,False,2945506.25,1374088.888888889,133403.7037037037,151762.5,16640.145985401457,957488.7755102041,4719.444444444444,0.7326428181912702,0.5615604683507455,1.1235819983897388,0.7861823573017049,1.2931376935561698,0.9727738056288825,0.5235785756327251
2024-09-01,22880.0,903778.0,658803.0,,,120499.0,95622.0,2149.0,1969350.0,2024,9,6,Sunday,True,False,2544627.2727272725,1099881.6666666667,99359.68992248061,105071.27659574468,17174.418604651164,886614.1509433961,2926.9662921348313,0.7739247398261578,0.598976253506059,1.2127553950099086,0.9100679376714894,1.3322139471902503,1.0193588710921664,0.7342072936660269
2024-09-02,14939.0,861398.0,629636.0,,,134118.0,95598.0,2571.0,2007446.0,2024,9,0,Monday,False,False,5744982.089552239,2314379.365079365,326433.3333333333,287153.94736842107,29658.97435897436,951296.9072164949,17097.56097560976,0.3494259805701952,0.272053929230573,0.41085877667721843,0.3329155001214276,0.5036924007953661,0.9054985814265495,0.15037232524964333
2024-09-03,35977.0,967455.0,1323572.0,,,263763.0,220831.0,7337.0,3629404.0,2024,9,1,Tuesday,False,False,5762951.365079366,2323449.6794871795,327453.04878048785,288018.6728395062,29693.90243902439,952311.3494623655,17075.012370113807,0.6297821671708689,0.5696581301868919,0.805498684413889,0.7667245940094118,1.2115955480717895,1.0159019952310597,0.4296922216490961
2024-09-04,38623.0,943233.0,1372412.0,,,271660.0,225508.0,7588.0,3868854.0,2024,9,2,Wednesday,False,False,5785243.432835821,2325995.1836158196,327301.2780853142,288897.5016655563,29776.363636363632,953917.4934330168,17181.72682526661,0.668745238625777,0.5900321761915904,0.8299998142053977,0.7805813435557519,1.297102643951884,0.9887993526624983,0.4416319778080429
2024-09-05,37475.0,974389.0,1434726.0,,,262639.0,220098.0,7475.0,4033322.0,2024,9,3,Thursday,False,False,5772755.223880596,2314074.193548387,328298.75,287986.88524590165,29723.364485981307,952776.6990291262,17116.666666666668,0.698682317815079,0.62,0.8,0.7642639692153559,1.2607926675889827,1.022683490258417,0.43670886075949367
2024-09-06,36478.0,1008024.0,1397369.0,,,258126.0,202757.0,6606.0,3794952.0,2024,9,4,Friday,False,False,5751001.871657753,2323600.806451613,327431.3093453273,287666.21052631584,29691.265201908216,951014.2857142857,17050.0,0.6598766762192145,0.6013808379305617,0.7883363399673118,0.704834257833183,1.2285768138184832,1.0599462228297607,0.38744868035190616
2024-09-07,21477.0,919901.0,841695.0,,,137291.0,105974.0,2874.0,2479639.0,2024,9,5,Saturday,True,False,3220394.520547945,1402825.0,118303.61445783133,152795.5223880597,17135.164835164833,953082.0,4144.68085106383,0.7699798841969503,0.6,1.1604970873390907,0.6935674445410411,1.2533874174308988,0.9651855768968463,0.6934188911704311
2024-09-08,23760.0,921697.0,724969.0,,,120584.0,98767.0,2280.0,2101048.0,2024,9,6,Sunday,True,False,2544627.2727272725,1099881.6666666667,99359.68992248061,105071.27659574468,17174.418604651164,886614.1509433961,2926.9662921348313,0.8256800603053136,0.6591336340727563,1.2136108727198964,0.94,1.3834529451591062,1.0395694666268005,0.7789635316698656
2024-09-09,35327.0,938320.0,1458059.0,,,247296.0,214384.0,7724.0,3811344.0,2024,9,0,Monday,False,False,5744982.089552239,2314379.365079365,326433.3333333333,287153.94736842107,29658.97435897436,951296.9072164949,17097.56097560976,0.6634213894123827,0.63,0.7575696926375983,0.7465821102746096,1.19110659635169,0.986358720271187,0.4517603423680456
2024-09-10,38230.0,959320.0,1510358.0,,,263027.0,233290.0,8495.0,4182405.0,2024,9,1,Tuesday,False,False,5762951.365079366,2323449.6794871795,327453.04878048785,288018.6728395062,29693.90243902439,952311.3494623655,17075.012370113807,0.7257401173543309,0.6500498002321096,0.8032510339408181,0.8099822060148063,1.2874697112817775,1.0073596209281674,0.4975106205409665
2024-09-11,39031.0,929727.0,1489570.0,,,263710.0,228252.0,9107.0,4214707.0,2024,9,2,Wednesday,False,False,5785243.432835821,2325995.1836158196,327301.2780853142,288897.5016655563,29776.363636363632,953917.4934330168,17181.72682526661,0.7285271655256912,0.6404011540919982,0.80571026652472,0.7900795219206747,1.3108047872015633,0.9746408954657508,0.5300398552843762
2024-09-12,38778.0,993520.0,1515496.0,,,263539.0,228985.0,8174.0,4232214.0,2024,9,3,Thursday,False,False,5772755.223880596,2314074.193548387,328298.75,287986.88524590165,29723.364485981307,952776.6990291262,17116.666666666668,0.7331358832767199,0.6549038074168866,0.8027414055033716,0.7951230133430484,1.304630235190542,1.0427626966658514,0.4775462512171373
2024-09-13,37297.0,1024954.0,1442741.0,,,254945.0,219747.0,6989.0,3911412.0,2024,9,4,Friday,False,False,5751001.871657753,2323600.806451613,327431.3093453273,287666.21052631584,29691.265201908216,951014.2857142857,17050.0,0.6801270608650518,0.6209074278138248,0.7786213252170116,0.7638957651576442,1.2561606838365034,1.0777482687656788,0.40991202346041056
2024-09-14,24473.0,1010708.0,913017.0,,,145099.0,136864.0,3402.0,2706474.0,2024,9,5,Saturday,True,False,3220394.520547945,1402825.0,118303.61445783133,152795.5223880597,17135.164835164833,953082.0,4144.68085106383,0.8404169062924308,0.650841694438009,1.226496761446961,0.8957330546140095,1.4282325402424167,1.0604627933378241,0.8208110882956878
2024-09-15,24154.0,954266.0,705080.0,,,128174.0,118303.0,2605.0,2161737.0,2024,9,6,Sunday,True,False,2544627.2727272725,1099881.6666666667,99359.68992248061,105071.27659574468,17174.418604651164,886614.1509433961,2926.9662921348313,0.8495299186521335,0.6410507797050894,1.29,1.1259309283465124,1.4063940419769803,1.0763035972126311,0.89
2024-09-16,35319.0,942442.0,1473843.0,,,254618.0,215601.0,7734.0,3821428.0,2024,9,0,Monday,False,False,5744982.089552239,2314379.365079365,326433.3333333333,287153.94736842107,29658.97435897436,951296.9072164949,17097.56097560976,0.665176660332781,0.6368199709339608,0.78,0.7508202550438284,1.1908368634909656,0.9906917523337646,0.4523452211126961
2024-09-17,38667.0,953515.0,1536675.0,,,268678.0,232809.0,8503.0,4189311.0,2024,9,1,Tuesday,False,False,5762951.365079366,2323449.6794871795,327453.04878048785,288018.6728395062,29693.90243902439,952311.3494623655,17075.012370113807,0.7269384616682959,0.6613764927068132,0.8205084698420737,0.8083121754044368,1.3021865374348023,1.0012639254360605,0.49797914143141125
2024-09-18,39300.0,971180.0,1539412.0,,,281624.0,229697.0,8603.0,4232888.0,2024,9,2,Wednesday,False,False,5785243.432835821,2325995.1836158196,327301.2780853142,288897.5016655563,29776.363636363632,953917.4934330168,17181.72682526661,0.7316698163425623,0.6618294013863538,0.8604427139651805,0.7950812958774214,1.3198387983147097,1.018096435683193,0.5007063659834731
2024-09-19,38515.0,1006254.0,1547727.0,,,272725.0,226944.0,8367.0,4255184.0,2024,9,3,Thursday,False,False,5772755.223880596,2314074.193548387,328298.75,287986.88524590165,29723.364485981307,952776.6990291262,17116.666666666668,0.7371149191286088,0.6688320557374718,0.8307220176744505,0.7880358850585181,1.2957819771097976,1.056127842993397,0.4888218111002921
2024-09-20,36687.0,1029142.0,1471585.0,,,270065.0,215673.0,7029.0,3933048.0,2024,9,4,Friday,False,False,5751001.871657753,2323600.806451613,327431.3093453273,287666.21052631584,29691.265201908216,951014.2857142857,17050.0,0.6838891879661796,0.633320919804322,0.8247989495566974,0.7497335179039741,1.235615921063619,1.0821519881029278,0.412258064516129
2024-09-21,23611.0,988882.0,950423.0,,,160150.0,133469.0,3736.0,2744632.0,2024,9,5,Saturday,True,False,3220394.520547945,1402825.0,118303.61445783133,152795.5223880597,17135.164835164833,953082.0,4144.68085106383,0.8522657651066321,0.6775064601785682,1.3537202623431643,0.8735138171197484,1.3779266337459117,1.0375623503539044,0.9013963039014373
2024-09-22,23164.0,945072.0,737715.0,,,131192.0,102752.0,2560.0,2131910.0,2024,9,6,Sunday,True,False,2544627.2727272725,1099881.6666666667,99359.68992248061,105071.27659574468,17174.418604651164,886614.1509433961,2926.9662921348313,0.8378083591452937,0.6707221534437795,1.320374490926397,0.9779266354146627,1.3487501692620174,1.0659338100958597,0.8746257197696737
2024-09-23,34543.0,931098.0,1457916.0,,,250701.0,218237.0,7994.0,3898806.0,2024,9,0,Monday,False,False,5744982.089552239,2314379.365079365,326433.3333333333,287153.94736842107,29658.97435897436,951296.9072164949,17097.56097560976,0.6786454577622315,0.6299382123768654,0.7680006126825284,0.76,1.1646727760006916,0.9787669789912414,0.4675520684736091
2024-09-24,37488.0,936254.0,1500066.0,,,270524.0,240779.0,8938.0,4323708.0,2024,9,1,Tuesday,False,False,5762951.365079366,2323449.6794871795,327453.04878048785,288018.6728395062,29693.90243902439,952311.3494623655,17075.012370113807,0.7502593247965845,0.6456201798745593,0.8261459192623034,0.835983992378752,1.262481416074582,0.983138550778135,0.5234549648493418
2024-09-25,37829.0,945383.0,1487149.0,,,267471.0,236202.0,8904.0,4335945.0,2024,9,2,Wednesday,False,False,5785243.432835821,2325995.1836158196,327301.2780853142,288897.5016655563,29776.363636363632,953917.4934330168,17181.72682526661,0.7494835870501302,0.6393603092884261,0.8172012085155412,0.8175979322709426,1.2704371985101057,0.9910532163507114,0.5182249776492902
2024-09-26,37117.0,970082.0,1467648.0,,,264141.0,228971.0,8216.0,4295723.0,2024,9,3,Thursday,False,False,5772755.223880596,2314074.193548387,328298.75,287986.88524590165,29723.364485981307,952776.6990291262,17116.666666666668,0.7441373890632943,0.6342268558595858,0.8045751011845156,0.7950744000182157,1.248748270657779,1.018163018667971,0.48
2024-09-27,35968.0,1015362.0,1438524.0,,,258258.0,221034.0,6992.0,3945383.0,2024,9,4,Friday,False,False,5751001.871657753,2323600.806451613,327431.3093453273,287666.21052631584,29691.265201908216,951014.2857142857,17050.0,0.6860340316430334,0.6190925721861751,0.7887394779575789,0.7683697004093559,1.211400044942793,1.0676621952501841,0.41008797653958945
2024-09-28,22142.0,925863.0,863284.0,,,134408.0,132177.0,2928.0,2557982.0,2024,9,5,Saturday,True,False,3220394.520547945,1402825.0,118303.61445783133,152795.5223880597,17135.164835164833,953082.0,4144.68085106383,0.7943070278124692,0.6153896601500544,1.1361275867687795,0.8650580719525656,1.2921964984287824,0.9714410722267339,0.706447638603696
2024-09-29,22340.0,867370.0,664367.0,,,117572.0,102805.0,2782.0,1959363.0,2024,9,6,Sunday,True,False,2544627.2727272725,1099881.6666666667,99359.68992248061,105071.27659574468,17174.418604651164,886614.1509433961,2926.9662921348313,0.7700000000000001,0.6040349795205241,1.183296768455381,0.9784310549070033,1.3007718348002708,0.9782947848024763,0.9504721689059501
2024-09-30,34701.0,929271.0,1486507.0,,,256547.0,217897.0,7845.0,3849138.0,2024,9,0,Monday,False,False,5744982.089552239,2314379.365079365,326433.3333333333,287153.94736842107,29658.97435897436,951296.9072164949,17097.56097560976,0.67,0.6422918482722578,0.7859093229858062,0.7588159661285666,1.17,0.9768464429460378,0.45883737517831663
2024-10-01,38299.0,926619.0,1546620.0,,,247737.0,218836.0,9716.0,4179363.0,2024,10,1,Tuesday,False,False,5748704.710424711,2255897.9228855725,313633.75331564987,291107.8095238095,29750.885585003234,927888.2437758339,17826.632996632994,0.7270095109288073,0.6855895314720986,0.7898926610449051,0.7517352432350378,1.2873230240684224,0.9986321156838145,0.5450272074280718
2024-10-02,38330.0,945685.0,1504660.0,,,258854.0,227124.0,9543.0,4068073.0,2024,10,2,Wednesday,False,False,5737598.701298702,2255338.2352941176,314166.2921348315,289893.3333333333,29755.882352941175,929977.6699029126,17804.25531914894,0.709020133994243,0.6671549200263427,0.8239394437927383,0.7834743813816577,1.2881486606701593,1.0168900077984961,0.5359954588910133
2024-10-03,35952.0,930814.0,1333760.0,,,246586.0,217197.0,7273.0,3627528.0,2024,10,3,Thursday,False,False,5753361.111111111,2253958.8235294116,314336.5853658537,290771.6216216216,29730.10752688172,925780.198019802,17836.363636363636,0.6305058782064591,0.5917410673507789,0.784464842719471,0.746967667576021,1.209279178270462,1.0054373619040082,0.4077624872579001
2024-10-04,35371.0,951311.0,1313232.0,,,251723.0,215328.0,6361.0,3506654.0,2024,10,4,Friday,False,False,5756068.412698412,2247057.401129944,314450.7211538461,291025.6581256581,29758.2427184466,926983.2165109033,17936.086956521736,0.6092099239585133,0.5844229877437198,0.8005165295100202,0.7398935248074463,1.1886118523414742,1.0262440387870932,0.3546481468014448
2024-10-05,23775.0,970842.0,953356.0,,,142657.0,148928.0,4086.0,2710146.0,2024,10,5,Saturday,True,False,3329512.5,1388290.625,113551.48514851485,152183.58208955222,17687.96992481203,946215.6862745098,4541.772151898734,0.8139768209309921,0.6867121212462268,1.2563199839563333,0.9786075341055089,1.34413390010627,1.0260261102016288,0.8996488294314382
2024-10-06,23677.0,916583.0,737760.0,,,111257.0,105906.0,2534.0,2065294.0,2024,10,6,Sunday,True,False,2456172.56097561,1000988.799010278,91166.64021164022,105091.34735426871,18374.333529066353,844693.9814814815,3762.105263157895,0.8408586728856094,0.7370312242549127,1.220369641150762,1.0077518527094818,1.288590955560122,1.0851065830875635,0.6735590374930049
2024-10-07,35754.0,921480.0,1478576.0,,,250063.0,220335.0,8833.0,3847055.0,2024,10,0,Monday,False,False,5762367.908902692,2259552.5110590686,313900.3651411879,290869.15343915345,29762.116932032186,926695.552631579,17782.445442875483,0.6676170388316254,0.6543667353439734,0.7966317588943397,0.7575055566904298,1.2013258358486896,0.9943718812324412,0.49672583157222233
2024-10-08,39100.0,950149.0,1554839.0,,,275934.0,235974.0,10259.0,4256950.0,2024,10,1,Tuesday,False,False,5748704.710424711,2255897.9228855725,313633.75331564987,291107.8095238095,29750.885585003234,927888.2437758339,17826.632996632994,0.7405059425439682,0.6892328700809159,0.8797968875572274,0.8106069032843993,1.3142465923673023,1.023990772998245,0.5754872500004723
2024-10-09,39877.0,962957.0,1555422.0,,,275026.0,234694.0,9926.0,4313211.0,2024,10,2,Wednesday,False,False,5737598.701298702,2255338.2352941176,314166.2921348315,289893.3333333333,29755.882352941175,929977.6699029126,17804.25531914894,0.7517449763476326,0.6896624087948201,0.8754153672284054,0.8095874344586516,1.3401383809429674,1.0354624967506267,0.5575071701720841
2024-10-10,38911.0,995629.0,1534201.0,,,272428.0,233710.0,9495.0,4329161.0,2024,10,3,Thursday,False,False,5753361.111111111,2253958.8235294116,314336.5853658537,290771.6216216216,29730.10752688172,925780.198019802,17836.363636363636,0.7524577227804038,0.680669488716585,0.8666760812551405,0.8037579413582686,1.3088079134869255,1.075448580699394,0.5323394495412844
2024-10-11,37027.0,1026778.0,1435476.0,,,257460.0,224122.0,7977.0,3868564.0,2024,10,4,Friday,False,False,5756068.412698412,2247057.401129944,314450.7211538461,291025.6581256581,29758.2427184466,926983.2165109033,17936.086956521736,0.6720844372637397,0.6388248022850523,0.8187610416515368,0.7701107917544141,1.2442602995857557,1.1076554372415899,0.4447458366664243
2024-10-12,23525.0,961732.0,940999.0,,,149093.0,144234.0,3409.0,2587128.0,2024,10,5,Saturday,True,False,3329512.5,1388290.625,113551.48514851485,152183.58208955222,17687.96992481203,946215.6862745098,4541.772151898734,0.7770290695709957,0.6778112471947292,1.3129991193422097,0.9477632082225906,1.33,1.01639828418675,0.750588071348941
2024-10-13,23354.0,915669.0,744866.0,,,127619.0,120235.0,3574.0,2153429.0,2024,10,6,Sunday,True,False,2456172.56097561,1000988.799010278,91166.64021164022,105091.34735426871,18374.333529066353,844693.9814814815,3762.105263157895,0.876741738025378,0.7441302047899857,1.3998431850042612,1.1440999000106185,1.2710120866727663,1.084024534416639,0.95
2024-10-14,26827.0,915402.0,1076828.0,,,240501.0,225263.0,5124.0,3066851.0,2024,10,0,Monday,False,False,5762367.908902692,2259552.5110590686,313900.3651411879,290869.15343915345,29762.116932032186,926695.552631579,17782.445442875483,0.5322206163306241,0.47656692850890325,0.7661698637777183,0.7744478826185414,0.9013807741319235,0.9878130928766107,0.28814934461406855
2024-10-15,38788.0,960559.0,1487706.0,,,270652.0,249266.0,9369.0,4284818.0,2024,10,1,Tuesday,False,False,5748704.710424711,2255897.9228855725,313633.75331564987,291107.8095238095,29750.885585003234,927888.2437758339,17826.632996632994,0.7453536432702663,0.659473988121342,0.8629555879708144,0.8562669631149579,1.303759509584218,1.0352097964849947,0.5255619500199263
2024-10-16,39579.0,955971.0,1495298.0,,,279608.0,236091.0,9783.0,4357117.0,2024,10,2,Wednesday,False,False,5737598.701298702,2255338.2352941176,314166.2921348315,289893.3333333333,29755.882352941175,929977.6699029126,17804.25531914894,0.7593973065794527,0.6630038796841481,0.8899999999999999,0.814406448348818,1.3301235544133638,1.027950488423879,0.5494753824091777
2024-10-17,37093.0,946905.0,1496057.0,,,277906.0,237000.0,9362.0,4309633.0,2024,10,3,Thursday,False,False,5753361.111111111,2253958.8235294116,314336.5853658537,290771.6216216216,29730.10752688172,925780.198019802,17836.363636363636,0.749063532910714,0.6637463756579927,0.8841032604478654,0.8150726631376906,1.247657781474918,1.0228183774349278,0.5248827726809379
2024-10-18,36732.0,998473.0,1443165.0,,,272133.0,229999.0,8258.0,4030998.0,2024,10,4,Friday,False,False,5756068.412698412,2247057.401129944,314450.7211538461,291025.6581256581,29758.2427184466,926983.2165109033,17936.086956521736,0.7003040462665889,0.6422466107337967,0.8654233610959282,0.7903048874841536,1.2343470798169978,1.0771209038262624,0.46041257605507485
2024-10-19,24053.0,985303.0,930951.0,,,156212.0,147214.0,3588.0,2752350.0,2024,10,5,Saturday,True,False,3329512.5,1388290.625,113551.48514851485,152183.58208955222,17687.96992481203,946215.6862745098,4541.772151898734,0.8266525504859946,0.6705735695650902,1.3756931474360652,0.9673448211606173,1.359850797024442,1.0413090950535675,0.79
2024-10-20,24069.0,943247.0,733271.0,,,127452.0,122789.0,2606.0,2176476.0,2024,10,6,Sunday,True,False,2456172.56097561,1000988.799010278,91166.64021164022,105091.34735426871,18374.333529066353,844693.9814814815,3762.105263157895,0.8861250364003284,0.7325466585890048,1.3980113746006715,1.1684025668266629,1.309925062692764,1.1166730445334412,0.6926972579742585
2024-10-21,35133.0,942132.0,1471964.0,,,247857.0,219983.0,8975.0,3842315.0,2024,10,0,Monday,False,False,5762367.908902692,2259552.5110590686,313900.3651411879,290869.15343915345,29762.116932032186,926695.552631579,17782.445442875483,0.6667944603231137,0.6514404922194439,0.7896040512361859,0.7562953905527077,1.1804603845967447,1.0166575174819663,0.5047112349553601
2024-10-22,38656.0,937004.0,1528809.0,,,268294.0,237771.0,9628.0,4218881.0,2024,10,1,Tuesday,False,False,5748704.710424711,2255897.9228855725,313633.75331564987,291107.8095238095,29750.885585003234,927888.2437758339,17826.632996632994,0.7338837551265199,0.6776942274251772,0.8554372645280348,0.8167798740574593,1.2993226668682978,1.0098241962707402,0.540090773272692
2024-10-23,39211.0,934747.0,1537563.0,,,257031.0,233881.0,9629.0,4276606.0,2024,10,2,Wednesday,False,False,5737598.701298702,2255338.2352941176,314166.2921348315,289893.3333333333,29755.882352941175,929977.6699029126,17804.25531914894,0.7453651296721037,0.6817438626004969,0.8181367843552402,0.8067829546499863,1.3177562518533164,1.0051284350704737,0.5408257648183555
2024-10-24,36754.0,936511.0,1484054.0,,,260193.0,232459.0,9653.0,4304831.0,2024,10,3,Thursday,False,False,5753361.111111111,2253958.8235294116,314336.5853658537,290771.6216216216,29730.10752688172,925780.198019802,17836.363636363636,0.7482288903587758,0.6584210787294512,0.8277528360154565,0.7994555957819596,1.2362551991030417,1.0115910904155767,0.541197757390418
2024-10-25,36635.0,988880.0,1376080.0,,,262815.0,223941.0,8083.0,4019790.0,2024,10,4,Friday,False,False,5756068.412698412,2247057.401129944,314450.7211538461,291025.6581256581,29758.2427184466,926983.2165109033,17936.086956521736,0.6983568838639889,0.6123920106838532,0.835790737052935,0.7694888534649666,1.231087478740491,1.0667722806482642,0.4506557098877658
2024-10-26,24066.0,992081.0,960099.0,,,143111.0,148103.0,3423.0,2828539.0,2024,10,5,Saturday,True,False,3329512.5,1388290.625,113551.48514851485,152183.58208955222,17687.96992481203,946215.6862745098,4541.772151898734,0.8495354800440005,0.6915691734214513,1.2603181703244482,0.9731864499867601,1.360585759829968,1.0484723667032763,0.753670568561873
2024-10-27,23888.0,922563.0,740417.0,,,120849.0,115917.0,2556.0,2208683.0,2024,10,6,Sunday,True,False,2456172.56097561,1000988.799010278,91166.64021164022,105091.34735426871,18374.333529066353,844693.9814814815,3762.105263157895,0.8992377144392065,0.7396855996111876,1.3255835656491586,1.1030118360671257,1.3000743652667228,1.0921860700154944,0.6794068270844991
2024-10-28,35666.0,931469.0,1473020.0,,,253923.0,229873.0,8936.0,3983168.0,2024,10,0,Monday,False,False,5762367.908902692,2259552.5110590686,313900.3651411879,290869.15343915345,29762.116932032186,926695.552631579,17782.445442875483,0.6912380575086364,0.6519078413935974,0.8089286544339923,0.7902969334563241,1.1983690569273189,1.0051510416283596,0.5025180607867518
2024-10-29,38621.0,944545.0,1514830.0,,,272526.0,249585.0,9803.0,4378791.0,2024,10,1,Tuesday,False,False,5748704.710424711,2255897.9228855725,313633.75331564987,291107.8095238095,29750.885585003234,927888.2437758339,17826.632996632994,0.7617004561148345,0.6714975817976485,0.8689307101641006,0.8573627770696636,1.2981462312996825,1.0179512525736776,0.5499075457407768
2024-10-30,40468.0,975195.0,1533630.0,,,267007.0,246035.0,9878.0,4417951.0,2024,10,2,Wednesday,False,False,5737598.701298702,2255338.2352941176,314166.2921348315,289893.3333333333,29755.882352941175,929977.6699029126,17804.25531914894,0.77,0.68,0.8498906683642814,0.8487087204489008,1.36,1.0486219525053844,0.5548111854684512
2024-10-31,37639.0,957578.0,1423507.0,,,257756.0,221856.0,8741.0,4340272.0,2024,10,3,Thursday,False,False,5753361.111111111,2253958.8235294116,314336.5853658537,290771.6216216216,29730.10752688172,925780.198019802,17836.363636363636,0.7543889417297136,0.6315585649302013,0.82,0.7629905517007404,1.2660230026402401,1.0343470318853352,0.4900662589194699
2024-11-01,37306.0,991957.0,1290003.0,,,213535.0,185052.0,6363.0,3780874.0,2024,11,4,Friday,False,False,5603684.375,2173806.153846154,326782.6666666667,284676.4705882353,31152.06611570248,942817.6470588235,16980.0,0.6747121620317882,0.5934305585240776,0.6534465312317667,0.6500431862795744,1.1975449673688119,1.052119678810075,0.37473498233215546
2024-11-02,24481.0,945493.0,924453.0,,,138761.0,134522.0,3273.0,2817106.0,2024,11,5,Saturday,True,False,3163074.418604651,1314585.7142857143,115327.73109243698,151124.39024390245,16958.181818181816,908835.5769230769,3471.4285714285716,0.8906227382543626,0.7032276328229425,1.2031885018944912,0.8901408950791626,1.4436099496086632,1.0403344939477714,0.9428395061728395
2024-11-03,21758.0,794485.0,647668.0,,,132720.0,123028.0,4095.0,2602870.0,2024,11,6,Sunday,True,False,2525686.7934882017,996664.4871794871,94493.67346938775,104049.31084715374,18814.851616322205,823135.2092352093,3065.11946729338,1.030559294490035,0.6498355347574082,1.404538474663027,1.1824009116285792,1.1564268719039252,0.9651937993737034,1.3360001277914446
2024-11-04,36716.0,912585.0,1450761.0,,,243884.0,216014.0,7765.0,3949699.0,2024,11,0,Monday,False,False,5636705.812807882,2184359.351325758,327818.6764379303,286024.43277310923,31191.57647907648,943581.6917293234,16987.22943722944,0.7007105091462078,0.6641585777173004,0.7439600533137329,0.7552291876105373,1.177112674142307,0.967149964861532,0.4571080898561435
2024-11-05,36106.0,862543.0,1321929.0,,,244078.0,213516.0,6691.0,3640246.0,2024,11,1,Tuesday,False,False,5625737.7049180325,2190970.6896551726,327065.2777777778,286282.9268292683,31157.547169811318,942660.8247422681,16970.454545454544,0.647069982807355,0.6033531193464083,0.7462669276860293,0.74582163304253,1.1588203591001303,0.9150088529836031,0.39427346993437795
2024-11-06,40044.0,933303.0,1490566.0,,,256311.0,221461.0,8324.0,4113411.0,2024,11,2,Wednesday,False,False,5628739.140504375,2188876.9153225804,327509.72222222225,286570.60690943047,31232.67399267399,943337.5216903134,17038.322050290135,0.7307872859838037,0.6809729636078379,0.782605775061809,0.7727973304323981,1.2821188480177141,0.9893627450837182,0.4885457602826715
2024-11-07,39248.0,964142.0,1499670.0,,,259228.0,226007.0,8177.0,4232190.0,2024,11,3,Thursday,False,False,5653378.947368421,2185431.746031746,327975.0,286084.8101265823,31149.20634920635,940648.0769230769,16962.222222222223,0.7486124739559574,0.6862122336801708,0.7903895113956857,0.79,1.26,1.0249763154290108,0.48207126948775053
2024-11-08,38062.0,996532.0,1428851.0,,,245087.0,213611.0,7038.0,3971878.0,2024,11,4,Friday,False,False,5603684.375,2173806.153846154,326782.6666666667,284676.4705882353,31152.06611570248,942817.6470588235,16980.0,0.7087975935475488,0.6573037791212011,0.75,0.7503640871990908,1.2218130206398896,1.0569721548050588,0.4144876325088339
2024-11-09,24198.0,929261.0,920210.0,,,133329.0,134651.0,3270.0,2770474.0,2024,11,5,Saturday,True,False,3163074.418604651,1314585.7142857143,115327.73109243698,151124.39024390245,16958.181818181816,908835.5769230769,3471.4285714285716,0.8758801195775086,0.7,1.1560879481200816,0.8909944965381449,1.426921839819878,1.0224742776312463,0.9419753086419753
2024-11-10,23972.0,873934.0,713083.0,,,105256.0,103048.0,2321.0,2117144.0,2024,11,6,Sunday,True,False,2525686.7934882017,996664.4871794871,94493.67346938775,104049.31084715374,18814.851616322205,823135.2092352093,3065.11946729338,0.838244870844034,0.7154694575483379,1.1138946781881522,0.9903765739628526,1.2740998700836885,1.061713786744694,0.7572298648605478
2024-11-11,28032.0,869107.0,1173328.0,,,236005.0,206579.0,5534.0,3277617.0,2024,11,0,Monday,False,False,5636705.812807882,2184359.351325758,327818.6764379303,286024.43277310923,31191.57647907648,943581.6917293234,16987.22943722944,0.5814773927978476,0.5371497136164293,0.7199254251296007,0.7222424951503013,0.8987041747891151,0.9210723434101059,0.32577413641518327
2024-11-12,39828.0,927474.0,1487306.0,,,264372.0,234752.0,8595.0,4263199.0,2024,11,1,Tuesday,False,False,5625737.7049180325,2190970.6896551726,327065.2777777778,286282.9268292683,31157.547169811318,942660.8247422681,16970.454545454544,0.7578026604889705,0.6788342751559495,0.8083157032022998,0.8200000000000001,1.2782777727314016,0.9838894071508485,0.5064684612294095
2024-11-13,41143.0,939051.0,1496105.0,,,257349.0,229455.0,8342.0,4331024.0,2024,11,2,Wednesday,False,False,5628739.140504375,2188876.9153225804,327509.72222222225,286570.60690943047,31232.67399267399,943337.5216903134,17038.322050290135,0.7694483421400675,0.6835034850644013,0.7857751466241459,0.8006927244723265,1.3173063571070027,0.9954560042490067,0.48960220233998625
2024-11-14,40039.0,965409.0,1476496.0,,,251765.0,217969.0,8022.0,4296568.0,2024,11,3,Thursday,False,False,5653378.947368421,2185431.746031746,327975.0,286084.8101265823,31149.20634920635,940648.0769230769,16962.222222222223,0.76,0.6756083792966703,0.7676347282567269,0.7619034366192198,1.2853939054219323,1.0263232591278109,0.4729333158653216
2024-11-15,39068.0,991883.0,1386340.0,,,247886.0,214139.0,6829.0,3986526.0,2024,11,4,Friday,False,False,5603684.375,2173806.153846154,326782.6666666667,284676.4705882353,31152.06611570248,942817.6470588235,16980.0,0.7114115880232815,0.6377477575666644,0.7585653257822732,0.7522188242587043,1.2541062238021965,1.0520411906737626,0.40217903415783274
2024-11-16,24556.0,925881.0,919983.0,,,137240.0,132742.0,3013.0,2789132.0,2024,11,5,Saturday,True,False,3163074.418604651,1314585.7142857143,115327.73109243698,151124.39024390245,16958.181818181816,908835.5769230769,3471.4285714285716,0.8817788110184234,0.6998273220243205,1.19,0.8783625183583221,1.4480325935456204,1.0187552330803682,0.8679423868312757
2024-11-17,24320.0,868401.0,719084.0,,,118405.0,101707.0,2403.0,2101806.0,2024,11,6,Sunday,True,False,2525686.7934882017,996664.4871794871,94493.67346938775,104049.31084715374,18814.851616322205,823135.2092352093,3065.11946729338,0.8321720671854232,0.7214905409492148,1.2530468512091297,0.9774884540024052,1.292595896897852,1.054991926304365,0.7839824925721225
2024-11-18,36682.0,912553.0,1442803.0,,,246602.0,214015.0,7739.0,3900958.0,2024,11,0,Monday,False,False,5636705.812807882,2184359.351325758,327818.6764379303,286024.43277310923,31191.57647907648,943581.6917293234,16987.22943722944,0.6920634373247107,0.6605154042645577,0.7522512221682159,0.7482402741788454,1.1760226362590724,0.9671160515286638,0.45557752831895615
2024-11-19,39803.0,930306.0,1504152.0,,,260621.0,235198.0,8396.0,4277932.0,2024,11,1,Tuesday,False,False,5625737.7049180325,2190970.6896551726,327065.2777777778,286282.9268292683,31157.547169811318,942660.8247422681,16970.454545454544,0.7604215170323747,0.6865231046229705,0.7968470446351602,0.8215578994002182,1.2774753989160386,0.9868936690504286,0.49474219900897287
2024-11-20,41321.0,959174.0,1508975.0,,,261795.0,232558.0,8694.0,4298945.0,2024,11,2,Wednesday,False,False,5628739.140504375,2188876.9153225804,327509.72222222225,286570.60690943047,31232.67399267399,943337.5216903134,17038.322050290135,0.7637491972340335,0.6893832126589076,0.7993503161483755,0.8115207714708126,1.3230055169049038,1.0167877116573398,0.5102615136830305
2024-11-21,38930.0,932654.0,1352576.0,,,247779.0,217248.0,7755.0,4217744.0,2024,11,3,Thursday,False,False,5653378.947368421,2185431.746031746,327975.0,286084.8101265823,31149.20634920635,940648.0769230769,16962.222222222223,0.7460571879695609,0.6189056246922261,0.7554813629087583,0.7593832049449796,1.249791072156543,0.9915015220684594,0.457192453818944
2024-11-22,37694.0,968176.0,1304306.0,,,240803.0,205229.0,6493.0,3854860.0,2024,11,4,Friday,False,False,5603684.375,2173806.153846154,326782.6666666667,284676.4705882353,31152.06611570248,942817.6470588235,16980.0,0.6879152611089021,0.6000102620430383,0.7368903695422442,0.720920136377725,1.21,1.0268963494905758,0.38239104829210835
2024-11-23,23654.0,928381.0,903100.0,,,144950.0,134514.0,3057.0,2720244.0,2024,11,5,Saturday,True,False,3163074.418604651,1314585.7142857143,115327.73109243698,151124.39024390245,16958.181818181816,908835.5769230769,3471.4285714285716,0.8600000000000001,0.6869844926701514,1.2568529583211892,0.8900879585545746,1.3948429291304816,1.0215060056771714,0.8806172839506172
2024-11-24,24470.0,850067.0,712523.0,,,115037.0,104157.0,2333.0,2075015.0,2024,11,6,Sunday,True,False,2525686.7934882017,996664.4871794871,94493.67346938775,104049.31084715374,18814.851616322205,823135.2092352093,3065.11946729338,0.8215646553443853,0.7149075834099458,1.2174042533891698,1.0010349818943487,1.3005683222487845,1.0327185503215366,0.7611448835500465
2024-11-25,37257.0,930619.0,1440435.0,,,259180.0,221649.0,8190.0,3914213.0,2024,11,0,Monday,False,False,5636705.812807882,2184359.351325758,327818.6764379303,286024.43277310923,31191.57647907648,943581.6917293234,16987.22943722944,0.69441498811345,0.6594313335513013,0.7906199940047453,0.7749303017614042,1.1944571004608326,0.9862622475160934,0.48212688421401356
2024-11-26,39718.0,985462.0,1412275.0,,,263231.0,233673.0,8100.0,4030009.0,2024,11,1,Tuesday,False,False,5625737.7049180325,2190970.6896551726,327065.2777777778,286282.9268292683,31157.547169811318,942660.8247422681,16970.454545454544,0.7163520966284932,0.6445887234677119,0.8048271029823302,0.8162310012268267,1.2747473279438037,1.0454046398601895,0.4773001205303335
2024-11-27,35540.0,1011962.0,1370366.0,,,284694.0,243529.0,7495.0,3710430.0,2024,11,2,Wednesday,False,False,5628739.140504375,2188876.9153225804,327509.72222222225,286570.60690943047,31232.67399267399,943337.5216903134,17038.322050290135,0.6591938100843521,0.6260589576358366,0.8692688512215497,0.849804530291435,1.1379108944798113,1.0727464738036947,0.439890734420786
2024-11-28,26674.0,872215.0,462819.0,,,115895.0,103402.0,2095.0,1513447.0,2024,11,3,Thursday,False,False,5653378.947368421,2185431.746031746,327975.0,286084.8101265823,31149.20634920635,940648.0769230769,16962.222222222223,0.26770662538100176,0.21177463027174176,0.35336534796859514,0.36143827403575995,0.8563300040766408,0.9272490120354829,0.12350976025153937
2024-11-29,19887.0,833275.0,910730.0,,,243219.0,219251.0,4139.0,2677499.0,2024,11,4,Friday,False,False,5603684.375,2173806.153846154,326782.6666666667,284676.4705882353,31152.06611570248,942817.6470588235,16980.0,0.47781045840933895,0.4189563997639022,0.7442836625361606,0.7701760512449634,0.6383846235475141,0.8838135376437338,0.24375736160188458
2024-11-30,19542.0,896098.0,787685.0,,,148820.0,135368.0,2916.0,2319981.0,2024,11,5,Saturday,True,False,3163074.418604651,1314585.7142857143,115327.73109243698,151124.39024390245,16958.181818181816,908835.5769230769,3471.4285714285716,0.7334576089497854,0.5991887721281012,1.290409501603031,0.8957389325543487,1.1523641042135737,0.9859847289801299,0.84
2024-12-01,22046.0,898099.0,629660.0,,,116806.0,103768.0,2006.0,1893492.0,2024,12,6,Sunday,True,False,2545125.7228719946,980215.2346041056,106420.31155474894,107722.00459176351,17861.851958525345,795059.8224195337,3387.976190476191,0.743967963147741,0.6423691223839327,1.0975912238323795,0.96329436490949,1.2342505161945196,1.1295992762744524,0.5920938894550054
2024-12-02,36224.0,939767.0,1371135.0,,,240375.0,209021.0,7622.0,3813795.0,2024,12,0,Monday,False,False,5356369.230769231,2004322.222222222,315470.68965517246,278594.5945945946,29126.956521739132,885151.5151515151,15584.444444444443,0.7120112217230959,0.6840891074289452,0.7619566821334294,0.7502694024058982,1.2436589443515642,1.0617018486819583,0.4890774276343933
2024-12-03,40193.0,947535.0,1455281.0,,,266544.0,234201.0,8289.0,4240442.0,2024,12,1,Tuesday,False,False,5351988.235294118,1998182.8571428573,315567.85714285716,279232.9411764706,29125.362318840584,884767.3469387755,15622.448979591836,0.7923115323826879,0.7283022145835358,0.844648762435066,0.8387298397290055,1.38,1.0709425514836137,0.5305826257348139
2024-12-04,41858.0,951063.0,1446527.0,,,254632.0,224379.0,8265.0,4374883.0,2024,12,2,Wednesday,False,False,5328986.111111112,1998535.4166666667,314553.5802469136,278541.7327425373,29102.604166666664,884639.0717754991,15592.26785053644,0.8209597301967488,0.7237935279689188,0.8095027874110438,0.8055489487724227,1.4382905309877052,1.0750859083029036,0.5300704220339345
2024-12-05,39358.0,956993.0,1401376.0,,,254255.0,215246.0,7971.0,4354863.0,2024,12,3,Thursday,False,False,5323077.142857144,2001965.7142857143,316324.59016393445,278548.3333333334,29079.120879120877,887495.2380952381,15590.90909090909,0.818110067377784,0.7,0.8037788016044942,0.7727420136541233,1.353479706749301,1.0783077575198257,0.5112594752186589
2024-12-06,38598.0,992202.0,1340421.0,,,242555.0,206009.0,6812.0,4121085.0,2024,12,4,Friday,False,False,5357951.064754454,2006115.976535542,314922.4775224775,278818.6326156665,29122.47927031509,884935.9170024865,15644.787644787644,0.7691531613846239,0.6681672523813091,0.7702054229606006,0.738863820066036,1.325367927700559,1.1212133906383326,0.4354165844027641
2024-12-07,24071.0,922341.0,883693.0,,,149946.0,139193.0,2926.0,3017208.0,2024,12,5,Saturday,True,False,3318082.161588412,1269123.360215054,128093.1411862991,157152.23964165733,17254.941520467837,883727.2134387351,4967.299107142857,0.9093228717867615,0.6963018944433089,1.1706013187850397,0.8857207528024515,1.3950206653234347,1.0436942372873321,0.5890525085941538
2024-12-08,24671.0,854879.0,708798.0,,,122147.0,107390.0,2395.0,2348950.0,2024,12,6,Sunday,True,False,2545125.7228719946,980215.2346041056,106420.31155474894,107722.00459176351,17861.851958525345,795059.8224195337,3387.976190476191,0.922921008927361,0.7231044519383266,1.147779011501581,0.996917950115933,1.3812117610920347,1.0752385869511352,0.7069116975297796
2024-12-09,36847.0,904158.0,1369917.0,,,243001.0,211638.0,7292.0,3941361.0,2024,12,0,Monday,False,False,5356369.230769231,2004322.222222222,315470.68965517246,278594.5945945946,29126.956521739132,885151.5151515151,15584.444444444443,0.7358269809629944,0.6834814207074712,0.770280751804911,0.7596629802095459,1.2650480654406495,1.0214725778842861,0.46790246684728365
2024-12-10,40973.0,939890.0,1444209.0,,,265077.0,234161.0,8214.0,4374063.0,2024,12,1,Tuesday,False,False,5351988.235294118,1998182.8571428573,315567.85714285716,279232.9411764706,29125.362318840584,884767.3469387755,15622.448979591836,0.8172781418230498,0.7227611801579721,0.84,0.838586590154541,1.4067807827233596,1.0623018618984352,0.5257818419333768
2024-12-11,39455.0,908825.0,1353141.0,,,253052.0,222538.0,7923.0,4255328.0,2024,12,2,Wednesday,False,False,5328986.111111112,1998535.4166666667,314553.5802469136,278541.7327425373,29102.604166666664,884639.0717754991,15592.26785053644,0.7985248809576555,0.6770663100166059,0.8044797957834815,0.7989395262565453,1.3557206006049,1.0273398824403708,0.5081364735359786
2024-12-12,41074.0,998457.0,1431599.0,,,269149.0,236210.0,8108.0,4527892.0,2024,12,3,Thursday,False,False,5323077.142857144,2001965.7142857143,316324.59016393445,278548.3333333334,29079.120879120877,887495.2380952381,15590.90909090909,0.8506155140125715,0.7150966621377846,0.8508633485007099,0.8480036379084419,1.4124911193409417,1.1250280081985684,0.5200466472303207
2024-12-13,39020.0,1018065.0,1347451.0,,,248254.0,222096.0,6931.0,4178812.0,2024,12,4,Friday,False,False,5357951.064754454,2006115.976535542,314922.4775224775,278818.6326156665,29122.47927031509,884935.9170024865,15644.787644787644,0.7799272426149916,0.6716715363221312,0.7883019400616805,0.7965608249221457,1.3398584522222865,1.1504392357002042,0.44302295162882527
2024-12-14,25602.0,952890.0,882335.0,,,161398.0,159083.0,3452.0,3123454.0,2024,12,5,Saturday,True,False,3318082.161588412,1269123.360215054,128093.1411862991,157152.23964165733,17254.941520467837,883727.2134387351,4967.299107142857,0.9413431759341244,0.6952318644977803,1.2600050127997269,1.0122859232725236,1.4837488709904272,1.0782625967713957,0.6949450648212641
2024-12-15,24831.0,871064.0,694080.0,,,120386.0,108880.0,2376.0,2337436.0,2024,12,6,Sunday,True,False,2545125.7228719946,980215.2346041056,106420.31155474894,107722.00459176351,17861.851958525345,795059.8224195337,3387.976190476191,0.9183970673803762,0.7080893823082933,1.1312314185254595,1.0107498501594447,1.390169398876264,1.095595545690096,0.7013036297831968
2024-12-16,37015.0,898674.0,1277624.0,,,239706.0,206160.0,7096.0,3866550.0,2024,12,0,Monday,False,False,5356369.230769231,2004322.222222222,315470.68965517246,278594.5945945946,29126.956521739132,885151.5151515151,15584.444444444443,0.7218602440229317,0.6374344333634535,0.7598360413831547,0.74,1.2708159183186052,1.0152770284149264,0.45532582347069733
2024-12-17,40830.0,951799.0,1457557.0,,,266960.0,237348.0,8439.0,4341385.0,2024,12,1,Tuesday,False,False,5351988.235294118,1998182.8571428573,315567.85714285716,279232.9411764706,29125.362318840584,884767.3469387755,15622.448979591836,0.811172373543422,0.7294412494780972,0.8459670209033601,0.85,1.4018709725574103,1.075761897512548,0.5401841933376879
2024-12-18,41792.0,970284.0,1430923.0,,,266741.0,229302.0,8068.0,4292792.0,2024,12,2,Wednesday,False,False,5328986.111111112,1998535.4166666667,314553.5802469136,278541.7327425373,29102.604166666664,884639.0717754991,15592.26785053644,0.8055551113277227,0.7159858104424386,0.8479986137516464,0.8232231405408441,1.4360226927000377,1.096813413466589,0.5174359546242933
2024-12-19,40565.0,1000668.0,1431183.0,,,267033.0,227613.0,7861.0,4255466.0,2024,12,3,Thursday,False,False,5323077.142857144,2001965.7142857143,316324.59016393445,278548.3333333334,29079.120879120877,887495.2380952381,15590.90909090909,0.7994372213279428,0.7148888663713379,0.844174017143627,0.8171400534916141,1.3949871513868946,1.1275192891712362,0.5042040816326531
2024-12-20,38582.0,991204.0,1296068.0,,,247250.0,213269.0,6493.0,3842344.0,2024,12,4,Friday,False,False,5357951.064754454,2006115.976535542,314922.4775224775,278818.6326156665,29122.47927031509,884935.9170024865,15644.787644787644,0.7171293566444858,0.6460583611114259,0.7851138538764754,0.7649022520456069,1.3248185239272234,1.1200856253608416,0.41502640671273444
2024-12-21,23289.0,902693.0,788267.0,,,147327.0,138248.0,2973.0,2645323.0,2024,12,5,Saturday,True,False,3318082.161588412,1269123.360215054,128093.1411862991,157152.23964165733,17254.941520467837,883727.2134387351,4967.299107142857,0.7972445741770443,0.6211114102150224,1.150155259177594,0.8797074754724254,1.3497003146822928,1.0214611322055658,0.5985143909946751
2024-12-22,23526.0,833463.0,607735.0,,,121379.0,110023.0,2330.0,2061173.0,2024,12,6,Sunday,True,False,2545125.7228719946,980215.2346041056,106420.31155474894,107722.00459176351,17861.851958525345,795059.8224195337,3387.976190476191,0.8098511525293579,0.6200015859225604,1.1405623440366965,1.021360495629065,1.3171086656986424,1.0483022490856064,0.6877262026072595
2024-12-23,33496.0,942818.0,1087369.0,,,253495.0,210375.0,5776.0,3216875.0,2024,12,0,Monday,False,False,5356369.230769231,2004322.222222222,315470.68965517246,278594.5945945946,29126.956521739132,885151.5151515151,15584.444444444443,0.6005700618099516,0.542512071135158,0.8035453318249139,0.7551295110593713,1.15,1.0651487161930846,0.3706259803222587
2024-12-24,29443.0,894279.0,906044.0,,,211807.0,173267.0,4272.0,2546394.0,2024,12,1,Tuesday,False,False,5351988.235294118,1998182.8571428573,315567.85714285716,279232.9411764706,29125.362318840584,884767.3469387755,15622.448979591836,0.4757846781514951,0.4534339771563878,0.6711932004662796,0.6205106004685104,1.0109058791331822,1.0107504567094774,0.2734526453298498
2024-12-25,18972.0,749496.0,417229.0,,,87185.0,66693.0,1848.0,1378374.0,2024,12,2,Wednesday,False,False,5328986.111111112,1998535.4166666667,314553.5802469136,278541.7327425373,29102.604166666664,884639.0717754991,15592.26785053644,0.25865595654791534,0.20876737861162914,0.277170585474064,0.23943629323813362,0.6519004241458919,0.8472336616285072,0.11852028311176177
2024-12-26,25211.0,872652.0,982867.0,,,240534.0,203127.0,5222.0,2852679.0,2024,12,3,Thursday,False,False,5323077.142857144,2001965.7142857143,316324.59016393445,278548.3333333334,29079.120879120877,887495.2380952381,15590.90909090909,0.53590788249761,0.490950965336926,0.7604024710040527,0.7292343040405913,0.8669794422190311,0.9832751349437153,0.3349387755102041
2024-12-27,30638.0,909970.0,1058666.0,,,254609.0,225114.0,5656.0,3161486.0,2024,12,4,Friday,False,False,5357951.064754454,2006115.976535542,314922.4775224775,278818.6326156665,29122.47927031509,884935.9170024865,15644.787644787644,0.5900550344322499,0.5277192407531001,0.8084815094909424,0.8073850656541492,1.0520395504660793,1.02828914785413,0.36152615992102666
2024-12-28,19881.0,815989.0,726217.0,,,139519.0,119418.0,2757.0,2268511.0,2024,12,5,Saturday,True,False,3318082.161588412,1269123.360215054,128093.1411862991,157152.23964165733,17254.941520467837,883727.2134387351,4967.299107142857,0.6836813826557063,0.5722193939263256,1.0891996144983525,0.7598873568222767,1.1521916765940428,0.9233494087217774,0.5550299952816411
2024-12-29,22149.0,813671.0,664694.0,,,127153.0,107415.0,2629.0,2122120.0,2024,12,6,Sunday,True,False,2545125.7228719946,980215.2346041056,106420.31155474894,107722.00459176351,17861.851958525345,795059.8224195337,3387.976190476191,0.833797710238588,0.678110252253384,1.1948189038573236,0.9971500289757235,1.2400169955181175,1.0234085248124205,0.775979479250852
2024-12-30,31713.0,900106.0,1111524.0,,,248532.0,209077.0,6159.0,3316046.0,2024,12,0,Monday,False,False,5356369.230769231,2004322.222222222,315470.68965517246,278594.5945945946,29126.956521739132,885151.5151515151,15584.444444444443,0.6190846555071747,0.554563526600846,0.7878132839271367,0.750470411331005,1.0887852280869357,1.0168948305374872,0.39520176814487384
2024-12-31,31482.0,822039.0,985813.0,,,223942.0,186037.0,4926.0,2874166.0,2024,12,1,Tuesday,False,False,5351988.235294118,1998182.8571428573,315567.85714285716,279232.9411764706,29125.362318840584,884767.3469387755,15622.448979591836,0.5370277126257641,0.49335474802820845,0.7096476872757727,0.6662430271163018,1.0809135919189907,0.9291018738928255,0.3153154800783802
2025-01-01,12417.0,680486.0,496604.0,,,90318.0,74690.0,2040.0,1779501.0,2025,1,2,Wednesday,False,False,5155313.043478262,2043222.5806451612,301629.1666666667,268885.5263157895,28261.05263157895,868683.3333333334,16400.0,0.34517806872099865,0.24304938908965756,0.29943390752994153,0.2777762009855495,0.4393679231227651,0.7833533508566605,0.12439024390243902
2025-01-02,31265.0,834692.0,1208636.0,,,210914.0,165475.0,6548.0,3377364.0,2025,1,3,Thursday,False,False,5138548.1409544945,2045409.1208791207,303636.27413127414,268106.5839481333,28271.446776611694,869319.7641509434,16370.038759689924,0.6572603598051819,0.5909018336050668,0.6946271508680594,0.6171985691780403,1.105886099393569,0.9601668274679525,0.3999990529114685
2025-01-03,35900.0,850636.0,1234565.0,,,203652.0,163577.0,6243.0,3413456.0,2025,1,4,Friday,False,False,5129050.134310134,2047720.1129943505,301619.1314553991,268270.5018939394,28288.191287878788,869741.1204481793,16363.233923578751,0.6655142590956787,0.6028973355126712,0.6751958969489783,0.6097465015541295,1.2690807847931513,0.9780335550441327,0.38152604975011034
2025-01-04,21999.0,791790.0,781198.0,,,117004.0,100579.0,2673.0,2315791.0,2025,1,5,Saturday,True,False,2705277.2151898732,1193827.0833333335,97377.01149425287,129873.41772151898,14520.833333333334,765329.9999999999,4097.8723404255325,0.8560272444528253,0.6543644476709182,1.2015566939729456,0.7744386939571151,1.5149956958393114,1.0345733213123751,0.6522897196261681
2025-01-05,23665.0,729102.0,626644.0,474551.0,417890.0,96683.0,79761.0,2039.0,1791537.0,2025,1,6,Sunday,True,True,2095472.1381578948,913782.6223776224,82814.40991237678,90573.26786688488,13501.375636868921,682857.6058201058,2739.4444444444443,0.8549562494182906,0.6857692241613216,1.1674659048141154,0.8806240724053854,1.7527843559419776,1.0677218702490032,0.744311498681809
2025-01-06,35840.0,796514.0,1270655.0,494915.0,437698.0,229503.0,202575.0,6888.0,3437198.0,2025,1,0,Monday,False,True,5139695.081967213,2039527.8688524591,300793.3333333334,267998.275862069,28215.384615384613,866718.1818181818,16281.39534883721,0.6687552364846546,0.6230142864951065,0.7629923092267115,0.7558817285237295,1.2702290076335878,0.9189999895111131,0.4230595629195829
2025-01-07,38048.0,846978.0,1315134.0,529634.0,469821.0,245930.0,220945.0,7410.0,3784051.0,2025,1,1,Tuesday,False,True,5148953.489116518,2043323.325129888,302659.45701357466,269917.4025974026,28263.335679099226,868912.0103473762,16476.075650118204,0.7349165239108201,0.6436250121680576,0.8125634084811357,0.8185652272652915,1.3461963737046276,0.9747569258035605,0.44974301874772216
2025-01-08,39406.0,856981.0,1329939.0,542412.0,479247.0,239444.0,209550.0,7799.0,3834806.0,2025,1,2,Wednesday,False,True,5155313.043478262,2043222.5806451612,301629.1666666667,268885.5263157895,28261.05263157895,868683.3333333334,16400.0,0.7438551194968128,0.6509026537774768,0.7938356978077384,0.7793279276545976,1.3943571215733015,0.9865286544770822,0.47554878048780486
2025-01-09,38431.0,873408.0,1306116.0,553214.0,489135.0,229804.0,198894.0,6845.0,3757580.0,2025,1,3,Thursday,False,True,5138548.1409544945,2045409.1208791207,303636.27413127414,268106.5839481333,28271.446776611694,869319.7641509434,16370.038759689924,0.7312532444820149,0.6385597808611653,0.7568397440572153,0.7418467576256059,1.3593573863999442,1.0047027986911692,0.4181419543645391
2025-01-10,38183.0,902970.0,1326845.0,556459.0,492600.0,226639.0,189644.0,6232.0,3561095.0,2025,1,4,Friday,False,True,5129050.134310134,2047720.1129943505,301619.1314553991,268270.5018939394,28288.191287878788,869741.1204481793,16363.233923578751,0.6942991210357848,0.6479620879729381,0.7514079060781113,0.7069133529819677,1.3497858386004706,1.0382054829541667,0.3808538109951446
2025-01-11,21718.0,775008.0,814312.0,520145.0,460372.0,121021.0,96491.0,2397.0,2333104.0,2025,1,5,Saturday,True,True,2705277.2151898732,1193827.0833333335,97377.01149425287,129873.41772151898,14520.833333333334,765329.9999999999,4097.8723404255325,0.8624269582798553,0.6821021330210788,1.242808730139994,0.7429618908382066,1.4956441893830703,1.0126455254596058,0.5849376947040498
2025-01-12,23573.0,751235.0,667294.0,480261.0,420030.0,98780.0,82736.0,1748.0,1832507.0,2025,1,6,Sunday,True,True,2095472.1381578948,913782.6223776224,82814.40991237678,90573.26786688488,13501.375636868921,682857.6058201058,2739.4444444444443,0.874507929087015,0.7302546400627867,1.192787584968798,0.9134704085271244,1.74597023547941,1.1001341913703568,0.6380855810180491
2025-01-13,37067.0,850931.0,1366764.0,522542.0,460607.0,232624.0,202056.0,7013.0,3565093.0,2025,1,0,Monday,False,True,5139695.081967213,2039527.8688524591,300793.3333333334,267998.275862069,28215.384615384613,866718.1818181818,16281.39534883721,0.69363900837391,0.6701374474323855,0.7733682040825371,0.753945148900855,1.3137159214830971,0.9817851036826483,0.43073703756606196
2025-01-14,39810.0,869282.0,1395685.0,547385.0,481826.0,252417.0,218691.0,7600.0,3901919.0,2025,1,1,Tuesday,False,True,5148953.489116518,2043323.325129888,302659.45701357466,269917.4025974026,28263.335679099226,868912.0103473762,16476.075650118204,0.7578081659210152,0.6830465755639923,0.8339967384157395,0.8102145245010018,1.4085386258720887,1.0004258079623918,0.46127489102330477
2025-01-15,40471.0,877344.0,1391070.0,561608.0,497584.0,237904.0,211912.0,7739.0,3927198.0,2025,1,2,Wednesday,False,True,5155313.043478262,2043222.5806451612,301629.1666666667,268885.5263157895,28261.05263157895,868683.3333333334,16400.0,0.7617768245845147,0.6808215674480067,0.7887300907571383,0.7881123350281131,1.4320414928486291,1.0099698777843862,0.471890243902439
2025-01-16,39239.0,904987.0,1394686.0,575713.0,513344.0,244145.0,210063.0,7319.0,3919882.0,2025,1,3,Thursday,False,True,5138548.1409544945,2045409.1208791207,303636.27413127414,268106.5839481333,28271.446776611694,869319.7641509434,16370.038759689924,0.7628384307151543,0.6818616313789396,0.8040705963031489,0.7835055629989224,1.3879374589510398,1.0410289025050437,0.44709729203711635
2025-01-17,38857.0,935757.0,1356698.0,573957.0,508351.0,231166.0,197835.0,6235.0,3604425.0,2025,1,4,Friday,False,True,5129050.134310134,2047720.1129943505,301619.1314553991,268270.5018939394,28288.191287878788,869741.1204481793,16363.233923578751,0.702747079013452,0.6625407404999899,0.7664169009590258,0.7374459681676593,1.3736120349500691,1.0759029071981816,0.38103714883740797
2025-01-18,23229.0,830805.0,831369.0,526690.0,464644.0,122763.0,103091.0,2244.0,2336087.0,2025,1,5,Saturday,True,True,2705277.2151898732,1193827.0833333335,97377.01149425287,129873.41772151898,14520.833333333334,765329.9999999999,4097.8723404255325,0.8635296179197809,0.6963897968194025,1.260697962652565,0.7937806042884991,1.5997015781922523,1.0855513307984792,0.547601246105919
2025-01-19,20610.0,608391.0,586622.0,399484.0,352565.0,87352.0,75906.0,1709.0,1828934.0,2025,1,6,Sunday,True,True,2095472.1381578948,913782.6223776224,82814.40991237678,90573.26786688488,13501.375636868921,682857.6058201058,2739.4444444444443,0.8728028240966232,0.6419710614255666,1.0547922770013611,0.8380618452627623,1.5265111166686736,0.8909485591352944,0.6238491178259988
2025-01-20,17801.0,706001.0,797268.0,428175.0,375494.0,96444.0,78479.0,2849.0,2216281.0,2025,1,0,Monday,False,True,5139695.081967213,2039527.8688524591,300793.3333333334,267998.275862069,28215.384615384613,866718.1818181818,16281.39534883721,0.4312086543374711,0.3909081175971295,0.3206321062080276,0.29283397345582507,0.6308969465648855,0.8145681200767787,0.17498500214255105
2025-01-21,35218.0,844346.0,1252532.0,549720.0,487435.0,240724.0,212861.0,6563.0,3624134.0,2025,1,1,Tuesday,False,True,5148953.489116518,2043323.325129888,302659.45701357466,269917.4025974026,28263.335679099226,868912.0103473762,16476.075650118204,0.7038583680471051,0.6129876679797507,0.7953625582206844,0.7886153243608917,1.2460666497353232,0.9717278503981603,0.398335146024467
2025-01-22,37701.0,845278.0,1289449.0,559666.0,497768.0,239508.0,209338.0,6840.0,3745833.0,2025,1,2,Wednesday,False,True,5155313.043478262,2043222.5806451612,301629.1666666667,268885.5263157895,28261.05263157895,868683.3333333334,16400.0,0.7265966137087781,0.6310859189862946,0.7940478788799712,0.7785394880427495,1.3340267431466029,0.9730565415091805,0.4170731707317073
2025-01-23,38358.0,886799.0,1361328.0,581646.0,516809.0,242403.0,209534.0,6992.0,3870712.0,2025,1,3,Thursday,False,True,5138548.1409544945,2045409.1208791207,303636.27413127414,268106.5839481333,28271.446776611694,869319.7641509434,16370.038759689924,0.7532695800103973,0.66555291364639,0.7983334688634713,0.7815324671047076,1.3567752758848082,1.0201067967966062,0.42712177427565484
2025-01-24,37509.0,905789.0,1318449.0,574846.0,509786.0,234056.0,195169.0,5802.0,3584146.0,2025,1,4,Friday,False,True,5129050.134310134,2047720.1129943505,301619.1314553991,268270.5018939394,28288.191287878788,869741.1204481793,16363.233923578751,0.6987933254978943,0.643861918254078,0.775998521282826,0.7275082374772608,1.3259596422508724,1.0414466772977746,0.3545753869373923
2025-01-25,22654.0,816805.0,868042.0,550554.0,492129.0,130818.0,103192.0,2559.0,2486799.0,2025,1,5,Saturday,True,True,2705277.2151898732,1193827.0833333335,97377.01149425287,129873.41772151898,14520.833333333334,765329.9999999999,4097.8723404255325,0.9192399899118882,0.7271086509248093,1.3434176916357798,0.7945582846003899,1.5601032998565278,1.067258568199339,0.6244704049844236
2025-01-26,23439.0,750444.0,689249.0,492995.0,431926.0,100305.0,82565.0,1964.0,1882291.0,2025,1,6,Sunday,True,True,2095472.1381578948,913782.6223776224,82814.40991237678,90573.26786688488,13501.375636868921,682857.6058201058,2739.4444444444443,0.8982658207303582,0.7542811420582767,1.211202254609185,0.9115824342492026,1.7360453208926268,1.0989758239548693,0.716933684850943
2025-01-27,36731.0,853170.0,1385882.0,528877.0,466181.0,239834.0,200074.0,6779.0,3612704.0,2025,1,0,Monday,False,True,5139695.081967213,2039527.8688524591,300793.3333333334,267998.275862069,28215.384615384613,866718.1818181818,16281.39534883721,0.7029023983689789,0.6795111854881232,0.7973381502249606,0.7465495789345016,1.3018075245365324,0.984368411667838,0.41636480502785317
2025-01-28,39676.0,874166.0,1479059.0,553013.0,488692.0,260461.0,218807.0,7596.0,4057100.0,2025,1,1,Tuesday,False,True,5148953.489116518,2043323.325129888,302659.45701357466,269917.4025974026,28263.335679099226,868912.0103473762,16476.075650118204,0.7879465232256617,0.723849711795357,0.8605744640198637,0.8106442856015598,1.403797501132906,1.0060466302572149,0.46103211476487144
2025-01-29,39355.0,862094.0,1295961.0,563827.0,498937.0,246641.0,213599.0,6678.0,3735444.0,2025,1,2,Wednesday,False,True,5155313.043478262,2043222.5806451612,301629.1666666667,268885.5263157895,28261.05263157895,868683.3333333334,16400.0,0.724581411157084,0.6342730411636267,0.8176961224461604,0.7943863804299423,1.3925525178784266,0.9924145737802421,0.4071951219512195
2025-01-30,39342.0,913838.0,1470801.0,589219.0,522538.0,243926.0,210602.0,7370.0,4088389.0,2025,1,3,Thursday,False,True,5138548.1409544945,2045409.1208791207,303636.27413127414,268106.5839481333,28271.446776611694,869319.7641509434,16370.038759689924,0.7956311564769294,0.7190742355582374,0.8033493386055086,0.7855159574922715,1.391580710773766,1.0512104264562963,0.450212739761381
2025-01-31,75450.0,904420.0,1358908.0,571207.0,505016.0,225159.0,190971.0,6031.0,3624121.0,2025,1,4,Friday,False,True,5129050.134310134,2047720.1129943505,301619.1314553991,268270.5018939394,28288.191287878788,869741.1204481793,16363.233923578751,0.7065871662585046,0.6636199895565265,0.7465010555316668,0.7118598528417421,2.667190674446888,1.0398726457062886,0.3685701755634976
2025-02-01,47702.0,818559.0,895648.0,539605.0,479554.0,114523.0,94588.0,2563.0,2483263.0,2025,2,5,Saturday,True,True,2871608.225494571,1270277.9407535233,93604.26685525695,130924.46808510639,16257.678571428572,831914.673076923,4261.589782691575,0.8647638553035252,0.7050803381413563,1.223480551127977,0.7224623585143293,2.9341212394143423,0.9839458618664272,0.6014187499720436
2025-02-02,24063.0,752428.0,678873.0,496048.0,434613.0,132846.0,72681.0,1875.0,1848424.0,2025,2,6,Sunday,True,True,2197103.4597850866,976913.8356854839,78060.25518341307,90978.317373461,16876.08639084049,754182.1455505278,2814.4474948524366,0.8413003910980171,0.6949159436601144,1.7018391713921566,0.7988826579595716,1.425863760276803,0.997674108886193,0.6662053576871959
2025-02-03,38076.0,848713.0,1432408.0,531887.0,466399.0,223504.0,183417.0,7289.0,3695940.0,2025,2,0,Monday,False,True,5407455.1305403765,2157567.140151515,302429.1666666667,267888.8531187123,29316.151112281164,880479.0803307134,16097.817460317461,0.6834897212786781,0.6638996179277226,0.7390292492732458,0.6846757446780384,1.2988062400882203,0.9639218227436115,0.4527943007161081
2025-02-04,40893.0,873398.0,1495880.0,556635.0,495393.0,259976.0,219042.0,8018.0,4150390.0,2025,2,1,Tuesday,False,True,5425127.660455487,2153160.2099817405,303072.07792207797,269324.7230710466,29473.21785476349,884115.4686489981,16111.559139784946,0.7650308453113044,0.6947369699037331,0.8578025457919014,0.8133007527207882,1.3874630249574473,0.987877750102738,0.49765512638691917
2025-02-05,41896.0,892163.0,1520952.0,572999.0,506354.0,248050.0,213793.0,8108.0,4182058.0,2025,2,2,Wednesday,False,True,5424265.453016102,2150871.0057471264,303626.1538461538,269255.74603174604,29436.812570145903,884487.095959596,16221.581196581195,0.7709906596983769,0.7071330618786608,0.8169586080047833,0.7940146242033891,1.4232519196894946,1.0086783674690882,0.49982797001989016
2025-02-06,37073.0,801999.0,1369499.0,541083.0,480986.0,229479.0,182951.0,6686.0,3885191.0,2025,2,3,Thursday,False,True,5441076.470588235,2148666.176470588,301795.77464788733,269256.09756097564,29396.907216494845,884428.3018867924,16262.222222222223,0.714048225751176,0.6373716936567352,0.7603784389219461,0.679468363603424,1.261119060143784,0.906799339515773,0.4111369226564635
2025-02-07,39874.0,942213.0,1443307.0,583245.0,515515.0,236121.0,197152.0,6441.0,3861700.0,2025,2,4,Friday,False,True,5433685.448717949,2149628.3898305083,302966.95804195805,268663.5774218154,29408.226704802048,883766.338724169,16224.285714285714,0.7106962735414044,0.6714216312121745,0.7793622166787557,0.7338248150044595,1.3558791014586746,1.066133613280866,0.3969974465087611
2025-02-08,23849.0,783842.0,817924.0,505573.0,447300.0,113264.0,96754.0,2681.0,2538395.0,2025,2,5,Saturday,True,True,2871608.225494571,1270277.9407535233,93604.26685525695,130924.46808510639,16257.678571428572,831914.673076923,4261.589782691575,0.8839628531022256,0.6438937288911836,1.2100303095706468,0.7390062485272489,1.4669376009138537,0.9422144185783847,0.6291079472005653
2025-02-09,20935.0,612435.0,571270.0,423383.0,370794.0,83513.0,69578.0,1839.0,1850257.0,2025,2,6,Sunday,True,True,2197103.4597850866,976913.8356854839,78060.25518341307,90978.317373461,16876.08639084049,754182.1455505278,2814.4474948524366,0.8421346713372279,0.5847700985820817,1.0698530232033572,0.7647756301579652,1.2405127299752678,0.812051841339923,0.6534142148196017
2025-02-10,37718.0,875734.0,1429999.0,535204.0,469934.0,234725.0,198962.0,6972.0,3746029.0,2025,2,0,Monday,False,True,5407455.1305403765,2157567.140151515,302429.1666666667,267888.8531187123,29316.151112281164,880479.0803307134,16097.817460317461,0.6927526737749653,0.6627830825693695,0.7761321521568411,0.7427035417253137,1.2865945415392241,0.9946107971935788,0.4331021902308555
2025-02-11,40378.0,865810.0,1492601.0,545412.0,481261.0,247848.0,215260.0,7709.0,4111749.0,2025,2,1,Tuesday,False,True,5425127.660455487,2153160.2099817405,303072.07792207797,269324.7230710466,29473.21785476349,884115.4686489981,16111.559139784946,0.7579082479424609,0.6932140920496844,0.8177856624051112,0.7992582245901556,1.3699895341924488,0.9792951607588426,0.47847634937849337
2025-02-12,38659.0,831747.0,1400354.0,546966.0,483102.0,235576.0,205325.0,6682.0,3940993.0,2025,2,2,Wednesday,False,True,5424265.453016102,2150871.0057471264,303626.1538461538,269255.74603174604,29436.812570145903,884487.095959596,16221.581196581195,0.7265486975399876,0.6510636836231716,0.7758751906443654,0.7625649703898671,1.3132875683424712,0.9403721137362923,0.4119203867381483
2025-02-13,39932.0,915759.0,1467576.0,579674.0,511719.0,243915.0,205656.0,7310.0,4098104.0,2025,2,3,Thursday,False,True,5441076.470588235,2148666.176470588,301795.77464788733,269256.09756097564,29396.907216494845,884428.3018867924,16262.222222222223,0.7531789016663009,0.6830172206697316,0.8082121106055302,0.7637932877394809,1.3583741890233212,1.0354248027187374,0.4495080623121071
2025-02-14,40125.0,985525.0,1392764.0,600664.0,533624.0,233715.0,198806.0,6065.0,3855445.0,2025,2,4,Friday,False,True,5433685.448717949,2149628.3898305083,302966.95804195805,268663.5774218154,29408.226704802048,883766.338724169,16224.285714285714,0.7095451211497112,0.6479091951841105,0.7714207566081602,0.7399812133367989,1.3644141281544193,1.1151420424348055,0.3738223122303425
2025-02-15,21226.0,761009.0,748078.0,507992.0,450300.0,105976.0,91906.0,2390.0,2355977.0,2025,2,5,Saturday,True,True,2871608.225494571,1270277.9407535233,93604.26685525695,130924.46808510639,16257.678571428572,831914.673076923,4261.589782691575,0.8204381708769605,0.5889089119789355,1.1321706110243224,0.7019772647864206,1.3055984534780267,0.914768094166832,0.5608235709844651
2025-02-16,20949.0,669880.0,588331.0,456663.0,401965.0,93199.0,71059.0,1674.0,1809213.0,2025,2,6,Sunday,True,True,2197103.4597850866,976913.8356854839,78060.25518341307,90978.317373461,16876.08639084049,754182.1455505278,2814.4474948524366,0.8234537121783838,0.6022342795331362,1.1939366554851303,0.7810542341457768,1.241342306197845,0.8882204437642977,0.5947881433431285
2025-02-17,21581.0,788209.0,911285.0,478275.0,414453.0,101826.0,84372.0,3045.0,2458343.0,2025,2,0,Monday,False,True,5407455.1305403765,2157567.140151515,302429.1666666667,267888.8531187123,29316.151112281164,880479.0803307134,16097.817460317461,0.45462106307932204,0.4223669257105969,0.3366937161594313,0.31495151447235237,0.7361471128097459,0.8952046875479924,0.18915607705865675
2025-02-18,38691.0,883917.0,1279762.0,552516.0,486106.0,243993.0,210850.0,6826.0,3698061.0,2025,2,1,Tuesday,False,True,5425127.660455487,2153160.2099817405,303072.07792207797,269324.7230710466,29473.21785476349,884115.4686489981,16111.559139784946,0.6816541898093353,0.5943645038893102,0.8050659159130205,0.7828839387477204,1.312751128521473,0.9997755172757,0.42367097689163263
2025-02-19,40363.0,889255.0,1318256.0,556395.0,492804.0,243335.0,207633.0,6951.0,3830039.0,2025,2,2,Wednesday,False,True,5424265.453016102,2150871.0057471264,303626.1538461538,269255.74603174604,29436.812570145903,884487.095959596,16221.581196581195,0.7060935776788633,0.612894030593941,0.8014296427286594,0.771136746606401,1.3711742704417382,1.0053905863208001,0.42850323379480226
2025-02-20,37671.0,887540.0,1300291.0,567313.0,504613.0,241345.0,203840.0,6768.0,3822211.0,2025,2,3,Thursday,False,True,5441076.470588235,2148666.176470588,301795.77464788733,269256.09756097564,29396.907216494845,884428.3018867924,16262.222222222223,0.7024733103202978,0.6051619438324598,0.799696418154241,0.7570487793831241,1.2814613361388743,1.0035183158505547,0.41617928395736536
2025-02-21,37660.0,918000.0,1231306.0,572942.0,505296.0,228844.0,191570.0,5592.0,3481093.0,2025,2,4,Friday,False,True,5433685.448717949,2149628.3898305083,302966.95804195805,268663.5774218154,29408.226704802048,883766.338724169,16224.285714285714,0.6406504448691167,0.5727994688873107,0.7553430957586711,0.7130479011646056,1.28059404526593,1.0387361000026905,0.3446684863960553
2025-02-22,24126.0,856224.0,871144.0,547786.0,484591.0,116852.0,101509.0,2428.0,2492096.0,2025,2,5,Saturday,True,True,2871608.225494571,1270277.9407535233,93604.26685525695,130924.46808510639,16257.678571428572,831914.673076923,4261.589782691575,0.8678398320059107,0.6857900716462424,1.2483618955179865,0.7753248990403757,1.4839757037883197,1.0292209378074393,0.5697404311089044
2025-02-23,24345.0,812302.0,698394.0,506040.0,441386.0,105060.0,85701.0,1885.0,1905750.0,2025,2,6,Sunday,True,True,2197103.4597850866,976913.8356854839,78060.25518341307,90978.317373461,16876.08639084049,754182.1455505278,2814.4474948524366,0.8673920162987746,0.7148982586677655,1.3458833788481397,0.9419936801886772,1.4425737956172866,1.0770634186878643,0.6697584529281942
2025-02-24,37883.0,872577.0,1454401.0,534172.0,468446.0,234816.0,201187.0,6915.0,3722403.0,2025,2,0,Monday,False,True,5407455.1305403765,2157567.140151515,302429.1666666667,267888.8531187123,29316.151112281164,880479.0803307134,16097.817460317461,0.6883835205541528,0.6740930434720399,0.7764330490610749,0.7510092251238463,1.2922228383564989,0.99102524919985,0.42956133755685105
2025-02-25,41177.0,897388.0,1517387.0,557580.0,489948.0,258241.0,220142.0,7891.0,4094456.0,2025,2,1,Tuesday,False,True,5425127.660455487,2153160.2099817405,303072.07792207797,269324.7230710466,29473.21785476349,884115.4686489981,16111.559139784946,0.7547206731825062,0.7047255438613497,0.8520778349841771,0.8173850417064296,1.3970988917094078,1.0150122148312635,0.48977258696921666
2025-02-26,42667.0,927095.0,1532417.0,578328.0,509920.0,254446.0,217753.0,8103.0,4202962.0,2025,2,2,Wednesday,False,True,5424265.453016102,2150871.0057471264,303626.1538461538,269255.74603174604,29436.812570145903,884487.095959596,16221.581196581195,0.7748444533928533,0.7124634605726622,0.8380239869880471,0.8087218312300243,1.4494436141252545,1.0481724428033379,0.4995197386619598
2025-02-27,40994.0,942667.0,1491904.0,591045.0,521067.0,249988.0,213554.0,7617.0,4123434.0,2025,2,3,Thursday,False,True,5441076.470588235,2148666.176470588,301795.77464788733,269256.09756097564,29396.907216494845,884428.3018867924,16262.222222222223,0.7578342304669383,0.6943395937151161,0.8283349900828375,0.7931259567915213,1.3945004383657724,1.0658489761001138,0.46838617108499586
2025-02-28,40313.0,981859.0,1444353.0,588989.0,518463.0,241045.0,202576.0,6564.0,3867670.0,2025,2,4,Friday,False,True,5433685.448717949,2149628.3898305083,302966.95804195805,268663.5774218154,29408.226704802048,883766.338724169,16224.285714285714,0.7117949753445072,0.6719082269442315,0.795614814096716,0.754013632752107,1.3708068971536227,1.1109938871596314,0.4045786739455842
2025-03-01,25348.0,890866.0,947470.0,557335.0,492535.0,124608.0,104535.0,2847.0,2655494.0,2025,3,5,Saturday,True,True,3075971.0843373495,1330663.492063492,107664.58333333334,135717.33333333334,16949.137931034486,871945.2830188678,5055.813953488372,0.8633026537608262,0.7120282518089794,1.1573722401749258,0.7702405981058671,1.4955332892528352,1.0216994315464665,0.5631140754369826
2025-03-02,24730.0,797986.0,685236.0,505319.0,440009.0,90230.0,75153.0,1887.0,1943509.0,2025,3,6,Sunday,True,True,2292858.73015873,994259.4202898551,86623.57142857143,94526.08695652173,17662.5,807161.1650485437,3144.4444444444443,0.8476357371853672,0.6891923636994398,1.041633339655158,0.7950503656685526,1.4001415428167021,0.9886327967129193,0.6001060070671378
2025-03-03,38493.0,879963.0,1446066.0,539800.0,473220.0,227656.0,190695.0,7226.0,3783633.0,2025,3,0,Monday,False,True,5544265.343915343,2241835.9973924384,313690.3395784544,276307.2155411656,29647.423220973782,923330.6152665059,15960.676532769558,0.6824408222366951,0.6450364797790616,0.7257348132107936,0.6901557008799479,1.2983590416305892,0.9530313253460263,0.4527377010093517
2025-03-04,42252.0,894951.0,1530724.0,563736.0,496134.0,257066.0,222055.0,7997.0,4178706.0,2025,3,1,Tuesday,False,True,5579462.711864407,2240693.846153846,312771.69811320753,275253.6231884058,29763.636363636364,922663.9175257732,15965.217391304348,0.7489441574928392,0.6831473218117191,0.8218966151693019,0.8067287087008029,1.4195846059865607,0.9699642339974793,0.5009014161220043
2025-03-05,41857.0,891406.0,1464569.0,563880.0,499816.0,246143.0,211791.0,7738.0,4139402.0,2025,3,2,Wednesday,False,True,5560024.226190476,2238006.617647059,312623.31871345034,275301.80995475117,29709.85085850357,920110.2857142857,15917.153679653678,0.7444935186615483,0.6544078057909333,0.7873468972594907,0.7693047860266888,1.4088593106491365,0.9688034291541449,0.4861421932422004
2025-03-06,41928.0,950398.0,1506745.0,592139.0,521249.0,248999.0,214413.0,7537.0,4177390.0,2025,3,3,Thursday,False,True,5556527.605042016,2237700.0,313649.21875,274745.4203599248,29792.34693877551,923111.3137254901,16020.516795865633,0.7517986586099957,0.6733453992939179,0.7938773161697856,0.7804060927352765,1.4073412909081569,1.0295594755137236,0.4704592302506153
2025-03-07,40968.0,972404.0,1436637.0,591133.0,523770.0,243527.0,203928.0,6389.0,3877969.0,2025,3,4,Friday,False,True,5583752.888257576,2236808.276643991,313452.250335871,275884.12022703816,29696.351909184727,922131.7757009345,16030.060975609756,0.6945094236092045,0.6422709603683455,0.7769189716744909,0.7391799130452958,1.3795633930149207,1.0545173972134865,0.3985636741944441
2025-03-08,25318.0,888491.0,946022.0,557011.0,492920.0,124078.0,110319.0,2614.0,2662053.0,2025,3,5,Saturday,True,True,3075971.0843373495,1330663.492063492,107664.58333333334,135717.33333333334,16949.137931034486,871945.2830188678,5055.813953488372,0.8654349885000564,0.7109400728601796,1.1524495443023277,0.8128585884387157,1.493763287726972,1.0189756367783163,0.5170285188592456
2025-03-09,25436.0,814195.0,717213.0,505972.0,441854.0,104989.0,86431.0,1898.0,1991779.0,2025,3,6,Sunday,True,True,2292858.73015873,994259.4202898551,86623.57142857143,94526.08695652173,17662.5,807161.1650485437,3144.4444444444443,0.8686880590598415,0.7213539900792811,1.2120142158600842,0.9143613449243366,1.4401132342533616,1.008714288119936,0.6036042402826856
2025-03-10,38272.0,907327.0,1480720.0,546535.0,480608.0,249300.0,209606.0,7331.0,3849712.0,2025,3,0,Monday,False,True,5544265.343915343,2241835.9973924384,313690.3395784544,276307.2155411656,29647.423220973782,923330.6152665059,15960.676532769558,0.6943592633467548,0.6604943455820496,0.794732793923511,0.7585976341206763,1.2909047681730683,0.9826675136707271,0.4593163695128089
2025-03-11,42531.0,916601.0,1547477.0,567866.0,503968.0,261433.0,228328.0,8162.0,4220071.0,2025,3,1,Tuesday,False,True,5579462.711864407,2240693.846153846,312771.69811320753,275253.6231884058,29763.636363636364,922663.9175257732,15965.217391304348,0.7563579537911888,0.6906240237398993,0.8358588759056278,0.8295185994471501,1.428958460598656,0.993428899287585,0.5112363834422657
2025-03-12,43034.0,929995.0,1558707.0,583170.0,515887.0,259006.0,226656.0,7992.0,4273439.0,2025,3,2,Wednesday,False,True,5560024.226190476,2238006.617647059,312623.31871345034,275301.80995475117,29709.85085850357,920110.2857142857,15917.153679653678,0.768600787721388,0.6964711309204061,0.8284922604810685,0.8233000721544598,1.4484758003314844,1.0107429668368948,0.5020998201591711
2025-03-13,41922.0,961852.0,1545407.0,598216.0,527771.0,262786.0,224898.0,7723.0,4265918.0,2025,3,3,Thursday,False,True,5556527.605042016,2237700.0,313649.21875,274745.4203599248,29792.34693877551,923111.3137254901,16020.516795865633,0.7677309109612068,0.6906229610761049,0.8378340652251346,0.8185686942675034,1.407139896905451,1.0419675132332202,0.4820693426065414
2025-03-14,40590.0,985018.0,1461424.0,599204.0,527511.0,258621.0,213317.0,6547.0,3926685.0,2025,3,4,Friday,False,True,5583752.888257576,2236808.276643991,313452.250335871,275884.12022703816,29696.351909184727,922131.7757009345,16030.060975609756,0.7032340217379017,0.6533523750156435,0.8250730365562279,0.7732123176370256,1.36683455678763,1.0681965701173937,0.40842015572875656
2025-03-15,25703.0,914293.0,957923.0,571554.0,506043.0,142839.0,119626.0,2900.0,2686698.0,2025,3,5,Saturday,True,True,3075971.0843373495,1330663.492063492,107664.58333333334,135717.33333333334,16949.137931034486,871945.2830188678,5055.813953488372,0.8734470924257047,0.7198837314718282,1.3267036900868823,0.8814349432153102,1.5164783073088854,1.0485669431394995,0.5735970561177552
2025-03-16,24499.0,839409.0,682090.0,499751.0,443664.0,113968.0,88439.0,2114.0,2111229.0,2025,3,6,Sunday,True,True,2292858.73015873,994259.4202898551,86623.57142857143,94526.08695652173,17662.5,807161.1650485437,3144.4444444444443,0.920784596203118,0.6860281995629985,1.3156696049409182,0.9356041580424085,1.3870629865534325,1.0399521636419622,0.6722968197879858
2025-03-17,37228.0,880331.0,1386978.0,531847.0,466563.0,246824.0,210355.0,7185.0,3751313.0,2025,3,0,Monday,False,True,5544265.343915343,2241835.9973924384,313690.3395784544,276307.2155411656,29647.423220973782,923330.6152665059,15960.676532769558,0.6766113754127854,0.6186795116204954,0.7868396595562643,0.7613083849005031,1.255690915278715,0.9534298824759594,0.45016888759371604
2025-03-18,42071.0,921714.0,1544388.0,566074.0,501213.0,264924.0,230580.0,7913.0,4232297.0,2025,3,1,Tuesday,False,True,5579462.711864407,2240693.846153846,312771.69811320753,275253.6231884058,29763.636363636364,922663.9175257732,15965.217391304348,0.7585492042092625,0.6892454329050549,0.8470203717220952,0.8377001447939976,1.4135033598045204,0.9989704620417795,0.49563997821350764
2025-03-19,43453.0,939086.0,1558820.0,578088.0,508370.0,260031.0,225253.0,8090.0,4274997.0,2025,3,2,Wednesday,False,True,5560024.226190476,2238006.617647059,312623.31871345034,275301.80995475117,29709.85085850357,920110.2857142857,15917.153679653678,0.768881002327767,0.6965216222813829,0.8317709666384282,0.818203847032545,1.4625788667519635,1.0206233041629171,0.5082566998357976
2025-03-20,41308.0,953667.0,1509884.0,592129.0,521956.0,261511.0,220117.0,7492.0,4191910.0,2025,3,3,Thursday,False,True,5556527.605042016,2237700.0,313649.21875,274745.4203599248,29792.34693877551,923111.3137254901,16020.516795865633,0.754411801391258,0.6747481789337266,0.8337690144493625,0.8011671303261036,1.3865305772952237,1.0331007602443885,0.4676503320999881
2025-03-21,40163.0,975048.0,1436059.0,587811.0,518927.0,248037.0,208980.0,6422.0,3873120.0,2025,3,4,Friday,False,True,5583752.888257576,2236808.276643991,313452.250335871,275884.12022703816,29696.351909184727,922131.7757009345,16030.060975609756,0.693641011253386,0.6420125564604043,0.7913071280688617,0.7574919492576101,1.3524556862345798,1.0573846663714008,0.40062230641363594
2025-03-22,25458.0,913756.0,961713.0,563278.0,496127.0,140466.0,117875.0,3089.0,2653512.0,2025,3,5,Saturday,True,True,3075971.0843373495,1330663.492063492,107664.58333333334,135717.33333333334,16949.137931034486,871945.2830188678,5055.813953488372,0.8626583044006868,0.7227319346596399,1.3046630159252306,0.8685331276771328,1.5020232948476677,1.0479510788066588,0.6109797608095676
2025-03-23,25724.0,867282.0,736298.0,521146.0,453188.0,105102.0,91061.0,2143.0,2007695.0,2025,3,6,Sunday,True,True,2292858.73015873,994259.4202898551,86623.57142857143,94526.08695652173,17662.5,807161.1650485437,3144.4444444444443,0.8756296118867347,0.7405491816062935,1.213318710677562,0.9633425325422015,1.456418966737438,1.074484300725544,0.6815194346289752
2025-03-24,37607.0,877499.0,1354459.0,534647.0,469230.0,242261.0,204177.0,6849.0,3650582.0,2025,3,0,Monday,False,True,5544265.343915343,2241835.9973924384,313690.3395784544,276307.2155411656,29647.423220973782,923330.6152665059,15960.676532769558,0.6584428726894175,0.6041739902363157,0.7722934672631517,0.7389492149168312,1.2684744883122014,0.9503627254325611,0.4291171483826529
2025-03-25,42011.0,917614.0,1536843.0,563311.0,494496.0,265289.0,228951.0,8132.0,4214256.0,2025,3,1,Tuesday,False,True,5579462.711864407,2240693.846153846,312771.69811320753,275253.6231884058,29763.636363636364,922663.9175257732,15965.217391304348,0.7553157387428411,0.6858781723518333,0.8481873571053695,0.8317819665657495,1.4114874770922419,0.9945268071831452,0.5093572984749455
2025-03-26,42958.0,928230.0,1532389.0,574849.0,505041.0,265709.0,223047.0,7952.0,4237196.0,2025,3,2,Wednesday,False,True,5560024.226190476,2238006.617647059,312623.31871345034,275301.80995475117,29709.85085850357,920110.2857142857,15917.153679653678,0.7620822909441117,0.6847115589010573,0.8499333993813434,0.8101908230703612,1.4459177262313498,1.0088247185275305,0.4995868080462623
2025-03-27,42147.0,973696.0,1524578.0,592112.0,521457.0,261311.0,231056.0,7726.0,4263378.0,2025,3,3,Thursday,False,True,5556527.605042016,2237700.0,313649.21875,274745.4203599248,29792.34693877551,923111.3137254901,16020.516795865633,0.7672737909429971,0.6813147428162846,0.8331313594257119,0.8409821706848095,1.4146921720069185,1.0547980352124169,0.48225660248324986
2025-03-28,40495.0,983409.0,1439850.0,594099.0,521515.0,246718.0,209792.0,6472.0,3878481.0,2025,3,4,Friday,False,True,5583752.888257576,2236808.276643991,313452.250335871,275884.12022703816,29696.351909184727,922131.7757009345,16030.060975609756,0.6946011182114274,0.6437073820919009,0.7870991506222598,0.7604352139853218,1.3636355106458509,1.0664517001948959,0.4037414461396842
2025-03-29,27168.0,938810.0,993714.0,571180.0,504591.0,148404.0,136492.0,3110.0,2887283.0,2025,3,5,Saturday,True,True,3075971.0843373495,1330663.492063492,107664.58333333334,135717.33333333334,16949.137931034486,871945.2830188678,5055.813953488372,0.938657393335673,0.7467808397290766,1.378391996749163,1.005707941997092,1.6029133818218806,1.0766845331734942,0.6151333946642135
2025-03-30,25162.0,872549.0,726124.0,512458.0,442499.0,115125.0,95708.0,1926.0,2055899.0,2025,3,6,Sunday,True,True,2292858.73015873,994259.4202898551,86623.57142857143,94526.08695652173,17662.5,807161.1650485437,3144.4444444444443,0.8966531487344074,0.7303164397359334,1.3290262465676612,1.0125035646934364,1.4246001415428167,1.0810096394411193,0.6125088339222615
2025-03-31,35803.0,905432.0,1276763.0,542248.0,472319.0,244921.0,209348.0,6372.0,3414357.0,2025,3,0,Monday,False,True,5544265.343915343,2241835.9973924384,313690.3395784544,276307.2155411656,29647.423220973782,923330.6152665059,15960.676532769558,0.6158357849425712,0.5695166825249706,0.7807731673507431,0.7576638908614035,1.207626029862572,0.9806151610587074,0.3992311971812329
2025-04-01,42115.0,940353.0,1536805.0,574765.0,503362.0,257703.0,226059.0,7891.0,4247056.0,2025,4,1,Tuesday,False,True,5594090.0,2183766.176470588,309667.1428571429,286013.63636363635,28925.49019607843,941739.0,16197.959183673469,0.7592040886006481,0.7037406369594893,0.8321935534467884,0.7903783989955978,1.4559822396963125,0.9985282546438026,0.48716013607156355
2025-04-02,43403.0,939753.0,1543145.0,582257.0,511842.0,258088.0,227068.0,8005.0,4320984.0,2025,4,2,Wednesday,False,True,5566984.138655462,2185750.964912281,310066.2509819324,286827.94117647054,28901.2689241571,938204.1237623763,16198.322510822512,0.7761804043946142,0.7060022046298993,0.8323640485950173,0.7916523023128235,1.5017679712921408,1.0016508947236475,0.49418697489518776
2025-04-03,43300.0,972326.0,1515578.0,599173.0,529341.0,257460.0,226170.0,7699.0,4286943.0,2025,4,3,Thursday,False,True,5581935.863808323,2185126.7391304346,311003.37734404893,287274.03969270166,28950.82417582418,939956.4320388349,16211.730545876888,0.7680029123579355,0.6935881442753844,0.8278366691664049,0.78729703610509,1.495639631432611,1.0344373067280928,0.4749030326042569
2025-04-04,41478.0,984269.0,1465455.0,596123.0,528688.0,260319.0,208594.0,6568.0,3990036.0,2025,4,4,Friday,False,True,5581218.9655172415,2186919.696969697,310225.3968253968,286157.14285714284,28958.44155844156,941837.7358490565,16181.81818181818,0.7149040424057653,0.6701000507840349,0.8391285905793023,0.7289491288502821,1.432328459951565,1.0450515651856869,0.40588764044943826
2025-04-05,25947.0,887812.0,915296.0,560449.0,499636.0,128321.0,110701.0,2723.0,2658935.0,2025,4,5,Saturday,True,True,3170231.8055555555,1336330.8974358975,114119.62365591398,149238.35001021036,16706.49021595073,912598.1617647059,5100.744680851064,0.8387194259235075,0.6849321539719213,1.1244428950002945,0.7417731433805468,1.5531089812764372,0.9728400047214905,0.5338436189959747
2025-04-06,25576.0,874481.0,742341.0,518166.0,452789.0,115809.0,87900.0,2049.0,2059867.0,2025,4,6,Sunday,True,True,2435088.2352941176,995331.1475409836,91600.0,102942.69662921347,18634.513274336285,864630.3921568628,3272.5,0.8459106204630826,0.7458231381927425,1.2642903930131004,0.8538731049236513,1.3725070047965047,1.011392854024671,0.6261268143621085
2025-04-07,39237.0,897227.0,1424204.0,548089.0,481752.0,244565.0,207119.0,7069.0,3848628.0,2025,4,0,Monday,False,True,5575529.166666667,2192433.962264151,310364.7887323944,286171.4285714286,28993.617021276597,940363.8297872341,16282.926829268294,0.6902713419578261,0.6495994974139192,0.7879920947181643,0.7237584864217252,1.3532978645336464,0.9541275106285254,0.4341357100059916
2025-04-08,42949.0,924243.0,1536222.0,568509.0,501321.0,263712.0,228166.0,8014.0,4324220.0,2025,4,1,Tuesday,False,True,5594090.0,2183766.176470588,309667.1428571429,286013.63636363635,28925.49019607843,941739.0,16197.959183673469,0.7729979317458247,0.7034736669851936,0.8515982598827311,0.7977451806175803,1.4848149403470716,0.9814216040750144,0.4947536852715132
2025-04-09,44074.0,953471.0,1548648.0,585774.0,517277.0,262570.0,226464.0,8147.0,4343794.0,2025,4,2,Wednesday,False,True,5566984.138655462,2185750.964912281,310066.2509819324,286827.94117647054,28901.2689241571,938204.1237623763,16198.322510822512,0.7802777755082868,0.70851987479834,0.8468190238972509,0.7895465102567127,1.5249849449745367,1.0162724463162671,0.5029533147371761
2025-04-10,43061.0,967534.0,1524644.0,595541.0,527664.0,263157.0,220604.0,7667.0,4299477.0,2025,4,3,Thursday,False,True,5581935.863808323,2185126.7391304346,311003.37734404893,287274.03969270166,28950.82417582418,939956.4320388349,16211.730545876888,0.7702483699027394,0.6977371027031265,0.8461547982126295,0.767921808166102,1.4873842533283987,1.0293391980959663,0.4729291532636496
2025-04-11,40728.0,974076.0,1396300.0,587965.0,520242.0,247547.0,210055.0,6310.0,3864826.0,2025,4,4,Friday,False,True,5581218.9655172415,2186919.696969697,310225.3968253968,286157.14285714284,28958.44155844156,941837.7358490565,16181.81818181818,0.6924698751076193,0.6384779477430204,0.7979585247797301,0.7340547151914533,1.4064292761682662,1.0342291064839115,0.38994382022471913
2025-04-12,25806.0,889346.0,842497.0,547463.0,484258.0,122395.0,111344.0,2092.0,2528127.0,2025,4,5,Saturday,True,True,3170231.8055555555,1336330.8974358975,114119.62365591398,149238.35001021036,16706.49021595073,912598.1617647059,5100.744680851064,0.7974580898373669,0.6304553771947893,1.0725149284494435,0.7460816873972558,1.544669147524559,0.974520919788242,0.41013619204538343
2025-04-13,25731.0,829487.0,734980.0,507105.0,443646.0,108197.0,102506.0,1844.0,2180093.0,2025,4,6,Sunday,True,True,2435088.2352941176,995331.1475409836,91600.0,102942.69662921347,18634.513274336285,864630.3921568628,3272.5,0.8952829587042384,0.7384276095607031,1.1811899563318777,0.9957578668180181,1.3808249038324547,0.9593544334369327,0.5634835752482811
2025-04-14,35872.0,876586.0,1309503.0,523285.0,459677.0,246154.0,224282.0,6681.0,3598255.0,2025,4,0,Monday,False,True,5575529.166666667,2192433.962264151,310364.7887323944,286171.4285714286,28993.617021276597,940363.8297872341,16282.926829268294,0.6453656491498938,0.5972827563059924,0.7931118765287553,0.7837330271565495,1.2372378366478314,0.9321774958085485,0.41030707010185735
2025-04-15,40080.0,929248.0,1368277.0,557724.0,497077.0,270809.0,239573.0,7232.0,3997927.0,2025,4,1,Tuesday,False,True,5594090.0,2183766.176470588,309667.1428571429,286013.63636363635,28925.49019607843,941739.0,16197.959183673469,0.7146697675582624,0.6265675394842021,0.8745164162441699,0.8376278944106289,1.3856290672451195,0.9867362400835051,0.4464759984880938
2025-04-16,40487.0,953357.0,1368776.0,585075.0,515168.0,262626.0,236314.0,7174.0,4059487.0,2025,4,2,Wednesday,False,True,5566984.138655462,2185750.964912281,310066.2509819324,286827.94117647054,28901.2689241571,938204.1237623763,16198.322510822512,0.7292075743151744,0.6262268766995293,0.8469996304605988,0.8238876555426241,1.4008727473608946,1.0161509375772704,0.4428853663832701
2025-04-17,40017.0,999371.0,1364437.0,596243.0,527358.0,275186.0,233477.0,6960.0,4077460.0,2025,4,3,Thursday,False,True,5581935.863808323,2185126.7391304346,311003.37734404893,287274.03969270166,28950.82417582418,939956.4320388349,16211.730545876888,0.7304741758924688,0.6244200739326333,0.8848328347752128,0.8127326793947389,1.3822404418253764,1.0632099169025213,0.4293187565821053
2025-04-18,36191.0,961407.0,1218484.0,565946.0,498479.0,260413.0,224930.0,5534.0,3551334.0,2025,4,4,Friday,False,True,5581218.9655172415,2186919.696969697,310225.3968253968,286157.14285714284,28958.44155844156,941837.7358490565,16181.81818181818,0.6363007833846703,0.5571690637239178,0.8394315960745388,0.7860366432030353,1.2497564804018297,1.0207777448344666,0.3419887640449439
2025-04-19,26086.0,930835.0,942925.0,556677.0,491853.0,152672.0,134808.0,3316.0,2880379.0,2025,4,5,Saturday,True,True,3170231.8055555555,1336330.8974358975,114119.62365591398,149238.35001021036,16706.49021595073,912598.1617647059,5100.744680851064,0.9085704695008063,0.7056074223901054,1.3378242506330604,0.9033066902091649,1.5614291010743877,1.0199834264404273,0.6501011533568315
2025-04-20,28290.0,917009.0,682601.0,520381.0,454215.0,124079.0,110984.0,2284.0,2100218.0,2025,4,6,Sunday,True,True,2435088.2352941176,995331.1475409836,91600.0,102942.69662921347,18634.513274336285,864630.3921568628,3272.5,0.8624812725713527,0.685802912614963,1.3545742358078603,1.0781143649243061,1.5181507337227524,1.0605791888861045,0.6979373567608862
2025-04-21,35874.0,952531.0,1424279.0,553116.0,484304.0,258848.0,220681.0,7174.0,3806992.0,2025,4,0,Monday,False,True,5575529.166666667,2192433.962264151,310364.7887323944,286171.4285714286,28993.617021276597,940363.8297872341,16282.926829268294,0.68280370996176,0.649633705969931,0.8340121347437589,0.7711496605431309,1.2373068173479123,1.012938790101613,0.440584182144997
2025-04-22,41427.0,955091.0,1534439.0,571632.0,505174.0,270985.0,237443.0,8048.0,4307321.0,2025,4,1,Tuesday,False,True,5594090.0,2183766.176470588,309667.1428571429,286013.63636363635,28925.49019607843,941739.0,16197.959183673469,0.7699770650811839,0.7026571876298435,0.8750847684380001,0.8301806970424169,1.4321969902386118,1.0141780259711024,0.49685271513166185
2025-04-23,43714.0,977457.0,1547077.0,589635.0,520755.0,273441.0,236130.0,8204.0,4402438.0,2025,4,2,Wednesday,False,True,5566984.138655462,2185750.964912281,310066.2509819324,286827.94117647054,28901.2689241571,938204.1237623763,16198.322510822512,0.790812025029997,0.7078011286899226,0.8818792730071531,0.8232461559758618,1.5125287444891977,1.0418383113476546,0.5064721976314954
2025-04-24,42722.0,1003124.0,1542577.0,601402.0,538173.0,269508.0,237334.0,8126.0,4419648.0,2025,4,3,Thursday,False,True,5581935.863808323,2185126.7391304346,311003.37734404893,287274.03969270166,28950.82417582418,939956.4320388349,16211.730545876888,0.7917769225289267,0.7059439493261908,0.8665757983131338,0.82615888387923,1.4756747421261895,1.067202655153016,0.5012419850554867
2025-04-25,41123.0,1021430.0,1477842.0,604563.0,540167.0,256108.0,225725.0,6775.0,4124744.0,2025,4,4,Friday,False,True,5581218.9655172415,2186919.696969697,310225.3968253968,286157.14285714284,28958.44155844156,941837.7358490565,16181.81818181818,0.7390399884835441,0.675764181944024,0.8255545890852529,0.788814837002646,1.4200695129608036,1.0845074062351006,0.4186797752808989
2025-04-26,24813.0,926498.0,937070.0,571111.0,511520.0,128572.0,112915.0,2947.0,2696077.0,2025,4,5,Saturday,True,True,3170231.8055555555,1336330.8974358975,114119.62365591398,149238.35001021036,16706.49021595073,912598.1617647059,5100.744680851064,0.8504352884465293,0.7012260225352983,1.1266423414404334,0.756608472234347,1.4852311693996312,1.0152310609616129,0.5777587753144097
2025-04-27,26217.0,940981.0,763308.0,545298.0,480205.0,116980.0,104529.0,2308.0,2329464.0,2025,4,6,Sunday,True,True,2435088.2352941176,995331.1475409836,91600.0,102942.69662921347,18634.513274336285,864630.3921568628,3272.5,0.956624062420736,0.7668884892086331,1.2770742358078602,1.0154095766162041,1.406905542100014,1.0883043304234044,0.7052711993888464
2025-04-28,38772.0,948022.0,1490933.0,555769.0,491503.0,252796.0,219281.0,7535.0,3946503.0,2025,4,0,Monday,False,True,5575529.166666667,2192433.962264151,310364.7887323944,286171.4285714286,28993.617021276597,940363.8297872341,16282.926829268294,0.7078257295458502,0.6800355338686219,0.8145125000567255,0.7662574880191693,1.3372598517648784,1.0081438374916,0.4627546434991012
2025-04-29,42717.0,959501.0,1556823.0,578955.0,511123.0,275022.0,236516.0,8166.0,4350681.0,2025,4,1,Tuesday,False,True,5594090.0,2183766.176470588,309667.1428571429,286013.63636363635,28925.49019607843,941739.0,16197.959183673469,0.7777281023365731,0.712907369284446,0.8881213468839813,0.8269395928356881,1.4767943329718005,1.0188608521044578,0.5041375834698248
2025-04-30,44071.0,985425.0,1562345.0,596109.0,527609.0,274421.0,235657.0,8233.0,4406705.0,2025,4,2,Wednesday,False,True,5566984.138655462,2185750.964912281,310066.2509819324,286827.94117647054,28901.2689241571,938204.1237623763,16198.322510822512,0.7915785082628791,0.7147863709453746,0.8850398878657405,0.8215970837200003,1.5248811433038254,1.0503311326838547,0.5082625064724648
2025-05-01,42862.0,1001289.0,1544986.0,603047.0,536725.0,255295.0,217184.0,8065.0,4440098.0,2025,5,3,Thursday,False,True,5720059.154929577,2277316.0714285714,317896.1538461538,287151.4285714286,29435.227272727272,961900.9803921569,17383.720930232557,0.77623288146828,0.6784240533773701,0.8030767183284334,0.756339611752883,1.456146392309771,1.0409481021547407,0.4639397993311037
2025-05-02,41919.0,1022746.0,1481552.0,612115.0,541649.0,241602.0,208851.0,7035.0,4120612.0,2025,5,4,Friday,False,True,5719113.207547169,2275682.2580645164,318995.3846153846,287064.70588235295,29388.043478260868,965228.1553398058,17384.848484848484,0.7204984147826059,0.6510364066642899,0.7573839988039374,0.7275398045122026,1.426396419721123,1.0595898952408254,0.40466271570507234
2025-05-03,26948.0,966765.0,997122.0,585030.0,518920.0,133711.0,122132.0,3171.0,2896423.0,2025,5,5,Saturday,True,True,3212641.516516517,1391093.5047193244,118529.28841991341,150498.80576044958,17291.094911377928,956502.2916666667,4867.136752136752,0.9015705565371034,0.7167900623626199,1.1280840523255515,0.8115147451362418,1.5584900862621263,1.010729413220172,0.6515124109894549
2025-05-04,25492.0,857229.0,704772.0,517540.0,461843.0,110229.0,96550.0,2965.0,2175053.0,2025,5,6,Sunday,True,True,2391359.493670886,963553.3333333334,97502.5641025641,104090.81632653062,17024.358974358973,853056.5217391305,3515.5181843040746,0.9095466431361008,0.7314301924128054,1.1305241150791565,0.9275554117773921,1.497383839144514,1.004891209614532,0.8434034030140981
2025-05-05,39989.0,925086.0,1374815.0,563368.0,497467.0,245700.0,209710.0,7248.0,3924272.0,2025,5,0,Monday,False,True,5716296.875,2267007.727652465,319412.2631848438,286301.64835164836,29366.565217391304,962588.775510204,17395.0,0.6865059820742777,0.6064447788290737,0.7692253188720355,0.7324791918152874,1.3617186655631737,0.9610396708705373,0.4166714573153205
2025-05-06,42573.0,943342.0,1474148.0,581190.0,515890.0,259823.0,230786.0,7802.0,4289517.0,2025,5,1,Tuesday,False,True,5706690.286470871,2276651.138375917,319988.21371610847,286533.8312236287,29395.263424518744,962189.3092783506,17288.257575757576,0.7516645874701431,0.6475071982489181,0.8119767818402003,0.8054406665155025,1.4482945563430345,0.9804120570696362,0.45128897263425427
2025-05-07,44564.0,989240.0,1534698.0,594746.0,527186.0,265244.0,237348.0,8339.0,4438683.0,2025,5,2,Wednesday,False,True,5723566.349206349,2275398.146853147,318580.4212454213,287037.86075036076,29373.234811165843,962160.6969520481,17459.37669376694,0.7755100105750472,0.6744744879582819,0.8325809821051963,0.8268874335237035,1.5171635091093063,1.0281442623188977,0.47762300718198336
2025-05-08,44027.0,1009991.0,1519593.0,613194.0,546625.0,267298.0,228124.0,7976.0,4380539.0,2025,5,3,Thursday,False,True,5720059.154929577,2277316.0714285714,317896.1538461538,287151.4285714286,29435.227272727272,961900.9803921569,17383.720930232557,0.7658205765625392,0.6672736468446174,0.840834331482221,0.7944379769758116,1.4957248195189747,1.0499947713830557,0.4588200668896321
2025-05-09,41254.0,1006355.0,1331879.0,604005.0,536945.0,253493.0,207842.0,6262.0,3893760.0,2025,5,4,Friday,False,True,5719113.207547169,2275682.2580645164,318995.3846153846,287064.70588235295,29388.043478260868,965228.1553398058,17384.848484848484,0.6808328247221334,0.5852658011812125,0.7946604001987007,0.7240249175221819,1.4037681695454378,1.0426084179503816,0.3601987101272442
2025-05-10,27783.0,1011526.0,971181.0,595494.0,525743.0,156932.0,132365.0,3309.0,2895080.0,2025,5,5,Saturday,True,True,3212641.516516517,1391093.5047193244,118529.28841991341,150498.80576044958,17291.094911377928,956502.2916666667,4867.136752136752,0.9011525204776503,0.698142142641915,1.3239934373353985,0.8795086401594885,1.6067808396400718,1.0575259555703276,0.6798658366332722
2025-05-11,31380.0,991991.0,727298.0,570347.0,497206.0,137582.0,118279.0,2398.0,2177273.0,2025,5,6,Sunday,True,True,2391359.493670886,963553.3333333334,97502.5641025641,104090.81632653062,17024.358974358973,853056.5217391305,3515.5181843040746,0.910474985363974,0.7548082444839587,1.4110603271445854,1.1363058161534765,1.8432412079222835,1.1628666738021334,0.6821185026737967
2025-05-12,37902.0,973174.0,1454909.0,569158.0,500550.0,267260.0,225151.0,7463.0,3950681.0,2025,5,0,Monday,False,True,5716296.875,2267007.727652465,319412.2631848438,286301.64835164836,29366.565217391304,962588.775510204,17395.0,0.6911259310687918,0.6417750509860809,0.8367242927217753,0.7864118187802384,1.2906514507033287,1.010996621567902,0.429031330842196
2025-05-13,42501.0,955146.0,1499466.0,584027.0,517598.0,273175.0,236762.0,7899.0,4101901.0,2025,5,1,Tuesday,False,True,5706690.286470871,2276651.138375917,319988.21371610847,286533.8312236287,29395.263424518744,962189.3092783506,17288.257575757576,0.718788088031442,0.6586279183158762,0.8537033187177299,0.8262968424668021,1.4458451821373948,0.9926799131829546,0.4568997173593918
2025-05-14,43850.0,952819.0,1410385.0,582744.0,521406.0,268675.0,231338.0,7815.0,4325655.0,2025,5,2,Wednesday,False,True,5723566.349206349,2275398.146853147,318580.4212454213,287037.86075036076,29373.234811165843,962160.6969520481,17459.37669376694,0.755762183240841,0.6198409724252207,0.843350633255092,0.8059494290935947,1.4928556654349492,0.9902909181578078,0.44761048100817846
2025-05-15,43184.0,1029707.0,1490616.0,619201.0,548622.0,269831.0,233021.0,8217.0,4226351.0,2025,5,3,Thursday,False,True,5720059.154929577,2277316.0714285714,317896.1538461538,287151.4285714286,29435.227272727272,961900.9803921569,17383.720930232557,0.7388649112759101,0.6545494578909854,0.8488023423227228,0.8114916967652707,1.4670856657530016,1.0704916836452327,0.4726836120401338
2025-05-16,41634.0,1059003.0,1290844.0,627406.0,555978.0,273352.0,234569.0,6109.0,3917793.0,2025,5,4,Friday,False,True,5719113.207547169,2275682.2580645164,318995.3846153846,287064.70588235295,29388.043478260868,965228.1553398058,17384.848484848484,0.6850350496349547,0.5672338462127273,0.8569152194147974,0.8171293621032356,1.416698598217258,1.0971530348979315,0.3513979431758759
2025-05-17,26202.0,1000935.0,758100.0,598384.0,533116.0,147850.0,141007.0,2161.0,2806907.0,2025,5,5,Saturday,True,True,3212641.516516517,1391093.5047193244,118529.28841991341,150498.80576044958,17291.094911377928,956502.2916666667,4867.136752136752,0.8737068812593641,0.544966961191411,1.2473710250939176,0.9369310227248063,1.5153464910286565,1.0464533213568272,0.4439982088136903
2025-05-18,27587.0,982949.0,735919.0,567796.0,498434.0,128018.0,118803.0,2779.0,2348810.0,2025,5,6,Sunday,True,True,2391359.493670886,963553.3333333334,97502.5641025641,104090.81632653062,17024.358974358973,853056.5217391305,3515.5181843040746,0.9822069856985117,0.7637553361516055,1.3129705990637985,1.1413398817751375,1.6204428044280443,1.1522671416848875,0.7904951288283908
2025-05-19,39503.0,982764.0,1383215.0,577706.0,508135.0,261500.0,226926.0,7084.0,3859712.0,2025,5,0,Monday,False,True,5716296.875,2267007.727652465,319412.2631848438,286301.64835164836,29366.565217391304,962588.775510204,17395.0,0.6752119570416818,0.6101501036488961,0.8186911716932734,0.7926115735152158,1.345169232682539,1.0209593390273042,0.4072434607645875
2025-05-20,43311.0,991236.0,1526811.0,594230.0,524091.0,285050.0,255638.0,7694.0,4288364.0,2025,5,1,Tuesday,False,True,5706690.286470871,2276651.138375917,319988.21371610847,286533.8312236287,29395.263424518744,962189.3092783506,17288.257575757576,0.7514625439138748,0.6706389812051632,0.8908140605856645,0.892173880160365,1.4734006419508412,1.0301881245629665,0.4450419578887404
2025-05-21,43061.0,980696.0,1435870.0,599643.0,532201.0,277010.0,239556.0,7997.0,4359486.0,2025,5,2,Wednesday,False,True,5723566.349206349,2275398.146853147,318580.4212454213,287037.86075036076,29373.234811165843,962160.6969520481,17459.37669376694,0.7616730084040176,0.6310412100782423,0.8695135718544451,0.8345797985456137,1.4659944768368152,1.01926424879614,0.45803467903037787
2025-05-22,41619.0,998261.0,1360223.0,595992.0,530563.0,262440.0,226023.0,7259.0,4177436.0,2025,5,3,Thursday,False,True,5720059.154929577,2277316.0714285714,317896.1538461538,287151.4285714286,29435.227272727272,961900.9803921569,17383.720930232557,0.7303134262868354,0.5972921444965369,0.825552611520453,0.7871212799617922,1.4139180789869898,1.037800168987269,0.41757458193979935
2025-05-23,39780.0,1031719.0,1350033.0,594017.0,524190.0,276688.0,222482.0,6449.0,3867945.0,2025,5,4,Friday,False,True,5719113.207547169,2275682.2580645164,318995.3846153846,287064.70588235295,29388.043478260868,965228.1553398058,17384.848484848484,0.6763190130413411,0.5932431890329947,0.8673730509725243,0.7750238724616298,1.3536117172763251,1.068886142921086,0.3709552030678055
2025-05-24,24931.0,913459.0,892650.0,532950.0,468696.0,150831.0,123603.0,3341.0,2613079.0,2025,5,5,Saturday,True,True,3212641.516516517,1391093.5047193244,118529.28841991341,150498.80576044958,17291.094911377928,956502.2916666667,4867.136752136752,0.8133739748322043,0.641689431351422,1.2725209271960816,0.8212889090744022,1.4418404460665382,0.9549992801463492,0.68644054402894
2025-05-25,26605.0,900233.0,734847.0,512342.0,443567.0,134252.0,114432.0,2743.0,2265268.0,2025,5,6,Sunday,True,True,2391359.493670886,963553.3333333334,97502.5641025641,104090.81632653062,17024.358974358973,853056.5217391305,3515.5181843040746,0.9472720458782516,0.7626427874603031,1.3769073791616264,1.0993477046142985,1.5627607500564804,1.0553028750834594,0.7802548176956733
2025-05-26,18515.0,840714.0,796572.0,463543.0,399174.0,130049.0,108449.0,3307.0,2225230.0,2025,5,0,Monday,False,True,5716296.875,2267007.727652465,319412.2631848438,286301.64835164836,29366.565217391304,962588.775510204,17395.0,0.38927824230612584,0.35137595266376415,0.40715092997146657,0.3787927894386348,0.6304789090225352,0.873388534532198,0.19011210117849958
2025-05-27,41019.0,970362.0,1458610.0,574207.0,504691.0,281318.0,243011.0,7983.0,4131820.0,2025,5,1,Tuesday,False,True,5706690.286470871,2276651.138375917,319988.21371610847,286533.8312236287,29395.263424518744,962189.3092783506,17288.257575757576,0.7240308817521615,0.6406822615082437,0.8791511310150428,0.8481057854921822,1.3954288964046444,1.0084938490199804,0.46175850660590256
2025-05-28,43951.0,960376.0,1439867.0,585014.0,517078.0,273219.0,241099.0,7971.0,4319577.0,2025,5,2,Wednesday,False,True,5723566.349206349,2275398.146853147,318580.4212454213,287037.86075036076,29373.234811165843,962160.6969520481,17459.37669376694,0.7547002579255447,0.6327978257305525,0.8576139077596463,0.8399553960224286,1.4962941699323022,0.9981451155116794,0.4565455078843494
2025-05-29,42557.0,990565.0,1451583.0,603540.0,534290.0,272341.0,233835.0,7730.0,4330609.0,2025,5,3,Thursday,False,True,5720059.154929577,2277316.0714285714,317896.1538461538,287151.4285714286,29435.227272727272,961900.9803921569,17383.720930232557,0.7570916458561199,0.637409544600199,0.8566980024923476,0.8143264380167756,1.445784658147705,1.0297993454546195,0.44466889632107026
2025-05-30,42154.0,1015385.0,1417061.0,601404.0,533129.0,267632.0,220334.0,6788.0,4013939.0,2025,5,4,Friday,False,True,5719113.207547169,2275682.2580645164,318995.3846153846,287064.70588235295,29388.043478260868,965228.1553398058,17384.848484848484,0.7018463972181992,0.6226972131009275,0.8389839254968724,0.7675412389090387,1.4343928690313275,1.051963719026137,0.39045494160711175
2025-05-31,25399.0,910906.0,928331.0,563611.0,498973.0,145270.0,116390.0,2743.0,2703804.0,2025,5,5,Saturday,True,True,3212641.516516517,1391093.5047193244,118529.28841991341,150498.80576044958,17291.094911377928,956502.2916666667,4867.136752136752,0.8416139759445517,0.6673390371320193,1.2256042530631952,0.7733616184653259,1.468906401253219,0.9523301804251645,0.5635756995723982
2025-06-01,27401.0,910180.0,757386.0,537110.0,471081.0,121796.0,99548.0,2520.0,2216471.0,2025,6,6,Sunday,True,True,2614790.909090909,1083173.4375,98477.77777777777,108991.8918918919,18115.88785046729,922322.9166666667,3888.6792452830186,0.8476666307405076,0.6992287419345067,1.236786641092181,0.9133523445830337,1.5125397234832851,0.9868344194346249,0.6480349344978167
2025-06-02,37700.0,896736.0,1433260.0,536609.0,475683.0,232864.0,207612.0,7190.0,3825105.0,2025,6,0,Monday,False,True,5617044.604105571,2142238.6363636362,332142.8259141494,294851.81305398874,29239.31623931624,982727.9974489796,16141.036585365855,0.6809817741529381,0.6690477781844608,0.7010959798968818,0.7041231927645814,1.289359836305174,0.9124966443693449,0.4454484668301141
2025-06-03,42931.0,926194.0,1504149.0,563793.0,500569.0,263483.0,245856.0,8081.0,4277676.0,2025,6,1,Tuesday,False,True,5609193.269617707,2142021.7741935486,332150.9479956663,295377.47002893756,29264.064407814407,980691.0496719775,16245.212765957447,0.7626187571696106,0.7022099486202927,0.7932628270067071,0.8323451344339633,1.4670211014344303,0.944429951012395,0.4974388526898268
2025-06-04,45757.0,1017096.0,1542346.0,597848.0,527257.0,282470.0,245882.0,8434.0,4453078.0,2025,6,2,Wednesday,False,True,5598098.412698412,2141323.880597015,331925.3521126761,295093.58974358975,29288.636363636364,983069.7916666667,16168.181818181818,0.7954626145726356,0.7202768408719115,0.8510045954673331,0.8332339588048989,1.5622782649181346,1.0346122000917617,0.5216418330053416
2025-06-05,43649.0,1030065.0,1435569.0,610503.0,539708.0,276354.0,239951.0,7400.0,4209248.0,2025,6,3,Thursday,False,True,5622586.098901099,2148801.8537200503,332244.5887445888,295330.26737967914,29238.605737883066,983602.9172445678,16165.116279069767,0.7486320219840961,0.6680788168135248,0.8317787839501748,0.8124836039630063,1.492855042107773,1.0472366256147243,0.45777585958854844
2025-06-06,41920.0,1041083.0,1387859.0,588357.0,518370.0,275908.0,232473.0,6642.0,3971366.0,2025,6,4,Friday,False,True,5597701.612903226,2153018.4615384615,333809.45945945947,294857.4074074074,29278.571428571428,983598.0769230769,16175.0,0.7094636825309927,0.6446108218729769,0.826543383302499,0.788425164706104,1.431763844840205,1.0584435090161515,0.4106336939721793
2025-06-07,26651.0,953498.0,914494.0,560695.0,496566.0,142141.0,128292.0,2939.0,2746462.0,2025,6,5,Saturday,True,True,3220746.987951807,1403253.9682539683,123109.57446808512,158940.54054054053,17338.235294117647,983351.923076923,5080.645161290323,0.852740687261056,0.6516952887280131,1.1545893210511307,0.8071697728200246,1.537122985581001,0.9696406521649852,0.5784698412698412
2025-06-08,27726.0,968131.0,756088.0,547858.0,479586.0,135005.0,125365.0,2486.0,2419073.0,2025,6,6,Sunday,True,True,2614790.909090909,1083173.4375,98477.77777777777,108991.8918918919,18115.88785046729,922322.9166666667,3888.6792452830186,0.9251496903976331,0.6980304112193483,1.3709184249125579,1.1502231755399608,1.530479777135782,1.0496659927944614,0.6392916060164969
2025-06-09,40161.0,961646.0,1419682.0,561829.0,492176.0,255303.0,222549.0,7392.0,3894637.0,2025,6,0,Monday,False,True,5617044.604105571,2142238.6363636362,332142.8259141494,294851.81305398874,29239.31623931624,982727.9974489796,16141.036585365855,0.6933605257742406,0.6627095487409624,0.7686542658187338,0.7547825387095389,1.3735273311897107,0.9785474744754342,0.4579631525463426
2025-06-10,42936.0,954511.0,1443471.0,572615.0,506704.0,275576.0,239058.0,7558.0,4242094.0,2025,6,1,Tuesday,False,True,5609193.269617707,2142021.7741935486,332150.9479956663,295377.47002893756,29264.064407814407,980691.0496719775,16245.212765957447,0.7562752424626508,0.6738825054864129,0.8296709723784849,0.8093305152101815,1.4671919594509493,0.973304488013086,0.465244752955044
2025-06-11,46251.0,1003515.0,1533682.0,593244.0,525009.0,282392.0,244814.0,8316.0,4389844.0,2025,6,2,Wednesday,False,True,5598098.412698412,2141323.880597015,331925.3521126761,295093.58974358975,29288.636363636364,983069.7916666667,16168.181818181818,0.784166993213682,0.7162307458003034,0.8507696028718488,0.8296147680223136,1.57914487467991,1.0207973111437705,0.514343547933652
2025-06-12,45320.0,1034603.0,1518029.0,613180.0,542010.0,282071.0,241736.0,7676.0,4389106.0,2025,6,3,Thursday,False,True,5622586.098901099,2148801.8537200503,332244.5887445888,295330.26737967914,29238.605737883066,983602.9172445678,16165.116279069767,0.7806205050124221,0.7064536906332042,0.8489859866968084,0.8185276847673121,1.5500055100534784,1.0518502760222612,0.47484966191914835
2025-06-13,42554.0,1038680.0,1440700.0,600724.0,529728.0,271326.0,223767.0,6646.0,4016599.0,2025,6,4,Friday,False,True,5597701.612903226,2153018.4615384615,333809.45945945947,294857.4074074074,29278.571428571428,983598.0769230769,16175.0,0.7175443204656289,0.6691535747308609,0.8128169897862108,0.7588990284067,1.4534179068065383,1.0560004379524939,0.4108809891808346
2025-06-14,27033.0,920854.0,848789.0,548137.0,484827.0,137307.0,117635.0,2812.0,2648754.0,2025,6,5,Saturday,True,True,3220746.987951807,1403253.9682539683,123109.57446808512,158940.54054054053,17338.235294117647,983351.923076923,5080.645161290323,0.8224036255901123,0.6048719755669928,1.1153234879842382,0.7401195415589716,1.5591552162849873,0.9364439916064169,0.5534730158730158
2025-06-15,28137.0,926691.0,708559.0,523431.0,456312.0,128639.0,107802.0,2227.0,2060343.0,2025,6,6,Sunday,True,True,2614790.909090909,1083173.4375,98477.77777777777,108991.8918918919,18115.88785046729,922322.9166666667,3888.6792452830186,0.7879570763523591,0.6541510117118248,1.3062743991876342,0.9890827485307611,1.553167044985555,1.0047359587996791,0.5726880155264436
2025-06-16,39076.0,953519.0,1422102.0,551055.0,483183.0,259549.0,233061.0,7310.0,3881697.0,2025,6,0,Monday,False,True,5617044.604105571,2142238.6363636362,332142.8259141494,294851.81305398874,29239.31623931624,982727.9974489796,16141.036585365855,0.6910568232203136,0.6638392081350754,0.7814379229346562,0.7904343459381253,1.3364197603040047,0.9702776378358997,0.45288293359223003
2025-06-17,43724.0,963515.0,1462892.0,574699.0,506016.0,278874.0,252443.0,7787.0,4244501.0,2025,6,1,Tuesday,False,True,5609193.269617707,2142021.7741935486,332150.9479956663,295377.47002893756,29264.064407814407,980691.0496719775,16245.212765957447,0.7567043594290848,0.6829491733578503,0.8396001928726652,0.8546454134611846,1.494119182854325,0.9824857689098696,0.4793412134507711
2025-06-18,45681.0,1022007.0,1488512.0,594075.0,524562.0,287437.0,258760.0,7816.0,4352533.0,2025,6,2,Wednesday,False,True,5598098.412698412,2141323.880597015,331925.3521126761,295093.58974358975,29288.636363636364,983069.7916666667,16168.181818181818,0.7775020514335651,0.6951363189322828,0.8659688034387504,0.8768743510316154,1.5596834018778614,1.0396077762366396,0.4834186111892044
2025-06-19,30585.0,986519.0,1166095.0,569203.0,499929.0,151719.0,128671.0,4879.0,3312985.0,2025,6,3,Thursday,False,True,5622586.098901099,2148801.8537200503,332244.5887445888,295330.26737967914,29238.605737883066,983602.9172445678,16165.116279069767,0.5892279712083918,0.5426721863540988,0.4566485208179964,0.4356851098996211,1.0460485111426663,1.002964695106437,0.30182275931520647
2025-06-20,42403.0,1045862.0,1402524.0,590494.0,520330.0,275003.0,238453.0,6535.0,3917085.0,2025,6,4,Friday,False,True,5597701.612903226,2153018.4615384615,333809.45945945947,294857.4074074074,29278.571428571428,983598.0769230769,16175.0,0.6997666669067806,0.6514221893842063,0.8238322558183784,0.8087061542616331,1.4482605513539888,1.0633022009067963,0.40401854714064916
2025-06-21,28166.0,1012175.0,976504.0,564325.0,498572.0,157226.0,137237.0,3008.0,2750049.0,2025,6,5,Saturday,True,True,3220746.987951807,1403253.9682539683,123109.57446808512,158940.54054054053,17338.235294117647,983351.923076923,5080.645161290323,0.8538544040520422,0.6958854363440982,1.2771224389274387,0.8634486804516392,1.6245021204410517,1.0293110495303543,0.5920507936507936
2025-06-22,27873.0,958088.0,720311.0,540947.0,472985.0,124808.0,106241.0,1961.0,2036654.0,2025,6,6,Sunday,True,True,2614790.909090909,1083173.4375,98477.77777777777,108991.8918918919,18115.88785046729,922322.9166666667,3888.6792452830186,0.7788974609476856,0.6650006130712562,1.2673722215953966,0.9747605822401865,1.538594201403219,1.0387771817083225,0.5042843279961184
2025-06-23,38543.0,1004985.0,1364226.0,560860.0,493387.0,267072.0,220195.0,6749.0,3675099.0,2025,6,0,Monday,False,True,5617044.604105571,2142238.6363636362,332142.8259141494,294851.81305398874,29239.31623931624,982727.9974489796,16141.036585365855,0.6542762714246246,0.6368226101624788,0.8040878175373609,0.7467988672658468,1.3181908798596902,1.0226481820084463,0.41812680147933795
2025-06-24,41227.0,1002946.0,1358019.0,576576.0,508897.0,274554.0,228175.0,6962.0,3857783.0,2025,6,1,Tuesday,False,True,5609193.269617707,2142021.7741935486,332150.9479956663,295377.47002893756,29264.064407814407,980691.0496719775,16245.212765957447,0.6877607553470745,0.6339893535915533,0.8265940580834417,0.7724861343610471,1.408792689404795,1.0226931308646758,0.42855702170852294
2025-06-25,43104.0,1022469.0,1365564.0,588529.0,518042.0,275835.0,234020.0,7305.0,4044532.0,2025,6,2,Wednesday,False,True,5598098.412698412,2141323.880597015,331925.3521126761,295093.58974358975,29288.636363636364,983069.7916666667,16168.181818181818,0.7224831901535727,0.6377195025813993,0.8310151612232514,0.7930365420792187,1.4716970590517575,1.0400777326974284,0.45181332583637895
2025-06-26,42597.0,1043189.0,1430075.0,598642.0,530476.0,284518.0,237407.0,7544.0,4176259.0,2025,6,3,Thursday,False,True,5622586.098901099,2148801.8537200503,332244.5887445888,295330.26737967914,29238.605737883066,983602.9172445678,16165.116279069767,0.7427647930222403,0.6655220431442874,0.8563510426913881,0.8038695190519959,1.456875214292763,1.060579408327046,0.466683930369731
2025-06-27,41129.0,1035138.0,1309638.0,597400.0,527598.0,269267.0,236144.0,6180.0,3745156.0,2025,6,4,Friday,False,True,5597701.612903226,2153018.4615384615,333809.45945945947,294857.4074074074,29278.571428571428,983598.0769230769,16175.0,0.6690524538441036,0.6082799675875443,0.8066488002947142,0.8008752504349246,1.4047474993900952,1.0523993735715222,0.3820710973724884
2025-06-28,26021.0,979613.0,915611.0,562919.0,496660.0,140546.0,133369.0,3356.0,2779328.0,2025,6,5,Saturday,True,True,3220746.987951807,1403253.9682539683,123109.57446808512,158940.54054054053,17338.235294117647,983351.923076923,5080.645161290323,0.8629451522882516,0.6524912957411911,1.1416333831649714,0.8391125357094273,1.5007871077184054,0.9961977772258543,0.6605460317460317
2025-06-29,27283.0,977389.0,747156.0,531999.0,462437.0,140810.0,128084.0,2965.0,2443017.0,2025,6,6,Sunday,True,True,2614790.909090909,1083173.4375,98477.77777777777,108991.8918918919,18115.88785046729,922322.9166666667,3888.6792452830186,0.9343068279403532,0.6897842710438512,1.42986573395013,1.1751699853696034,1.5060261040033016,1.0597036919914617,0.7624696749150898
2025-06-30,38466.0,978738.0,1322280.0,552156.0,484319.0,265402.0,226634.0,7013.0,3570724.0,2025,6,0,Monday,False,True,5617044.604105571,2142238.6363636362,332142.8259141494,294851.81305398874,29239.31623931624,982727.9974489796,16141.036585365855,0.6356944357162682,0.6172421585321218,0.7990598600753754,0.7686369558070252,1.3155574393452207,0.9959398760803222,0.43448262835599305
2025-07-01,41983.0,962753.0,1352948.0,552919.0,486400.0,245375.0,212691.0,7169.0,3827420.0,2025,7,1,Tuesday,False,True,5285514.705882353,2077013.3333333335,316417.7215189873,282205.1282051282,28382.926829268294,961250.0,13800.0,0.7241338285825578,0.6513911000410846,0.775478057366884,0.7536751771760858,1.4791638738506487,1.001563589076723,0.5194927536231884
2025-07-02,44290.0,989748.0,1398660.0,560964.0,493313.0,267728.0,213549.0,7241.0,3850919.0,2025,7,2,Wednesday,False,True,5287003.448275862,2066837.931034483,316178.4810126582,284209.45945945947,28384.920634920636,960340.594059406,13769.811320754716,0.7283745958697678,0.6767148884769838,0.8467622437255036,0.7513789316025961,1.5603355235565497,1.0306218503336275,0.5258605097286928
2025-07-03,42904.0,1033884.0,1348055.0,559318.0,487405.0,266204.0,208213.0,6320.0,3599213.0,2025,7,3,Thursday,False,True,5270933.763203144,2074822.8050595238,315829.3246659444,283431.8181818182,28327.380952380954,962791.050658464,13733.531914893618,0.6828416295280402,0.649720543225534,0.8428729671684745,0.7346140646299415,1.514577011977306,1.0738404758674427,0.4601875205274867
2025-07-04,23960.0,823510.0,777322.0,370595.0,344431.0,141707.0,107177.0,3278.0,2325024.0,2025,7,4,Friday,False,True,5270115.625,2081210.3448275863,316553.4246575342,282100.0,28373.19587628866,960044.1176470588,13787.234042553193,0.44117134526816004,0.3734951644517199,0.4476558740544564,0.37992555831265507,0.8444589782719278,0.8577834964692187,0.23775617283950615
2025-07-05,23179.0,869114.0,865914.0,473374.0,417488.0,147313.0,108845.0,3032.0,2279010.0,2025,7,5,Saturday,True,True,2828115.734700218,1350311.2121212122,127832.47422680413,154536.685660019,15865.753588516745,925137.4655501378,5089.622641509433,0.8058404300917256,0.6412699474217728,1.1523910562712958,0.7043311401116704,1.4609454174793441,0.9394430907445488,0.5957219647822058
2025-07-06,26944.0,928952.0,739870.0,495165.0,427051.0,146359.0,106648.0,2336.0,1991884.0,2025,7,6,Sunday,True,True,2340581.787141905,1097483.6363636362,104631.02931379082,106196.31130063965,16527.62520777625,883173.5503696445,3581.034482758621,0.8510208918750489,0.6741512816095001,1.3988106679240062,1.0042533369928606,1.6302402590375078,1.0518340360297196,0.6523254694270583
2025-07-07,39214.0,941314.0,1345304.0,539785.0,472168.0,248037.0,211317.0,6657.0,3494924.0,2025,7,0,Monday,False,True,5258977.525118984,2071709.7350230415,316438.35994194483,283053.1968124537,28358.00304878049,960258.5532746823,13839.36170212766,0.6645634029251585,0.6493689619048093,0.7838398607725876,0.7465628453580586,1.3828195142142197,0.980271403769248,0.4810192943346913
2025-07-08,42288.0,954114.0,1411193.0,562596.0,496160.0,262625.0,241553.0,7104.0,3921235.0,2025,7,1,Tuesday,False,True,5285514.705882353,2077013.3333333335,316417.7215189873,282205.1282051282,28382.926829268294,961250.0,13800.0,0.7418832825563764,0.6794337702855382,0.8299945993519223,0.8559483009267672,1.4899097705594224,0.9925763328998699,0.5147826086956522
2025-07-09,45132.0,985054.0,1451732.0,575949.0,511140.0,266421.0,236794.0,7633.0,4071286.0,2025,7,2,Wednesday,False,True,5287003.448275862,2066837.931034483,316178.4810126582,284209.45945945947,28384.920634920636,960340.594059406,13769.811320754716,0.7700554841377457,0.7023927605554378,0.8426285025682498,0.8331672015785845,1.5899991611911086,1.0257340011382101,0.5543285831734722
2025-07-10,43008.0,991161.0,1393906.0,584824.0,519365.0,263195.0,229112.0,7343.0,4019506.0,2025,7,3,Thursday,False,True,5270933.763203144,2074822.8050595238,315829.3246659444,283431.8181818182,28327.380952380954,962791.050658464,13733.531914893618,0.7625794936108907,0.6718192978219221,0.8333456694636694,0.8083496110977468,1.5182483715066188,1.0294663617013613,0.5346767346888187
2025-07-11,42338.0,1015625.0,1338079.0,585622.0,518022.0,272902.0,225186.0,6312.0,3752472.0,2025,7,4,Friday,False,True,5270115.625,2081210.3448275863,316553.4246575342,282100.0,28373.19587628866,960044.1176470588,13787.234042553193,0.7120284007051553,0.6429330909898252,0.8621040833636254,0.7982488479262673,1.4921829808880167,1.0578940918769053,0.4578148148148148
2025-07-12,27698.0,977883.0,960786.0,548482.0,489791.0,149285.0,135356.0,3333.0,2696784.0,2025,7,5,Saturday,True,True,2828115.734700218,1350311.2121212122,127832.47422680413,154536.685660019,15865.753588516745,925137.4655501378,5089.622641509433,0.9535621074170294,0.7115293062631801,1.1678174963204904,0.8758826386233199,1.7457727327901496,1.057013726515223,0.6548619091751623
2025-07-13,27530.0,947683.0,750701.0,512419.0,460304.0,132047.0,115440.0,2436.0,2144413.0,2025,7,6,Sunday,True,True,2340581.787141905,1097483.6363636362,104631.02931379082,106196.31130063965,16527.62520777625,883173.5503696445,3581.034482758621,0.9161880229011575,0.6840202214653025,1.2620252411355724,1.0870434065566708,1.665696048519247,1.07304277806254,0.6802503610977371
2025-07-14,39010.0,949245.0,1339218.0,551976.0,488753.0,257985.0,218295.0,6862.0,3605195.0,2025,7,0,Monday,False,True,5258977.525118984,2071709.7350230415,316438.35994194483,283053.1968124537,28358.00304878049,960258.5532746823,13839.36170212766,0.6855315472979574,0.6464312916814601,0.8152772629946984,0.771215455109799,1.3756257777706102,0.9885306376734435,0.4958321162272273
2025-07-15,42917.0,964769.0,1440912.0,568443.0,505180.0,273821.0,240472.0,7585.0,4039160.0,2025,7,1,Tuesday,False,True,5285514.705882353,2077013.3333333335,316417.7215189873,282205.1282051282,28382.926829268294,961250.0,13800.0,0.7641942601171348,0.6937422966310599,0.8653782053846462,0.8521177539523896,1.5120709804932542,1.0036608582574773,0.5496376811594202
2025-07-16,44891.0,984544.0,1448849.0,582827.0,517696.0,274639.0,239169.0,7572.0,4117704.0,2025,7,2,Wednesday,False,True,5287003.448275862,2066837.931034483,316178.4810126582,284209.45945945947,28384.920634920636,960340.594059406,13769.811320754716,0.7788351266051886,0.7009978761493068,0.8686201512524973,0.8415237144283575,1.5815087375926185,1.0252029395511493,0.5498986023568101
2025-07-17,43352.0,1012349.0,1405028.0,598461.0,529651.0,272814.0,230292.0,7131.0,4029813.0,2025,7,3,Thursday,False,True,5270933.763203144,2074822.8050595238,315829.3246659444,283431.8181818182,28327.380952380954,962791.050658464,13733.531914893618,0.7645349346130057,0.6771797555790272,0.8638019927014627,0.8125128698580707,1.5303920991805,1.0514732135364602,0.519240064696441
2025-07-18,42209.0,1034137.0,1335124.0,591287.0,522779.0,278160.0,223832.0,6115.0,3739145.0,2025,7,4,Friday,False,True,5270115.625,2081210.3448275863,316553.4246575342,282100.0,28373.19587628866,960044.1176470588,13787.234042553193,0.7094996136825745,0.6415132441169015,0.8787142337851171,0.7934491315136476,1.487636436305501,1.0771765390683639,0.4435262345679012
2025-07-19,28090.0,991761.0,936694.0,555768.0,492020.0,168171.0,133834.0,3241.0,2655440.0,2025,7,5,Saturday,True,True,2828115.734700218,1350311.2121212122,127832.47422680413,154536.685660019,15865.753588516745,925137.4655501378,5089.622641509433,0.9389431865953952,0.6936874933657269,1.3155577330188108,0.8660338445101318,1.770480036972897,1.0720147404367026,0.6367859128822985
2025-07-20,27099.0,957647.0,753370.0,526015.0,460599.0,140696.0,107317.0,2433.0,2111747.0,2025,7,6,Sunday,True,True,2340581.787141905,1097483.6363636362,104631.02931379082,106196.31130063965,16527.62520777625,883173.5503696445,3581.034482758621,0.9022316637688033,0.6864521483857288,1.3446871441745023,1.0105529908302342,1.6396184968697085,1.0843248188299857,0.6794126143476167
2025-07-21,39272.0,970671.0,1361375.0,552298.0,485347.0,267689.0,224453.0,6941.0,3671940.0,2025,7,0,Monday,False,True,5258977.525118984,2071709.7350230415,316438.35994194483,283053.1968124537,28358.00304878049,960258.5532746823,13839.36170212766,0.6982231778822676,0.6571263227591383,0.845943582974932,0.7929710829188014,1.3848647922226969,1.010843378264957,0.5015404719809362
2025-07-22,43313.0,962297.0,1433292.0,566171.0,500828.0,295419.0,245466.0,7645.0,4085230.0,2025,7,1,Tuesday,False,True,5285514.705882353,2077013.3333333335,316417.7215189873,282205.1282051282,28382.926829268294,961250.0,13800.0,0.7729105351752154,0.6900735671733771,0.9336360763291596,0.8698141013992369,1.5260230299905473,1.0010892067620285,0.5539855072463769
2025-07-23,44930.0,981504.0,1431350.0,583481.0,515261.0,298419.0,240979.0,7619.0,4124410.0,2025,7,2,Wednesday,False,True,5287003.448275862,2066837.931034483,316178.4810126582,284209.45945945947,28384.920634920636,960340.594059406,13769.811320754716,0.7801035199523099,0.6925313197070987,0.9438308358121715,0.847892256852816,1.5828827065566895,1.0220373959733757,0.5533118662647301
2025-07-24,43574.0,1016811.0,1422129.0,592456.0,526974.0,277559.0,236538.0,7277.0,4079094.0,2025,7,3,Thursday,False,True,5270933.763203144,2074822.8050595238,315829.3246659444,283431.8181818182,28327.380952380954,962791.050658464,13733.531914893618,0.7738845114079249,0.6854219052017799,0.8788259300923901,0.8345499158046669,1.5382290397142255,1.0561076562817977,0.5298709789364747
2025-07-25,40952.0,1015431.0,1280081.0,588419.0,518744.0,262297.0,222755.0,5508.0,3656150.0,2025,7,4,Friday,False,True,5270115.625,2081210.3448275863,316553.4246575342,282100.0,28373.19587628866,960044.1176470588,13787.234042553193,0.693751382352261,0.6150656531096792,0.8286026293469042,0.78963133640553,1.4433340600247075,1.057692017830063,0.39949999999999997
2025-07-26,27624.0,1015567.0,922083.0,563385.0,499170.0,159323.0,137302.0,3040.0,2790923.0,2025,7,5,Saturday,True,True,2828115.734700218,1350311.2121212122,127832.47422680413,154536.685660019,15865.753588516745,925137.4655501378,5089.622641509433,0.9868489347009838,0.6828670248182966,1.2463421439948386,0.8884751178245447,1.7411085988372839,1.0977471325259622,0.5972937905468026
2025-07-27,25966.0,925287.0,704038.0,523954.0,457180.0,127073.0,112224.0,2128.0,2149759.0,2025,7,6,Sunday,True,True,2340581.787141905,1097483.6363636362,104631.02931379082,106196.31130063965,16527.62520777625,883173.5503696445,3581.034482758621,0.9184720704099302,0.6415020476594392,1.2144867620379152,1.0567598688272335,1.5710666035543324,1.0476842287823602,0.5942416947520461
2025-07-28,38491.0,975543.0,1355899.0,557783.0,490341.0,262687.0,227711.0,6780.0,3664264.0,2025,7,0,Monday,False,True,5258977.525118984,2071709.7350230415,316438.35994194483,283053.1968124537,28358.00304878049,960258.5532746823,13839.36170212766,0.6967635785659868,0.6544830953284678,0.830136397016448,0.8044812867839733,1.3573240659361332,1.0159170118018679,0.4899069874702129
2025-07-29,42045.0,970476.0,1391706.0,574356.0,506126.0,275947.0,240606.0,7230.0,3942701.0,2025,7,1,Tuesday,False,True,5285514.705882353,2077013.3333333335,316417.7215189873,282205.1282051282,28382.926829268294,961250.0,13800.0,0.7459445710390495,0.6700515483771569,0.8720971716605993,0.852592585862257,1.481348285640629,1.0095979193758127,0.5239130434782608
2025-07-30,43086.0,978621.0,1381553.0,580299.0,511770.0,272520.0,241950.0,7350.0,3995693.0,2025,7,2,Wednesday,False,True,5287003.448275862,2066837.931034483,316178.4810126582,284209.45945945947,28384.920634920636,960340.594059406,13769.811320754716,0.7557575929523992,0.6684379937368927,0.8619182403785717,0.8513087511589758,1.5179186355375367,1.0190353360606386,0.5337763770896137
2025-07-31,42155.0,958049.0,1310912.0,572629.0,506462.0,260275.0,229384.0,7004.0,3718979.0,2025,7,3,Thursday,False,True,5270933.763203144,2074822.8050595238,315829.3246659444,283431.8181818182,28327.380952380954,962791.050658464,13733.531914893618,0.705563599748212,0.6318187735373343,0.824100169530791,0.8093092775238554,1.4881361630594663,0.9950746834889868,0.5099926255972337
2025-08-01,41345.0,1010258.0,1318643.0,579089.0,508733.0,225675.0,174071.0,5983.0,3597962.0,2025,8,4,Friday,False,True,5142805.084745763,2022153.5714285711,312300.0,272525.0,27989.423076923074,970850.4854368932,13316.666666666668,0.6996108039700025,0.6520983463528099,0.7226224783861671,0.6387340610953124,1.47716513792985,1.0405907141771402,0.44928660826032535
2025-08-02,28936.0,992084.0,924525.0,541316.0,476734.0,151706.0,125916.0,3134.0,2661432.0,2025,8,5,Saturday,True,True,2945506.25,1374088.888888889,133403.7037037037,151762.5,16640.145985401457,957488.7755102041,4719.444444444444,0.903556731546572,0.6728276514538927,1.1371948138482468,0.8296911292315295,1.7389270518050624,1.0361312063124308,0.6640612124779282
2025-08-03,27902.0,937381.0,766036.0,508382.0,443041.0,131196.0,102414.0,2438.0,2109148.0,2025,8,6,Sunday,True,True,2381887.720588235,1099990.1639344264,104098.1819912431,103998.25949367089,17984.8125,919344.6279761905,3612.239583333333,0.885494300075203,0.696402590783226,1.2603101945722397,0.9847664806951187,1.5514201218389128,1.0196187278143063,0.674927546680124
2025-08-04,39688.0,963338.0,1367299.0,541255.0,472834.0,253148.0,207908.0,6910.0,3603453.0,2025,8,0,Monday,False,True,5126568.518518518,2019618.5185185184,312460.0,272998.3333333334,28005.31914893617,972075.8241758242,13400.0,0.7028976569772505,0.6770085476355088,0.810177302694745,0.7615724149720082,1.4171593542260208,0.9910111701592491,0.5156716417910447
2025-08-05,44101.0,957256.0,1424105.0,563946.0,494700.0,272605.0,227260.0,7688.0,3990441.0,2025,8,1,Tuesday,False,True,5146831.5476190485,2013055.0,312109.3058350101,272936.40116561437,27963.24375294672,971388.4801288936,13413.723776223775,0.775319915384835,0.7074347198660742,0.873427978286898,0.8326481884770712,1.5771060178006964,0.9854512582576453,0.5731443503874151
2025-08-06,44869.0,975465.0,1415758.0,572039.0,503937.0,273051.0,222043.0,7627.0,3994828.0,2025,8,2,Wednesday,False,True,5145409.141791045,2012229.337686567,312848.643761302,273273.76395534293,27967.2903453136,972300.5,13316.638297872341,0.776386850863614,0.7035768604922925,0.8727894636753902,0.8125295190660351,1.6043384770565938,1.0032546522397139,0.5727421462831651
2025-08-07,43838.0,1004118.0,1408353.0,586245.0,514904.0,265143.0,214868.0,7256.0,3944318.0,2025,8,3,Thursday,False,True,5138942.700341006,2014691.217948718,311722.78138528136,273115.0462962963,27957.998182919444,973126.8103280916,13384.991496598639,0.7675349249833562,0.6990416136493272,0.8505730598890366,0.7867307309275616,1.5679949513260296,1.0318470206996555,0.5420997093531121
2025-08-08,41991.0,1019042.0,1326591.0,578625.0,508787.0,260507.0,212368.0,6315.0,3654469.0,2025,8,4,Friday,False,True,5142805.084745763,2022153.5714285711,312300.0,272525.0,27989.423076923074,970850.4854368932,13316.666666666668,0.7105983874130553,0.6560288094552661,0.8341562600064041,0.7792606182918999,1.5002452849634136,1.0496384513228318,0.47421777221526906
2025-08-09,28414.0,985098.0,922892.0,534173.0,470918.0,153113.0,131416.0,2595.0,2671051.0,2025,8,5,Saturday,True,True,2945506.25,1374088.888888889,133403.7037037037,151762.5,16640.145985401457,957488.7755102041,4719.444444444444,0.90682238409781,0.6716392276094058,1.1477417474110885,0.8659319660653982,1.7075571347107077,1.028835037230681,0.5498528546203649
2025-08-10,27679.0,964503.0,736132.0,516631.0,448299.0,136708.0,116733.0,2109.0,2201175.0,2025,8,6,Sunday,True,True,2381887.720588235,1099990.1639344264,104098.1819912431,103998.25949367089,17984.8125,919344.6279761905,3612.239583333333,0.9241304621430241,0.6692168931465854,1.3132602067104313,1.122451477249041,1.5390207709977515,1.049120178276583,0.5838483166318218
2025-08-11,38985.0,959647.0,1325167.0,544096.0,474195.0,254512.0,211894.0,6657.0,3541477.0,2025,8,0,Monday,False,True,5126568.518518518,2019618.5185185184,312460.0,272998.3333333334,28005.31914893617,972075.8241758242,13400.0,0.6908084788503754,0.6561471821777857,0.814542661460667,0.7761732367108467,1.39205698005698,0.9872141412565609,0.4967910447761194
2025-08-12,43664.0,966304.0,1393854.0,557546.0,491063.0,272560.0,225090.0,7367.0,3891327.0,2025,8,1,Tuesday,False,True,5146831.5476190485,2013055.0,312109.3058350101,272936.40116561437,27963.24375294672,971388.4801288936,13413.723776223775,0.7560626307655529,0.6924073112756483,0.8732837980296654,0.8246976183415645,1.5614783601562232,0.9947657603184475,0.5492136354453807
2025-08-13,44349.0,971639.0,1355986.0,569361.0,500378.0,267156.0,221321.0,7233.0,3880241.0,2025,8,2,Wednesday,False,True,5145409.141791045,2012229.337686567,312848.643761302,273273.76395534293,27967.2903453136,972300.5,13316.638297872341,0.7541170960506637,0.6738724928635415,0.8539464860325088,0.809887479853965,1.585745327932044,0.9993196547775096,0.5431550995235523
2025-08-14,43367.0,1012190.0,1364955.0,585499.0,513978.0,264290.0,210265.0,6878.0,3823077.0,2025,8,3,Thursday,False,True,5138942.700341006,2014691.217948718,311722.78138528136,273115.0462962963,27957.998182919444,973126.8103280916,13384.991496598639,0.7439423287880426,0.6775008437222183,0.8478366541755713,0.7698770274702782,1.5511482516117507,1.0401419314084444,0.5138591236122803
2025-08-15,41588.0,1028472.0,1308147.0,575069.0,503939.0,258243.0,203201.0,5990.0,3551008.0,2025,8,4,Friday,False,True,5142805.084745763,2022153.5714285711,312300.0,272525.0,27989.423076923074,970850.4854368932,13316.666666666668,0.6904807671075767,0.6469078404741763,0.8269068203650336,0.7456233373085038,1.4858469889037755,1.0593515844380266,0.4498122653316645
2025-08-16,28833.0,990201.0,912705.0,540124.0,471921.0,153433.0,120490.0,2433.0,2568833.0,2025,8,5,Saturday,True,True,2945506.25,1374088.888888889,133403.7037037037,151762.5,16640.145985401457,957488.7755102041,4719.444444444444,0.8721193512999675,0.6642255878642818,1.1501404814125877,0.7939378963841529,1.732737202263456,1.0341646036240633,0.5155267804590936
2025-08-17,27882.0,960971.0,725657.0,514796.0,444245.0,125268.0,101391.0,1642.0,2015821.0,2025,8,6,Sunday,True,True,2381887.720588235,1099990.1639344264,104098.1819912431,103998.25949367089,17984.8125,919344.6279761905,3612.239583333333,0.8463123524152386,0.6596940807220332,1.2033639551028639,0.9749297776100805,1.550308072436118,1.04527831104582,0.454565640545022
2025-08-18,38413.0,949948.0,1264049.0,535621.0,466129.0,246904.0,200323.0,6475.0,3376936.0,2025,8,0,Monday,False,True,5126568.518518518,2019618.5185185184,312460.0,272998.3333333334,28005.31914893617,972075.8241758242,13400.0,0.6587127408522127,0.62588503145992,0.7901939448249375,0.733788362566316,1.3716322886989554,0.9772365245328621,0.4832089552238806
2025-08-19,41917.0,954649.0,1340712.0,551588.0,483349.0,269818.0,217321.0,7134.0,3788813.0,2025,8,1,Tuesday,False,True,5146831.5476190485,2013055.0,312109.3058350101,272936.40116561437,27963.24375294672,971388.4801288936,13413.723776223775,0.7361447455479139,0.6660086286763154,0.8644984143556217,0.7962331117135686,1.499003490808639,0.9827674710259355,0.5318433657211004
2025-08-20,42821.0,941839.0,1265037.0,555592.0,487739.0,255602.0,208647.0,6673.0,3712709.0,2025,8,2,Wednesday,False,True,5145409.141791045,2012229.337686567,312848.643761302,273273.76395534293,27967.2903453136,972300.5,13316.638297872341,0.721557586129615,0.6286743644511197,0.8170148891392345,0.7635090796132777,1.5311100743506743,0.9686706938852752,0.5011024442307016
2025-08-21,41317.0,993364.0,1296398.0,572855.0,503544.0,268214.0,218083.0,6538.0,3790576.0,2025,8,3,Thursday,False,True,5138942.700341006,2014691.217948718,311722.78138528136,273115.0462962963,27957.998182919444,973126.8103280916,13384.991496598639,0.7376178760951096,0.6434723040684831,0.8604247620532244,0.7985023269769134,1.4778239747237,1.020796045753878,0.4884575385543891
2025-08-22,40155.0,1022733.0,1287328.0,576344.0,505286.0,264414.0,217013.0,6102.0,3640772.0,2025,8,4,Friday,False,True,5142805.084745763,2022153.5714285711,312300.0,272525.0,27989.423076923074,970850.4854368932,13316.666666666668,0.7079350548981546,0.6366123810718065,0.8466666666666667,0.7963049261535639,1.4346490776048646,1.0534402725665417,0.45822277847309134
2025-08-23,27407.0,1006389.0,925878.0,553608.0,487215.0,166882.0,133514.0,3351.0,2669472.0,2025,8,5,Saturday,True,True,2945506.25,1374088.888888889,133403.7037037037,151762.5,16640.145985401457,957488.7755102041,4719.444444444444,0.9062863132610905,0.6738123039104699,1.2509547738693467,0.879756198006754,1.6470408387068476,1.0510713292317595,0.7100412007062978
2025-08-24,26911.0,962150.0,739780.0,528050.0,458481.0,149695.0,109360.0,2459.0,2154935.0,2025,8,6,Sunday,True,True,2381887.720588235,1099990.1639344264,104098.1819912431,103998.25949367089,17984.8125,919344.6279761905,3612.239583333333,0.9047172884655593,0.6725332864377326,1.4380174287058403,1.0515560599997869,1.4963180739304343,1.046560746341706,0.6807411145555476
2025-08-25,37653.0,970575.0,1287007.0,540962.0,469466.0,275475.0,207511.0,6329.0,3499592.0,2025,8,0,Monday,False,True,5126568.518518518,2019618.5185185184,312460.0,272998.3333333334,28005.31914893617,972075.8241758242,13400.0,0.682638296427435,0.6372525247709047,0.8816328490046726,0.7601181936397657,1.3444945868945868,0.9984560626460424,0.4723134328358209
2025-08-26,41461.0,964498.0,1381193.0,554316.0,484927.0,294008.0,222383.0,7249.0,3934641.0,2025,8,1,Tuesday,False,True,5146831.5476190485,2013055.0,312109.3058350101,272936.40116561437,27963.24375294672,971388.4801288936,13413.723776223775,0.7644782938000343,0.6861178656320865,0.9420033126324694,0.8147795568868104,1.4826963697883193,0.9929065659415898,0.5404166748124833
2025-08-27,43498.0,985440.0,1392630.0,565997.0,495649.0,294556.0,220687.0,7311.0,3959633.0,2025,8,2,Wednesday,False,True,5145409.141791045,2012229.337686567,312848.643761302,273273.76395534293,27967.2903453136,972300.5,13316.638297872341,0.7695467728386916,0.6920831407820979,0.9415287739739765,0.807567462041704,1.555316924268598,1.0135138262296481,0.549012433653628
2025-08-28,42332.0,1019765.0,1363724.0,574538.0,503521.0,293877.0,212908.0,6992.0,3844830.0,2025,8,3,Thursday,False,True,5138942.700341006,2014691.217948718,311722.78138528136,273115.0462962963,27957.998182919444,973126.8103280916,13384.991496598639,0.748175300679042,0.6768898319755877,0.9427511158922183,0.7795542680172258,1.5141284337682717,1.0479261173126904,0.5223761256611026
2025-08-29,40464.0,1027183.0,1289424.0,574985.0,500850.0,284378.0,205508.0,5796.0,3559792.0,2025,8,4,Friday,False,True,5142805.084745763,2022153.5714285711,312300.0,272525.0,27989.423076923074,970850.4854368932,13316.666666666668,0.6921887843968288,0.6376488997762287,0.9105923791226385,0.7540886157233281,1.4456889621766464,1.0580238825731818,0.435244055068836
2025-08-30,27458.0,963358.0,895879.0,532571.0,465081.0,174467.0,129878.0,3039.0,2575973.0,2025,8,5,Saturday,True,True,2945506.25,1374088.888888889,133403.7037037037,151762.5,16640.145985401457,957488.7755102041,4719.444444444444,0.8745433828225624,0.6519803829608306,1.3078122657486326,0.8557977102380364,1.650105715664342,1.0061298102284995,0.6439317245438493
2025-08-31,28459.0,956024.0,705740.0,524543.0,451084.0,152591.0,113092.0,2401.0,2197950.0,2025,8,6,Sunday,True,True,2381887.720588235,1099990.1639344264,104098.1819912431,103998.25949367089,17984.8125,919344.6279761905,3612.239583333333,0.922776494039438,0.6415875551793309,1.4658373189729308,1.087441275946378,1.5823906977067457,1.0398973039137174,0.6646845937567588
2025-09-01,17488.0,853219.0,673370.0,470708.0,405009.0,140632.0,100886.0,2399.0,2092253.0,2025,9,0,Monday,False,True,5744982.089552239,2314379.365079365,326433.3333333333,287153.94736842107,29658.97435897436,951296.9072164949,17097.56097560976,0.3641879064871148,0.29095057195902224,0.43081384662514044,0.3513307092747792,0.5896360335437019,0.8969008450753068,0.14031241084165477
2025-09-02,41991.0,971199.0,1346568.0,564878.0,494239.0,277073.0,228222.0,7277.0,3842843.0,2025,9,1,Tuesday,False,True,5762951.365079366,2323449.6794871795,327453.04878048785,288018.6728395062,29693.90243902439,952311.3494623655,17075.012370113807,0.6668185720403138,0.5795554824743215,0.8461457330505396,0.792386124656484,1.4141287116514025,1.0198334825562014,0.42617831497076086
2025-09-03,46061.0,960254.0,1438356.0,572264.0,503384.0,293705.0,238831.0,7483.0,4101293.0,2025,9,2,Wednesday,False,True,5785243.432835821,2325995.1836158196,327301.2780853142,288897.5016655563,29776.363636363632,953917.4934330168,17181.72682526661,0.7089231503590543,0.6183830517499346,0.8973536605727613,0.826698045580484,1.5468980887830497,1.0066426149123013,0.4355208342036881
2025-09-04,45376.0,966487.0,1469632.0,584644.0,518054.0,289721.0,232772.0,7709.0,4258378.0,2025,9,3,Thursday,False,True,5772755.223880596,2314074.193548387,328298.75,287986.88524590165,29723.364485981307,952776.6990291262,17116.666666666668,0.7376682077882054,0.6350842181712746,0.8824919376025647,0.8082729177102782,1.5266104892466357,1.0143898365533546,0.450379746835443
2025-09-05,43782.0,1005336.0,1437614.0,594321.0,526170.0,279193.0,225330.0,6830.0,4020205.0,2025,9,4,Friday,False,True,5751001.871657753,2323600.806451613,327431.3093453273,287666.21052631584,29691.265201908216,951014.2857142857,17050.0,0.6990442864942342,0.6187009386502109,0.852676552398804,0.7833036754220625,1.474575088069544,1.057119766865452,0.4005865102639296
2025-09-06,27218.0,917387.0,846107.0,560115.0,499423.0,141330.0,117043.0,2213.0,2589586.0,2025,9,5,Saturday,True,True,3220394.520547945,1402825.0,118303.61445783133,152795.5223880597,17135.164835164833,953082.0,4144.68085106383,0.8041207322509623,0.6031450822447562,1.1946380560534464,0.7660106668750549,1.5884294234592446,0.9625478185507648,0.5339373716632443
2025-09-07,28255.0,862573.0,684550.0,523680.0,460258.0,122696.0,99960.0,1425.0,2058463.0,2025,9,6,Sunday,True,True,2544627.2727272725,1099881.6666666667,99359.68992248061,105071.27659574468,17174.418604651164,886614.1509433961,2926.9662921348313,0.808944799917116,0.6223851353706231,1.2348669777021861,0.9513541972521186,1.6451794177386594,0.9728843139737672,0.4868522072936661
2025-09-08,41777.0,945027.0,1497567.0,559406.0,492346.0,266996.0,226542.0,7574.0,4051429.0,2025,9,0,Monday,False,True,5744982.089552239,2314379.365079365,326433.3333333333,287153.94736842107,29658.97435897436,951296.9072164949,17097.56097560976,0.7052117720902706,0.6470706672363739,0.8179189216787501,0.788921768536041,1.408578715310798,0.9934090953424407,0.4429871611982881
2025-09-09,45766.0,954339.0,1551093.0,575700.0,507897.0,278353.0,249487.0,8282.0,4433601.0,2025,9,1,Tuesday,False,True,5762951.365079366,2323449.6794871795,327453.04878048785,288018.6728395062,29693.90243902439,952311.3494623655,17075.012370113807,0.7693281999333585,0.6675819208369297,0.8500546903950109,0.8662181432209524,1.541259189289088,1.0021291886721493,0.48503625183287635
2025-09-10,46875.0,963539.0,1540037.0,590074.0,523856.0,277619.0,244711.0,8093.0,4472327.0,2025,9,2,Wednesday,False,True,5785243.432835821,2325995.1836158196,327301.2780853142,288897.5016655563,29776.363636363632,953917.4934330168,17181.72682526661,0.7730577030892106,0.6620981035764539,0.8482062814543485,0.8470512849338897,1.5742352079135375,1.0100863089661525,0.4710236684766067
2025-09-11,45113.0,986086.0,1550699.0,590188.0,524119.0,284101.0,239089.0,8324.0,4499093.0,2025,9,3,Thursday,False,True,5772755.223880596,2314074.193548387,328298.75,287986.88524590165,29723.364485981307,952776.6990291262,17116.666666666668,0.7793666673044197,0.6701163706519573,0.8653733832370668,0.8302079443508357,1.5177622311658912,1.034960238852205,0.4863096397273612
2025-09-12,44800.0,1034050.0,1477001.0,607463.0,539715.0,280104.0,230142.0,6806.0,4196585.0,2025,9,4,Friday,False,True,5751001.871657753,2323600.806451613,327431.3093453273,287666.21052631584,29691.265201908216,951014.2857142857,17050.0,0.7297137253044076,0.6356517848930938,0.8554588153467838,0.8000313960368539,1.5088612659429808,1.087312793859188,0.3991788856304985
2025-09-13,29120.0,996581.0,965501.0,588396.0,524411.0,152575.0,144805.0,2491.0,2916067.0,2025,9,5,Saturday,True,True,3220394.520547945,1402825.0,118303.61445783133,152795.5223880597,17135.164835164833,953082.0,4144.68085106383,0.905499925985415,0.6882547716215494,1.2896900969529086,0.9477044728590546,1.6994292310652217,1.045640354135321,0.6010112936344969
2025-09-14,29323.0,961790.0,759804.0,558337.0,488963.0,128586.0,117465.0,1733.0,2260774.0,2025,9,6,Sunday,True,True,2544627.2727272725,1099881.6666666667,99359.68992248061,105071.27659574468,17174.418604651164,886614.1509433961,2926.9662921348313,0.8884499605228843,0.690805222986109,1.29414655078253,1.1179553899581844,1.7073649289099524,1.0847898141222012,0.5920806142034549
2025-09-15,41693.0,953354.0,1508135.0,563416.0,495828.0,271084.0,228659.0,7707.0,4046573.0,2025,9,0,Monday,False,True,5744982.089552239,2314379.365079365,326433.3333333333,287153.94736842107,29658.97435897436,951296.9072164949,17097.56097560976,0.7043665127101185,0.6516369022104044,0.8304421525579496,0.7962941206119952,1.405746520273191,1.0021624087788996,0.45076604850213975
2025-09-16,46067.0,964074.0,1561603.0,580138.0,512773.0,286694.0,246166.0,8395.0,4425430.0,2025,9,1,Tuesday,False,True,5762951.365079366,2323449.6794871795,327453.04878048785,288018.6728395062,29693.90243902439,952311.3494623655,17075.012370113807,0.7679103500362534,0.6721053671989442,0.8755270444655069,0.8546876408154692,1.551395950552384,1.0123516857635637,0.49165410941040777
2025-09-17,46498.0,961549.0,1527852.0,589690.0,522265.0,286428.0,242860.0,8106.0,4446829.0,2025,9,2,Wednesday,False,True,5785243.432835821,2325995.1836158196,327301.2780853142,288897.5016655563,29776.363636363632,953917.4934330168,17181.72682526661,0.7686502826762202,0.6568594856782612,0.875120322400146,0.840644168259884,1.5615741588813583,1.0080001746686902,0.47178028625619345
2025-09-18,46174.0,1006303.0,1550224.0,603572.0,538345.0,281845.0,239470.0,7949.0,4488401.0,2025,9,3,Thursday,False,True,5772755.223880596,2314074.193548387,328298.75,287986.88524590165,29723.364485981307,952776.6990291262,17116.666666666668,0.7775145187920821,0.6699111049775358,0.8585015934419489,0.8315309212623525,1.5534580555904918,1.0561792716230538,0.46440116845180135
2025-09-19,44232.0,1042086.0,1480671.0,608394.0,539919.0,286808.0,231477.0,6987.0,4177680.0,2025,9,4,Friday,False,True,5751001.871657753,2323600.806451613,327431.3093453273,287666.21052631584,29691.265201908216,951014.2857142857,17050.0,0.7264264719837005,0.6372312300326418,0.8759333387312582,0.8046721913445736,1.4897310606069178,1.0957627195024862,0.40979472140762463
2025-09-20,28263.0,1000287.0,949447.0,588932.0,525352.0,162463.0,137816.0,2721.0,2907031.0,2025,9,5,Saturday,True,True,3220394.520547945,1402825.0,118303.61445783133,152795.5223880597,17135.164835164833,953082.0,4144.68085106383,0.9026940585855218,0.6768107212232459,1.3732716514583674,0.9019636036845653,1.649415122170205,1.0495287918563145,0.6565041067761807
2025-09-21,28507.0,951666.0,730328.0,556640.0,486871.0,138648.0,119583.0,1826.0,2305677.0,2025,9,6,Sunday,True,True,2544627.2727272725,1099881.6666666667,99359.68992248061,105071.27659574468,17174.418604651164,886614.1509433961,2926.9662921348313,0.9060961598233712,0.6640059764004915,1.3954149827578137,1.1381131349539826,1.6598524035206499,1.0733710926984257,0.6238541266794626
2025-09-22,40106.0,942647.0,1398995.0,545829.0,478490.0,277694.0,235311.0,7385.0,3931188.0,2025,9,0,Monday,False,True,5744982.089552239,2314379.365079365,326433.3333333333,287153.94736842107,29658.97435897436,951296.9072164949,17097.56097560976,0.6842820288594486,0.6044795512390102,0.8506913101194732,0.8194593950613324,1.3522382640269732,0.9909072476207196,0.43193295292439365
2025-09-23,39820.0,900181.0,1278886.0,521957.0,461632.0,292843.0,251491.0,7547.0,3913543.0,2025,9,1,Tuesday,False,True,5762951.365079366,2323449.6794871795,327453.04878048785,288018.6728395062,29693.90243902439,952311.3494623655,17075.012370113807,0.6790865915881461,0.5504255208497864,0.894305309083596,0.8731760254313072,1.3410160581543389,0.9452591324341603,0.4419908950232695
2025-09-24,41928.0,921997.0,1312722.0,556653.0,490813.0,301441.0,246884.0,7537.0,4031358.0,2025,9,2,Wednesday,False,True,5785243.432835821,2325995.1836158196,327301.2780853142,288897.5016655563,29776.363636363632,953917.4934330168,17181.72682526661,0.6968346357076113,0.5643700422282646,0.9209893764039214,0.854572983762963,1.4080967210111743,0.9665374692751053,0.4386637080573563
2025-09-25,43591.0,966221.0,1444408.0,578090.0,512347.0,298380.0,243174.0,7834.0,4423394.0,2025,9,3,Thursday,False,True,5772755.223880596,2314074.193548387,328298.75,287986.88524590165,29723.364485981307,952776.6990291262,17116.666666666668,0.7662535181989718,0.6241839626521023,0.9088673045511139,0.8443926180609317,1.4665567224248524,1.014110652563789,0.45768257059396295
2025-09-26,43185.0,1043628.0,1455644.0,602233.0,531409.0,306735.0,240853.0,6937.0,4199816.0,2025,9,4,Friday,False,True,5751001.871657753,2323600.806451613,327431.3093453273,287666.21052631584,29691.265201908216,951014.2857142857,17050.0,0.7302755404580287,0.6264604470605792,0.936791904883171,0.8372655222847823,1.454468164503295,1.0973841462498686,0.40686217008797654
2025-09-27,27542.0,997436.0,933791.0,597376.0,531438.0,181410.0,145805.0,3051.0,2911538.0,2025,9,5,Saturday,True,True,3220394.520547945,1402825.0,118303.61445783133,152795.5223880597,17135.164835164833,953082.0,4144.68085106383,0.9040935765549019,0.6656503840464777,1.533427366791592,0.9542491672608988,1.6073379080356573,1.046537443787628,0.736124229979466
2025-09-28,28439.0,932462.0,742362.0,550478.0,487271.0,149259.0,114310.0,2589.0,2213509.0,2025,9,6,Sunday,True,True,2544627.2727272725,1099881.6666666667,99359.68992248061,105071.27659574468,17174.418604651164,886614.1509433961,2926.9662921348313,0.8698755309761388,0.6749471534058966,1.5022087942952551,1.087928154140553,1.6558930264048746,1.0517111632019631,0.8845335892514395
2025-09-29,41836.0,950405.0,1482688.0,556266.0,489589.0,278761.0,232338.0,7641.0,4061628.0,2025,9,0,Monday,False,True,5744982.089552239,2314379.365079365,326433.3333333333,287153.94736842107,29658.97435897436,951296.9072164949,17097.56097560976,0.7069870604795152,0.6406417298614117,0.8539599714081487,0.8091060635914167,1.410567995158641,0.9990624302363132,0.44690584878744644
2025-09-30,45235.0,961539.0,1534316.0,570885.0,505841.0,286693.0,257916.0,8347.0,4440014.0,2025,9,1,Tuesday,False,True,5762951.365079366,2323449.6794871795,327453.04878048785,288018.6728395062,29693.90243902439,952311.3494623655,17075.012370113807,0.7704409978026691,0.6603611920438263,0.8755239905925816,0.8954836068691963,1.5233767300505154,1.009689741220499,0.48884298406773957
2025-10-01,46020.0,943997.0,1473098.0,560691.0,498305.0,259808.0,243325.0,8212.0,4339922.0,2025,10,2,Wednesday,False,True,5737598.701298702,2255338.2352941176,314166.2921348315,289893.3333333333,29755.882352941175,929977.6699029126,17804.25531914894,0.7564004082435499,0.6531605667599095,0.8269760521873479,0.8393604544200166,1.546584956014629,1.0150749104530123,0.46123804971319304
2025-10-02,40497.0,913797.0,1261553.0,553064.0,490442.0,257417.0,236427.0,6807.0,3815531.0,2025,10,3,Thursday,False,True,5753361.111111111,2253958.8235294116,314336.5853658537,290771.6216216216,29730.10752688172,925780.198019802,17836.363636363636,0.6631829510286258,0.5597054333160217,0.8189215381989168,0.8131020444204843,1.3621545083004811,0.9870561089495828,0.3816360856269113
2025-10-03,44933.0,1008171.0,1434440.0,598480.0,529663.0,265055.0,225487.0,6890.0,4066815.0,2025,10,4,Friday,False,True,5756068.412698412,2247057.401129944,314450.7211538461,291025.6581256581,29758.2427184466,926983.2165109033,17936.086956521736,0.7065265226918143,0.6383637548727882,0.8429142697698597,0.7748010998488661,1.5099345893884668,1.0875827976634589,0.38414175938719614
2025-10-04,29130.0,965808.0,718806.0,583919.0,518442.0,143110.0,136719.0,2113.0,2104373.0,2025,10,5,Saturday,True,True,3329512.5,1388290.625,113551.48514851485,152183.58208955222,17687.96992481203,946215.6862745098,4541.772151898734,0.6320363716910509,0.5177633465615313,1.260309363746545,0.8983820601590774,1.6468820403825717,1.0207059701183248,0.4652369007803791
2025-10-05,29332.0,936413.0,702569.0,551355.0,483443.0,120574.0,109130.0,1940.0,2193758.0,2025,10,6,Sunday,True,True,2456172.56097561,1000988.799010278,91166.64021164022,105091.34735426871,18374.333529066353,844693.9814814815,3762.105263157895,0.893161186984608,0.7018749867078045,1.3225671113917503,1.0384299254639562,1.596357220445559,1.108582540576003,0.5156687185226636
2025-10-06,42251.0,929249.0,1396894.0,551459.0,486155.0,261527.0,226803.0,7519.0,3927545.0,2025,10,0,Monday,False,True,5762367.908902692,2259552.5110590686,313900.3651411879,290869.15343915345,29762.116932032186,926695.552631579,17782.445442875483,0.6815852548970461,0.6182170996969951,0.8331529015022613,0.7797423594710762,1.4196234796230627,1.0027554328508104,0.4228327326606521
2025-10-07,44898.0,900999.0,1404064.0,557894.0,497959.0,278786.0,254323.0,8179.0,4212383.0,2025,10,1,Tuesday,False,True,5748704.710424711,2255897.9228855725,313633.75331564987,291107.8095238095,29750.885585003234,927888.2437758339,17826.632996632994,0.7327534135404898,0.6223969558888677,0.8888902965728369,0.8736385341774868,1.50913154741962,0.9710210319440905,0.45880789723694926
2025-10-08,45158.0,913834.0,1395842.0,575970.0,515826.0,269959.0,249146.0,7903.0,4237976.0,2025,10,2,Wednesday,False,True,5737598.701298702,2255338.2352941176,314166.2921348315,289893.3333333333,29755.882352941175,929977.6699029126,17804.25531914894,0.7386323478915904,0.6189058377835592,0.8592869660381677,0.859440253886487,1.5176158940397353,0.9826407983488485,0.4438826481835563
2025-10-09,46236.0,1010954.0,1452407.0,602517.0,537602.0,291108.0,250000.0,7996.0,4452806.0,2025,10,3,Thursday,False,True,5753361.111111111,2253958.8235294116,314336.5853658537,290771.6216216216,29730.10752688172,925780.198019802,17836.363636363636,0.7739486387184303,0.6443804495619473,0.9261028259283973,0.8597812902296313,1.5551911461535681,1.0920021860074136,0.44829765545361877
2025-10-10,44822.0,1042761.0,1368369.0,608468.0,540792.0,285283.0,245256.0,6790.0,4043304.0,2025,10,4,Friday,False,True,5756068.412698412,2247057.401129944,314450.7211538461,291025.6581256581,29758.2427184466,926983.2165109033,17936.086956521736,0.7024419638724415,0.6089604116529952,0.9072423143225176,0.8427298183244866,1.5062045304246292,1.124897389107945,0.37856640729159097
2025-10-11,28513.0,962632.0,859727.0,579599.0,516572.0,155564.0,145487.0,2926.0,2732324.0,2025,10,5,Saturday,True,True,3329512.5,1388290.625,113551.48514851485,152183.58208955222,17687.96992481203,946215.6862745098,4541.772151898734,0.8206378561426034,0.6192701906346159,1.3699864849547028,0.9559966850720361,1.6119995749202976,1.0173494415317985,0.6442419175027871
2025-10-12,23732.0,761450.0,592660.0,503174.0,445752.0,105833.0,98164.0,1968.0,1968515.0,2025,10,6,Sunday,True,True,2456172.56097561,1000988.799010278,91166.64021164022,105091.34735426871,18374.333529066353,844693.9814814815,3762.105263157895,0.8014563110411475,0.5920745572637668,1.1608741942701006,0.9340826097612371,1.2915842614078141,0.9014507226208922,0.5231113598209289
2025-10-13,27812.0,778635.0,891300.0,482865.0,424539.0,226891.0,203344.0,3548.0,2788416.0,2025,10,0,Monday,False,True,5762367.908902692,2259552.5110590686,313900.3651411879,290869.15343915345,29762.116932032186,926695.552631579,17782.445442875483,0.4839010705463596,0.3944586353437926,0.7228121569656272,0.6990909747414563,0.9344765381949922,0.8402274056337868,0.19952261410825822
2025-10-14,42716.0,917366.0,1409939.0,561387.0,500773.0,280029.0,250229.0,7739.0,4190034.0,2025,10,1,Tuesday,False,True,5748704.710424711,2255897.9228855725,313633.75331564987,291107.8095238095,29750.885585003234,927888.2437758339,17826.632996632994,0.7288657551677311,0.6250012403914595,0.8928535179635813,0.8595750158998532,1.4357891928276647,0.9886600096009236,0.4341257264600502
2025-10-15,46081.0,960851.0,1443106.0,579030.0,516539.0,283734.0,250634.0,7915.0,4328358.0,2025,10,2,Wednesday,False,True,5737598.701298702,2255338.2352941176,314166.2921348315,289893.3333333333,29755.882352941175,929977.6699029126,17804.25531914894,0.7543849309329144,0.639862339677758,0.9031331721553031,0.8645731763407231,1.5486349708411586,1.0331979262473157,0.44455664435946457
2025-10-16,46342.0,997185.0,1429707.0,603395.0,537918.0,289634.0,249181.0,7794.0,4462590.0,2025,10,3,Thursday,False,True,5753361.111111111,2253958.8235294116,314336.5853658537,290771.6216216216,29730.10752688172,925780.198019802,17836.363636363636,0.7756492098821463,0.6343092806643474,0.9214135849407966,0.8569646467228391,1.5587565553907918,1.077129325225285,0.4369724770642202
2025-10-17,44786.0,1021890.0,1364083.0,608143.0,540006.0,269171.0,240862.0,6689.0,4113843.0,2025,10,4,Friday,False,True,5756068.412698412,2247057.401129944,314450.7211538461,291025.6581256581,29758.2427184466,926983.2165109033,17936.086956521736,0.7146966827087196,0.6070530282466591,0.856003761137209,0.827631493220441,1.5049947815714926,1.1023824183638609,0.37293530167502975
2025-10-18,28890.0,980808.0,903291.0,584687.0,521611.0,154085.0,156049.0,42.0,2931765.0,2025,10,5,Saturday,True,True,3329512.5,1388290.625,113551.48514851485,152183.58208955222,17687.96992481203,946215.6862745098,4541.772151898734,0.8805388176196965,0.6506497873959208,1.3569615562356674,1.0253997038141287,1.6333134962805527,1.036558592535798,0.009247491638795988
2025-10-19,29387.0,951447.0,727587.0,554532.0,494717.0,128355.0,125200.0,1.0,2264572.0,2025,10,6,Sunday,True,True,2456172.56097561,1000988.799010278,91166.64021164022,105091.34735426871,18374.333529066353,844693.9814814815,3762.105263157895,0.921992223176899,0.7268682733706886,1.4079163134895427,1.1913445126737592,1.599350526293251,1.1263807021938144,0.00026580861779518743
2025-10-20,40468.0,927388.0,1220586.0,550195.0,482547.0,264955.0,232341.0,6134.0,3601800.0,2025,10,0,Monday,False,True,5762367.908902692,2259552.5110590686,313900.3651411879,290869.15343915345,29762.116932032186,926695.552631579,17782.445442875483,0.6250555426069417,0.5401892604956113,0.8440735641732274,0.7987818483083086,1.3597151067048376,1.0007472220692704,0.3449469320575129
2025-10-21,46279.0,952108.0,1472383.0,571945.0,505504.0,285947.0,252266.0,8052.0,4461061.0,2025,10,1,Tuesday,False,True,5748704.710424711,2255897.9228855725,313633.75331564987,291107.8095238095,29750.885585003234,927888.2437758339,17826.632996632994,0.7760115060198352,0.6526815708561139,0.9117226605142045,0.8665724235040397,1.5555503337126955,1.0261020186284604,0.4516837252172534
2025-10-22,47380.0,960587.0,1467664.0,582822.0,516920.0,275757.0,243232.0,8324.0,4523614.0,2025,10,2,Wednesday,False,True,5737598.701298702,2255338.2352941176,314166.2921348315,289893.3333333333,29755.882352941175,929977.6699029126,17804.25531914894,0.7884158923446638,0.6507511720558414,0.8777421604532059,0.8390396467666269,1.5922902046061087,1.032914048463425,0.4675286806883365
2025-10-23,46401.0,990734.0,1461341.0,599125.0,532687.0,286021.0,247800.0,7887.0,4559508.0,2025,10,3,Thursday,False,True,5753361.111111111,2253958.8235294116,314336.5853658537,290771.6216216216,29730.10752688172,925780.198019802,17836.363636363636,0.79249466736835,0.6483441422020864,0.9099195363056534,0.8522152148756106,1.5607410756266051,1.0701611485308617,0.44218654434250765
2025-10-24,44360.0,1014462.0,1410451.0,603680.0,538058.0,274534.0,240961.0,6741.0,4276483.0,2025,10,4,Friday,False,True,5756068.412698412,2247057.401129944,314450.7211538461,291025.6581256581,29758.2427184466,926983.2165109033,17936.086956521736,0.7429520800283902,0.6276880151306984,0.8730588977268818,0.8279716694119068,1.49067942014271,1.0943693283017144,0.37583448476474446
2025-10-25,29197.0,985797.0,900658.0,590403.0,525430.0,155774.0,157311.0,71.0,2949713.0,2025,10,5,Saturday,True,True,3329512.5,1388290.625,113551.48514851485,152183.58208955222,17687.96992481203,946215.6862745098,4541.772151898734,0.8859293965708193,0.6487532104453994,1.3718358663144035,1.0336923197630514,1.650669925611052,1.0418311747518496,0.015632664437012264
2025-10-26,29588.0,919543.0,828951.0,549762.0,482960.0,126937.0,119440.0,4.0,2286150.0,2025,10,6,Sunday,True,True,2456172.56097561,1000988.799010278,91166.64021164022,105091.34735426871,18374.333529066353,844693.9814814815,3762.105263157895,0.93077743653806,0.8281321437558748,1.392362378445889,1.136535052665765,1.6102896985729986,1.0886108107308203,0.0010632344711807497
2025-10-27,41385.0,933494.0,1402134.0,553465.0,488623.0,266942.0,232879.0,7507.0,4127115.0,2025,10,0,Monday,False,True,5762367.908902692,2259552.5110590686,313900.3651411879,290869.15343915345,29762.116932032186,926695.552631579,17782.445442875483,0.7162185867416981,0.6205361429475298,0.8504035982243388,0.8006314772347136,1.3905260870559382,1.0073362253105835,0.4221579098395418
2025-10-28,45787.0,943247.0,1455220.0,572705.0,509358.0,283192.0,251648.0,8079.0,4530266.0,2025,10,1,Tuesday,False,True,5748704.710424711,2255897.9228855725,313633.75331564987,291107.8095238095,29750.885585003234,927888.2437758339,17826.632996632994,0.7880498700489534,0.6450735138487975,0.9029385294349603,0.8644494986638889,1.539013010862447,1.016552377214811,0.4531983129694722
2025-10-29,47416.0,960281.0,1469294.0,587348.0,523719.0,281041.0,248483.0,8220.0,4602493.0,2025,10,2,Wednesday,False,True,5737598.701298702,2255338.2352941176,314166.2921348315,289893.3333333333,29755.882352941175,929977.6699029126,17804.25531914894,0.8021636297007368,0.651473901788567,0.894561278647249,0.8571532057768375,1.5935000494217655,1.0325850083048242,0.46168738049713187
2025-10-30,44144.0,889125.0,1227694.0,566504.0,511435.0,267015.0,233660.0,7567.0,4324588.0,2025,10,3,Thursday,False,True,5753361.111111111,2253958.8235294116,314336.5853658537,290771.6216216216,29730.10752688172,925780.198019802,17836.363636363636,0.7516628830490389,0.5446834197607869,0.8494556867735377,0.8035859851002227,1.4848247676226989,0.9604061546161761,0.42424566768603467
2025-10-31,43132.0,983811.0,1317185.0,596286.0,532586.0,277129.0,238548.0,6460.0,4432080.0,2025,10,4,Friday,False,True,5756068.412698412,2247057.401129944,314450.7211538461,291025.6581256581,29758.2427184466,926983.2165109033,17936.086956521736,0.7699838991180902,0.586182177338971,0.8813113831734978,0.8196803042603223,1.4494135425968298,1.0613040047294409,0.3601677453760939
2025-11-01,28093.0,983673.0,898965.0,621678.0,557583.0,144681.0,136951.0,3055.0,3100676.0,2025,11,5,Saturday,True,True,3163074.418604651,1314585.7142857143,115327.73109243698,151124.39024390245,16958.181818181816,908835.5769230769,3471.4285714285716,0.9802728578759847,0.6838390150074439,1.2545204750801515,0.9062137473572085,1.656604481612523,1.0823442930461527,0.8800411522633744
2025-11-02,25958.0,817612.0,650701.0,515320.0,471290.0,139969.0,126613.0,4004.0,2832239.0,2025,11,6,Sunday,True,True,2525686.7934882017,996664.4871794871,94493.67346938775,104049.31084715374,18814.851616322205,823135.2092352093,3065.11946729338,1.1213738010992338,0.652878685224807,1.4812526051846686,1.2168557289725046,1.3796547817300346,0.9932900340390723,1.3063112360627458
2025-11-03,43099.0,940016.0,1391623.0,555643.0,488655.0,255395.0,220572.0,7712.0,4161669.0,2025,11,0,Monday,False,True,5636705.812807882,2184359.351325758,327818.6764379303,286024.43277310923,31191.57647907648,943581.6917293234,16987.22943722944,0.7383158068217324,0.6370851934940921,0.7790739770385134,0.7711648891721435,1.381751256750716,0.9962211096711845,0.45398809903033854
2025-11-04,43413.0,904786.0,1328396.0,546060.0,484039.0,272769.0,239630.0,6902.0,4115365.0,2025,11,1,Tuesday,False,True,5625737.7049180325,2190970.6896551726,327065.2777777778,286282.9268292683,31157.547169811318,942660.8247422681,16970.454545454544,0.7315245068042079,0.6063047790972824,0.8339894771261258,0.8370390880588877,1.3933381778544829,0.9598213654920651,0.4067068434444891
2025-11-05,47577.0,952224.0,1446631.0,583951.0,516723.0,278711.0,241336.0,8275.0,4481565.0,2025,11,2,Wednesday,False,True,5628739.140504375,2188876.9153225804,327509.72222222225,286570.60690943047,31232.67399267399,943337.5216903134,17038.322050290135,0.7961934081738987,0.6609010264000186,0.8510006912432624,0.8421519659770037,1.5233085713749572,1.0094202532024417,0.4856698902377591
2025-11-06,46597.0,982260.0,1380841.0,597423.0,532580.0,277537.0,237999.0,7819.0,4476845.0,2025,11,3,Thursday,False,True,5653378.947368421,2185431.746031746,327975.0,286084.8101265823,31149.20634920635,940648.0769230769,16962.222222222223,0.791888362991113,0.6318389958905364,0.8462138882536778,0.8319176397191238,1.4959289645332245,1.0442375040121685,0.4609655443469147
2025-11-07,44889.0,999735.0,1278966.0,600352.0,533038.0,271989.0,227739.0,6673.0,4143987.0,2025,11,4,Friday,False,True,5603684.375,2173806.153846154,326782.6666666667,284676.4705882353,31152.06611570248,942817.6470588235,16980.0,0.7395111363673119,0.5883532888786347,0.832323827865207,0.799992354582085,1.4409638138695813,1.0603694183267927,0.3929917550058893
2025-11-08,28928.0,951693.0,904574.0,582779.0,520741.0,146648.0,144272.0,98.0,2998303.0,2025,11,5,Saturday,True,True,3163074.418604651,1314585.7142857143,115327.73109243698,151124.39024390245,16958.181818181816,908835.5769230769,3471.4285714285716,0.9479078273860728,0.6881057584681757,1.2715762168464004,0.9546572844208453,1.7058432507773134,1.0471564099878437,0.028230452674897117
2025-11-09,28414.0,859442.0,664738.0,526073.0,463682.0,108466.0,102557.0,6.0,2170348.0,2025,11,6,Sunday,True,True,2525686.7934882017,996664.4871794871,94493.67346938775,104049.31084715374,18814.851616322205,823135.2092352093,3065.11946729338,0.8593100322635624,0.6669626625116108,1.147865206395418,0.9856576575567529,1.510189959475969,1.0441079306989238,0.0019575093447493693
2025-11-10,42668.0,918164.0,1330157.0,550681.0,485465.0,261926.0,224338.0,7111.0,4042262.0,2025,11,0,Monday,False,True,5636705.812807882,2184359.351325758,327818.6764379303,286024.43277310923,31191.57647907648,943581.6917293234,16987.22943722944,0.7171319799616042,0.6089460505629191,0.7989965759305768,0.7843315965176919,1.3679334235838314,0.9730625424887804,0.41860858042073873
2025-11-11,37343.0,862673.0,1138614.0,536744.0,476517.0,261323.0,231128.0,5848.0,3805525.0,2025,11,1,Tuesday,False,True,5625737.7049180325,2190970.6896551726,327065.2777777778,286282.9268292683,31157.547169811318,942660.8247422681,16970.454545454544,0.6764490631465455,0.5196847248464112,0.7989934051561232,0.8073411941112323,1.198521815484301,0.9151467604860556,0.34459890183473957
2025-11-12,48814.0,947918.0,1416400.0,578898.0,516005.0,277019.0,241668.0,8127.0,4490139.0,2025,11,2,Wednesday,False,True,5628739.140504375,2188876.9153225804,327509.72222222225,286570.60690943047,31232.67399267399,943337.5216903134,17038.322050290135,0.7977166622785883,0.6470898340993566,0.8458344323959848,0.8433104937254721,1.5629145301952028,1.0048556091582992,0.4769835888776155
2025-11-13,48365.0,973866.0,1393834.0,594706.0,530783.0,278935.0,240393.0,7775.0,4514518.0,2025,11,3,Thursday,False,True,5653378.947368421,2185431.746031746,327975.0,286084.8101265823,31149.20634920635,940648.0769230769,16962.222222222223,0.7985521653561634,0.6377842742199065,0.8504764082628249,0.8402857876083484,1.5526880350591112,1.0353138691205124,0.45837154460893487
2025-11-14,45674.0,999518.0,1358720.0,605783.0,540060.0,266627.0,228051.0,6632.0,4202637.0,2025,11,4,Friday,False,True,5603684.375,2173806.153846154,326782.6666666667,284676.4705882353,31152.06611570248,942817.6470588235,16980.0,0.7499774646033665,0.6250419328310358,0.815915368828212,0.8010883355718565,1.4661627845280416,1.0601392571703092,0.3905771495877503
2025-11-15,29345.0,944176.0,901107.0,583136.0,521944.0,147186.0,134636.0,2601.0,2916948.0,2025,11,5,Saturday,True,True,3163074.418604651,1314585.7142857143,115327.73109243698,151124.39024390245,16958.181818181816,908835.5769230769,3471.4285714285716,0.9221875978772492,0.6854684256854413,1.2762411833284757,0.8908952405545423,1.7304331510667956,1.0388853869437753,0.7492592592592592
2025-11-16,29190.0,875912.0,698030.0,533624.0,476770.0,122244.0,104396.0,1930.0,2244614.0,2025,11,6,Sunday,True,True,2525686.7934882017,996664.4871794871,94493.67346938775,104049.31084715374,18814.851616322205,823135.2092352093,3065.11946729338,0.8887143116031364,0.7003660800390225,1.2936739097099688,1.0033319697172771,1.5514339732914597,1.0641167941459175,0.6296655058943805
2025-11-17,43573.0,920434.0,1345238.0,554857.0,489233.0,265144.0,224332.0,7340.0,4073219.0,2025,11,0,Monday,False,True,5636705.812807882,2184359.351325758,327818.6764379303,286024.43277310923,31191.57647907648,943581.6917293234,16987.22943722944,0.7226240175147542,0.6158501343579443,0.8088129782019993,0.7843106192887823,1.3969476672405148,0.9754682695391217,0.43208929549827346
2025-11-18,47836.0,939249.0,1412746.0,571751.0,508767.0,276957.0,244622.0,7946.0,4478041.0,2025,11,1,Tuesday,False,True,5625737.7049180325,2190970.6896551726,327065.2777777778,286282.9268292683,31157.547169811318,942660.8247422681,16970.454545454544,0.7959917854124778,0.6448036966767209,0.8467942604050329,0.8544763835877863,1.535294153268538,0.9963806443922172,0.46822552564617653
2025-11-19,49261.0,946470.0,1324616.0,580388.0,518999.0,285721.0,242379.0,7984.0,4485722.0,2025,11,2,Wednesday,False,True,5628739.140504375,2188876.9153225804,327509.72222222225,286570.60690943047,31232.67399267399,943337.5216903134,17038.322050290135,0.7969319394677167,0.6051578280749459,0.8724046359946905,0.8457915576687282,1.577226465193303,1.003320633641365,0.46859074364450376
2025-11-20,48100.0,989094.0,1351795.0,600338.0,538095.0,281238.0,242044.0,7966.0,4507934.0,2025,11,3,Thursday,False,True,5653378.947368421,2185431.746031746,327975.0,286084.8101265823,31149.20634920635,940648.0769230769,16962.222222222223,0.7973875521113596,0.6185482582352694,0.8574982849302538,0.8460568035503325,1.5441805951895637,1.0515027078303216,0.4696318616533473
2025-11-21,46310.0,1007336.0,1308473.0,603007.0,538403.0,265950.0,227894.0,6706.0,4136195.0,2025,11,4,Friday,False,True,5603684.375,2173806.153846154,326782.6666666667,284676.4705882353,31152.06611570248,942817.6470588235,16980.0,0.7381206226483803,0.6019271762962375,0.8138436555182444,0.8005368323173881,1.486578765851329,1.0684314227066554,0.3949352179034158
2025-11-22,28732.0,932418.0,843858.0,578855.0,518407.0,154859.0,136221.0,2501.0,2789019.0,2025,11,5,Saturday,True,True,3163074.418604651,1314585.7142857143,115327.73109243698,151124.39024390245,16958.181818181816,908835.5769230769,3471.4285714285716,0.881743086281966,0.6419193444974517,1.3427733168172544,0.9013832894885492,1.6942854079553986,1.0259479532664897,0.7204526748971193
2025-11-23,29629.0,859248.0,677274.0,525804.0,464531.0,124945.0,111766.0,1919.0,2214468.0,2025,11,6,Sunday,True,True,2525686.7934882017,996664.4871794871,94493.67346938775,104049.31084715374,18814.851616322205,823135.2092352093,3065.11946729338,0.8767785481990107,0.6795406164381887,1.3222578339117834,1.0741637699473272,1.574766604818522,1.0438722464543144,0.6260767387623399
2025-11-24,43753.0,931195.0,1325785.0,550340.0,483667.0,278824.0,235318.0,7369.0,4093423.0,2025,11,0,Monday,False,True,5636705.812807882,2184359.351325758,327818.6764379303,286024.43277310923,31191.57647907648,943581.6917293234,16987.22943722944,0.7262083805578089,0.6069445483845588,0.8505433644894633,0.8227199254221319,1.4027184560341093,0.9868726875077218,0.43379646028975166
2025-11-25,46923.0,984962.0,1323388.0,562668.0,497669.0,287401.0,245330.0,7701.0,4220008.0,2025,11,1,Tuesday,False,True,5625737.7049180325,2190970.6896551726,327065.2777777778,286282.9268292683,31157.547169811318,942660.8247422681,16970.454545454544,0.7501252673602005,0.6040190342337635,0.8787267237681909,0.856949461559433,1.5059914615314745,1.0448742263892186,0.4537886701486541
2025-11-26,42124.0,1002049.0,1236618.0,562332.0,495541.0,303778.0,255782.0,7074.0,3810090.0,2025,11,2,Wednesday,False,True,5628739.140504375,2188876.9153225804,327509.72222222225,286570.60690943047,31232.67399267399,943337.5216903134,17038.322050290135,0.6768993738904355,0.5649554761820659,0.9275388771325702,0.8925618812010225,1.3487157714988063,1.062238039895291,0.4151817285247018
2025-11-27,31998.0,915340.0,495496.0,456868.0,390555.0,136991.0,118294.0,2356.0,1828134.0,2025,11,3,Thursday,False,True,5653378.947368421,2185431.746031746,327975.0,286084.8101265823,31149.20634920635,940648.0769230769,16962.222222222223,0.32337015031532146,0.2267268245277894,0.41768732372894274,0.41349276792311745,1.0272492865878515,0.973095063346261,0.13889689506091968
2025-11-28,23232.0,840279.0,841444.0,486749.0,425942.0,155678.0,137068.0,3865.0,2812012.0,2025,11,4,Friday,False,True,5603684.375,2173806.153846154,326782.6666666667,284676.4705882353,31152.06611570248,942817.6470588235,16980.0,0.5018148439168649,0.3870832725867567,0.47639613688200516,0.48148693046802354,0.7457611290921632,0.8912423336806444,0.22762073027090696
2025-11-29,23215.0,892563.0,774221.0,525836.0,468381.0,157271.0,140888.0,2407.0,2451340.0,2025,11,5,Saturday,True,True,3163074.418604651,1314585.7142857143,115327.73109243698,151124.39024390245,16958.181818181816,908835.5769230769,3471.4285714285716,0.7749865085632025,0.5889467621521174,1.3636876275138443,0.9322651345201013,1.3689557199528253,0.98209513652825,0.6933744855967078
2025-11-30,25621.0,873262.0,586972.0,509436.0,448883.0,130384.0,108842.0,1743.0,1870396.0,2025,11,6,Sunday,True,True,2525686.7934882017,996664.4871794871,94493.67346938775,104049.31084715374,18814.851616322205,823135.2092352093,3065.11946729338,0.74054946354485,0.5889364049291078,1.379817242920917,1.046061709720371,1.3617433994416064,1.060897395959243,0.5686564646496918
2025-12-01,43282.0,952445.0,1303042.0,556158.0,491036.0,249607.0,216228.0,7223.0,4006207.0,2025,12,0,Monday,False,True,5356369.230769231,2004322.222222222,315470.68965517246,278594.5945945946,29126.956521739132,885151.5151515151,15584.444444444443,0.7479333159085948,0.6501160270304731,0.7912208905139009,0.776138533178114,1.4859774301409123,1.076024820267032,0.46347497504634255
2025-12-02,44343.0,865367.0,1222943.0,546464.0,488126.0,265911.0,223297.0,7245.0,4133004.0,2025,12,1,Tuesday,False,True,5351988.235294118,1998182.8571428573,315567.85714285716,279232.9411764706,29125.362318840584,884767.3469387755,15622.448979591836,0.7722371235318815,0.6120275707642944,0.8426428547176857,0.799680005729983,1.5224874978230039,0.9780729397328018,0.46375571521881126
2025-12-03,48995.0,949475.0,1388939.0,579624.0,517549.0,275589.0,240102.0,8244.0,4602770.0,2025,12,2,Wednesday,False,True,5328986.111111112,1998535.4166666667,314553.5802469136,278541.7327425373,29102.604166666664,884639.0717754991,15592.26785053644,0.8637233995418139,0.6949784269105397,0.8761273668659955,0.8619965045666316,1.6835263167313923,1.073290825934664,0.5287236006349373
2025-12-04,47977.0,975181.0,1357434.0,599786.0,537385.0,279292.0,234324.0,7743.0,4625030.0,2025,12,3,Thursday,False,True,5323077.142857144,2001965.7142857143,316324.59016393445,278548.3333333334,29079.120879120877,887495.2380952381,15590.90909090909,0.8688639814672178,0.6780505731509602,0.8829285129406399,0.8412328201568847,1.649877938175497,1.0988013886057069,0.4966355685131196
2025-12-05,45693.0,979717.0,1244763.0,604868.0,540791.0,257408.0,214457.0,6250.0,4245175.0,2025,12,4,Friday,False,True,5357951.064754454,2006115.976535542,314922.4775224775,278818.6326156665,29122.47927031509,884935.9170024865,15644.787644787644,0.7923131340122735,0.6204840670027667,0.8173694111168281,0.7691630863695367,1.568994163439081,1.1071050244164145,0.39949407699901285
2025-12-06,29625.0,907338.0,862636.0,581765.0,524790.0,161891.0,143742.0,2750.0,3167060.0,2025,12,5,Saturday,True,True,3318082.161588412,1269123.360215054,128093.1411862991,157152.23964165733,17254.941520467837,883727.2134387351,4967.299107142857,0.9544851048787425,0.6797101267238715,1.2638537746884135,0.9146672063202171,1.716899472818194,1.0267172790451833,0.5536207787539039
2025-12-07,30064.0,859180.0,677370.0,539911.0,481678.0,132179.0,108943.0,2085.0,2417625.0,2025,12,6,Sunday,True,True,2545125.7228719946,980215.2346041056,106420.31155474894,107722.00459176351,17861.851958525345,795059.8224195337,3387.976190476191,0.9499039588786525,0.6910421059448028,1.2420467302616311,1.0113346888861168,1.6831401396567196,1.0806482427766695,0.615411644822376
2025-12-08,44073.0,919722.0,1280746.0,561060.0,496401.0,262078.0,221975.0,7173.0,4146910.0,2025,12,0,Monday,False,True,5356369.230769231,2004322.222222222,315470.68965517246,278594.5945945946,29126.956521739132,885151.5151515151,15584.444444444443,0.7742016693282475,0.6389920671437838,0.8307522967869575,0.7967670741171905,1.513134404107953,1.0390560082163642,0.4602666476543562
2025-12-09,47915.0,942527.0,1343371.0,581751.0,520020.0,280939.0,245102.0,7619.0,4498157.0,2025,12,1,Tuesday,False,True,5351988.235294118,1998182.8571428573,315567.85714285716,279232.9411764706,29125.362318840584,884767.3469387755,15622.448979591836,0.8404646651381894,0.6722963292362775,0.8902649418848108,0.8777689300099432,1.6451297489612617,1.0652823064289931,0.4876956237753103
2025-12-10,48763.0,950985.0,1356535.0,586136.0,527414.0,278314.0,243313.0,7932.0,4570883.0,2025,12,2,Wednesday,False,True,5328986.111111112,1998535.4166666667,314553.5802469136,278541.7327425373,29102.604166666664,884639.0717754991,15592.26785053644,0.857739709711301,0.6787645536262492,0.884790437869228,0.873524400111706,1.6755545215383791,1.0749977367508112,0.5087136827069775
2025-12-11,47771.0,985569.0,1354523.0,607456.0,547305.0,282861.0,244157.0,7601.0,4654787.0,2025,12,3,Thursday,False,True,5323077.142857144,2001965.7142857143,316324.59016393445,278548.3333333334,29079.120879120877,887495.2380952381,15590.90909090909,0.8744541690976807,0.6765965022948873,0.8942112273137158,0.8765336955286035,1.642793817549694,1.1105062401407921,0.48752769679300295
2025-12-12,46724.0,1010112.0,1310865.0,616249.0,554757.0,271356.0,232325.0,6359.0,4342252.0,2025,12,4,Friday,False,True,5357951.064754454,2006115.976535542,314922.4775224775,278818.6326156665,29122.47927031509,884935.9170024865,15644.787644787644,0.8104314405863275,0.653434305559839,0.8616596761678659,0.8332477561506624,1.6043963690833962,1.1414521442654493,0.40646125370187564
2025-12-13,29814.0,949108.0,895773.0,594199.0,534734.0,183250.0,160206.0,2636.0,3223814.0,2025,12,5,Saturday,True,True,3318082.161588412,1269123.360215054,128093.1411862991,157152.23964165733,17254.941520467837,883727.2134387351,4967.299107142857,0.9715895637908845,0.705820275696612,1.4305996269814367,1.0194318602477823,1.72785285679668,1.073982995620172,0.5306706810164693
2025-12-14,25999.0,678234.0,551669.0,449076.0,401521.0,116119.0,106009.0,1816.0,2275321.0,2025,12,6,Sunday,True,True,2545125.7228719946,980215.2346041056,106420.31155474894,107722.00459176351,17861.851958525345,795059.8224195337,3387.976190476191,0.8939915932453274,0.5628039439958419,1.0911356892641821,0.9840979139011076,1.4555601547011394,0.8530603369391648,0.5360132119891774
2025-12-15,41911.0,897956.0,1250173.0,533152.0,474945.0,257524.0,221439.0,6631.0,4071120.0,2025,12,0,Monday,False,True,5356369.230769231,2004322.222222222,315470.68965517246,278594.5945945946,29126.956521739132,885151.5151515151,15584.444444444443,0.7600521593272136,0.6237385317286531,0.8163167243254468,0.794843131548312,1.438907630761882,1.0144658678534748,0.4254883787252246
2025-12-16,46871.0,938269.0,1353494.0,562004.0,503860.0,275666.0,243838.0,7147.0,4478870.0,2025,12,1,Tuesday,False,True,5351988.235294118,1998182.8571428573,315567.85714285716,279232.9411764706,29125.362318840584,884767.3469387755,15622.448979591836,0.8368609576649909,0.6773624321526415,0.8735553820210731,0.873242243456865,1.6092847013161493,1.0604697418438145,0.4574826910516003
2025-12-17,49815.0,970077.0,1383795.0,580318.0,518555.0,286645.0,245310.0,7365.0,4493497.0,2025,12,2,Wednesday,False,True,5328986.111111112,1998535.4166666667,314553.5802469136,278541.7327425373,29102.604166666664,884639.0717754991,15592.26785053644,0.8432179980035809,0.6924045420761245,0.9112755918244315,0.880693882330178,1.7117024893963528,1.0965794197321899,0.47234950493405053
2025-12-18,49193.0,997713.0,1378737.0,595447.0,532889.0,294530.0,245278.0,7371.0,4499832.0,2025,12,3,Thursday,False,True,5323077.142857144,2001965.7142857143,316324.59016393445,278548.3333333334,29079.120879120877,887495.2380952381,15590.90909090909,0.8453441269469806,0.6886916145274359,0.9311005503788389,0.880558131742546,1.691694883228781,1.1241896938414155,0.47277551020408165
2025-12-19,44942.0,962046.0,1167980.0,588777.0,528541.0,269600.0,221112.0,5598.0,3888599.0,2025,12,4,Friday,False,True,5357951.064754454,2006115.976535542,314922.4775224775,278818.6326156665,29122.47927031509,884935.9170024865,15644.787644787644,0.7257623208953679,0.5822096098437144,0.8560837007284035,0.7930316490174767,1.5432065238281394,1.0871363468427249,0.3578188548864758
2025-12-20,30138.0,934838.0,813781.0,572755.0,513236.0,173942.0,155827.0,2583.0,2981831.0,2025,12,5,Saturday,True,True,3318082.161588412,1269123.360215054,128093.1411862991,157152.23964165733,17254.941520467837,883727.2134387351,4967.299107142857,0.8986609899293622,0.6412150508852853,1.3579337534319513,0.9915671603237779,1.746630086474084,1.057835478849162,0.5200008987350305
2025-12-21,31036.0,879883.0,627619.0,526287.0,463899.0,152661.0,127045.0,2119.0,2390530.0,2025,12,6,Sunday,True,True,2545125.7228719946,980215.2346041056,106420.31155474894,107722.00459176351,17861.851958525345,795059.8224195337,3387.976190476191,0.9392581193601924,0.6402869266294213,1.4345099893967337,1.1793783496831987,1.7375577891959137,1.1066877927780725,0.6254471344741558
2025-12-22,42652.0,939496.0,1158803.0,535367.0,471375.0,268354.0,229496.0,6935.0,3869528.0,2025,12,0,Monday,False,True,5356369.230769231,2004322.222222222,315470.68965517246,278594.5945945946,29126.956521739132,885151.5151515151,15584.444444444443,0.7224162176445583,0.5781520491825999,0.8506463795204756,0.8237632906480403,1.464347981848579,1.0613956864087641,0.4449950092685014
2025-12-23,41705.0,930944.0,1107930.0,530039.0,466947.0,268202.0,223698.0,6345.0,3602331.0,2025,12,1,Tuesday,False,True,5351988.235294118,1998182.8571428573,315567.85714285716,279232.9411764706,29125.362318840584,884767.3469387755,15622.448979591836,0.6730827575898127,0.5544687744865334,0.8499027829649498,0.8011160827139896,1.431913517279128,1.0521907292589312,0.4061463096015676
2025-12-24,35738.0,949981.0,883076.0,507082.0,441284.0,244530.0,195155.0,4540.0,2853461.0,2025,12,2,Wednesday,False,True,5328986.111111112,1998535.4166666667,314553.5802469136,278541.7327425373,29102.604166666664,884639.0717754991,15592.26785053644,0.5354603934978249,0.44186157154666383,0.7773874320808953,0.7006310978196807,1.2280000715858046,1.0738628106187504,0.29116995959274805
2025-12-25,22310.0,755953.0,390603.0,399158.0,345557.0,96125.0,69421.0,1826.0,1511985.0,2025,12,3,Thursday,False,True,5323077.142857144,2001965.7142857143,316324.59016393445,278548.3333333334,29079.120879120877,887495.2380952381,15590.90909090909,0.2840434131278524,0.19510973500331102,0.30388089636086607,0.24922425192515957,0.7672171415614845,0.8517825984311116,0.1171195335276968
2025-12-26,27702.0,761332.0,793491.0,424593.0,374368.0,238777.0,204111.0,4070.0,2695535.0,2025,12,4,Friday,False,True,5357951.064754454,2006115.976535542,314922.4775224775,278818.6326156665,29122.47927031509,884935.9170024865,15644.787644787644,0.5030906343530652,0.39553595568802447,0.758208819765675,0.7320565275182088,0.9512239580589898,0.8603244431289828,0.26015054294175716
2025-12-27,16279.0,562069.0,542506.0,367528.0,331518.0,130835.0,114446.0,2424.0,2219293.0,2025,12,5,Saturday,True,True,3318082.161588412,1269123.360215054,128093.1411862991,157152.23964165733,17254.941520467837,883727.2134387351,4967.299107142857,0.6688481152430517,0.4274651440566597,1.0214051961588884,0.7282492458329756,0.9434398824643843,0.6360209252953664,0.48799155189071386
2025-12-28,22732.0,754479.0,579178.0,448419.0,397417.0,133665.0,114540.0,2302.0,2180348.0,2025,12,6,Sunday,True,True,2545125.7228719946,980215.2346041056,106420.31155474894,107722.00459176351,17861.851958525345,795059.8224195337,3387.976190476191,0.8566759513709332,0.590868188489155,1.2560102300699878,1.0632925040160066,1.2726563881944035,0.9489587811190889,0.6794616817175585
2025-12-29,37707.0,851122.0,1024260.0,492004.0,433252.0,257839.0,214568.0,5571.0,3297161.0,2025,12,0,Monday,False,True,5356369.230769231,2004322.222222222,315470.68965517246,278594.5945945946,29126.956521739132,885151.5151515151,15584.444444444443,0.6155589463586126,0.5110256168613386,0.8173152323020335,0.7701800543267364,1.294573978982565,0.9615551523450873,0.3574718380151148
2025-12-30,40464.0,898686.0,1084547.0,519563.0,461093.0,265344.0,222329.0,5681.0,3554107.0,2025,12,1,Tuesday,False,True,5351988.235294118,1998182.8571428573,315567.85714285716,279232.9411764706,29125.362318840584,884767.3469387755,15622.448979591836,0.664072274404894,0.5427666422635423,0.8408460937765253,0.796213366027942,1.3893046052795262,1.0157314271479185,0.363643370346179
2025-12-31,38585.0,851446.0,959612.0,492015.0,431667.0,245088.0,203486.0,4790.0,3084643.0,2025,12,2,Wednesday,False,True,5328986.111111112,1998535.4166666667,314553.5802469136,278541.7327425373,29102.604166666664,884639.0717754991,15592.26785053644,0.5788423793352393,0.4801576154204589,0.7791613746936673,0.7305404400140173,1.3258263686311005,0.962478401831292,0.3072035476760492
2026-01-01,14441.0,661315.0,474380.0,414347.0,370115.0,99745.0,77813.0,2172.0,2016827.0,2026,1,3,Thursday,False,True,5138548.1409544945,2045409.1208791207,303636.27413127414,268106.5839481333,28271.446776611694,869319.7641509434,16370.038759689924,0.3924896575213112,0.23192426158543314,0.3285015938407815,0.2902315894452385,0.5107980540969944,0.7607269813379893,0.13268142072750605
2026-01-02,33207.0,812469.0,986192.0,477673.0,422514.0,192703.0,163155.0,4632.0,3120979.0,2026,1,4,Friday,False,True,5129050.134310134,2047720.1129943505,301619.1314553991,268270.5018939394,28288.191287878788,869741.1204481793,16363.233923578751,0.6084906402303625,0.48160488034563775,0.6388951492239653,0.6081734624125885,1.173882050713821,0.9341503821060376,0.283073628454671
2026-01-03,24956.0,804417.0,758640.0,484717.0,436646.0,167213.0,132196.0,2650.0,2478271.0,2026,1,5,Saturday,True,True,2705277.2151898732,1193827.0833333335,97377.01149425287,129873.41772151898,14520.833333333334,765329.9999999999,4097.8723404255325,0.9160876327515513,0.6354689138746712,1.7171712032861965,1.0178834307992204,1.7186341463414634,1.0510720865508998,0.6466770508826583
2026-01-04,27839.0,749343.0,626317.0,455429.0,401858.0,90083.0,73729.0,1894.0,1934593.0,2026,1,6,Sunday,True,True,2095472.1381578948,913782.6223776224,82814.40991237678,90573.26786688488,13501.375636868921,682857.6058201058,2739.4444444444443,0.9232253508751866,0.6854113710001954,1.0877696296491621,0.8140260557713251,2.0619380386675985,1.0973634819517692,0.6913810586088015
2026-01-05,42609.0,853613.0,1282373.0,503303.0,442505.0,219975.0,177390.0,7098.0,3650793.0,2026,1,0,Monday,False,True,5139695.081967213,2039527.8688524591,300793.3333333334,267998.275862069,28215.384615384613,866718.1818181818,16281.39534883721,0.7103131492778483,0.6287597338503286,0.7313160752676255,0.6619072433559144,1.5101335877862596,0.9848795351325271,0.43595772032566776
2026-01-06,45834.0,871458.0,1334624.0,512978.0,452822.0,245492.0,197811.0,7542.0,3973013.0,2026,1,1,Tuesday,False,True,5148953.489116518,2043323.325129888,302659.45701357466,269917.4025974026,28263.335679099226,868912.0103473762,16476.075650118204,0.7716156318750723,0.6531633949390568,0.8111162374450086,0.7328575264005728,1.6216769499678803,1.0029300891486193,0.45775463527602167
2026-01-07,47258.0,877731.0,1348234.0,525856.0,465160.0,250828.0,207994.0,7722.0,4074540.0,2026,1,2,Wednesday,False,True,5155313.043478262,2043222.5806451612,301629.1666666667,268885.5263157895,28261.05263157895,868683.3333333334,16400.0,0.790357436228728,0.6598566464424478,0.8315774060311364,0.7735410784280142,1.6721953218116805,1.010415379597475,0.47085365853658534
2026-01-08,46662.0,902305.0,1347632.0,542750.0,483602.0,251655.0,212710.0,7519.0,4096415.0,2026,1,3,Thursday,False,True,5138548.1409544945,2045409.1208791207,303636.27413127414,268106.5839481333,28271.446776611694,869319.7641509434,16370.038759689924,0.7971930762604637,0.6588569427229235,0.8288041365281654,0.7933785021898229,1.6504991898257708,1.0379437316500828,0.4593147340930562
2026-01-09,44891.0,915619.0,1272247.0,544083.0,481409.0,239792.0,197505.0,6262.0,3763800.0,2026,1,4,Friday,False,True,5129050.134310134,2047720.1129943505,301619.1314553991,268270.5018939394,28288.191287878788,869741.1204481793,16363.233923578751,0.7338200839220764,0.621299264448603,0.7950158825898563,0.7362158664692978,1.5869165880264446,1.0527488909897462,0.38268718941777846
2026-01-10,26074.0,806027.0,774842.0,523158.0,471322.0,114420.0,97875.0,2374.0,2395364.0,2026,1,5,Saturday,True,True,2705277.2151898732,1193827.0833333335,97377.01149425287,129873.41772151898,14520.833333333334,765329.9999999999,4097.8723404255325,0.8854412355784685,0.6490403935522487,1.1750206567671568,0.7536184210526315,1.7956269727403156,1.0531757542498008,0.5793250259605399
2026-01-11,28246.0,780896.0,664557.0,486241.0,433463.0,99745.0,84855.0,2004.0,1978534.0,2026,1,6,Sunday,True,True,2095472.1381578948,913782.6223776224,82814.40991237678,90573.26786688488,13501.375636868921,682857.6058201058,2739.4444444444443,0.9441948494430025,0.7272593981606389,1.204440146413371,0.9368658324740033,2.0920831150617833,1.1435707727999178,0.7315351855607383
2026-01-12,42819.0,874778.0,1330401.0,519170.0,457853.0,237811.0,200032.0,7131.0,3770308.0,2026,1,0,Monday,False,True,5139695.081967213,2039527.8688524591,300793.3333333334,267998.275862069,28215.384615384613,866718.1818181818,16281.39534883721,0.7335664742502426,0.6523083211157837,0.7906126022296592,0.746392861508373,1.5175763358778627,1.0092992374579135,0.4379845736323382
2026-01-13,46618.0,891825.0,1396832.0,539320.0,477444.0,258513.0,220239.0,7876.0,4108806.0,2026,1,1,Tuesday,False,True,5148953.489116518,2043323.325129888,302659.45701357466,269917.4025974026,28263.335679099226,868912.0103473762,16476.075650118204,0.7979885638285322,0.6836079159969495,0.8541381873569057,0.815949612291206,1.649416067844889,1.0263697467404824,0.47802645285520373
2026-01-14,48298.0,896921.0,1399486.0,544363.0,481637.0,259501.0,223140.0,7634.0,4123499.0,2026,1,2,Wednesday,False,True,5155313.043478262,2043222.5806451612,301629.1666666667,268885.5263157895,28261.05263157895,868683.3333333334,16400.0,0.7998542407073495,0.6849405509007751,0.8603312566479258,0.8298698820178808,1.7089950834326577,1.0325062834558048,0.4654878048780488
2026-01-15,45600.0,916418.0,1376769.0,563735.0,500848.0,255079.0,220178.0,7425.0,4122446.0,2026,1,3,Thursday,False,True,5138548.1409544945,2045409.1208791207,303636.27413127414,268106.5839481333,28271.446776611694,869319.7641509434,16370.038759689924,0.8022589040557764,0.6731020146269134,0.840080786558852,0.8212330960234631,1.6129347875370783,1.0541782641914934,0.4535725363267645
2026-01-16,44701.0,952643.0,1290497.0,565698.0,503285.0,241834.0,208331.0,6148.0,3777244.0,2026,1,4,Friday,False,True,5129050.134310134,2047720.1129943505,301619.1314553991,268270.5018939394,28288.191287878788,869741.1204481793,16363.233923578751,0.7364412320192784,0.6302116152548434,0.8017860101681261,0.77657065733736,1.5802000044857565,1.095317879772203,0.37572035141176974
2026-01-17,25898.0,775085.0,751576.0,502163.0,446702.0,112583.0,102013.0,2423.0,2366112.0,2026,1,5,Saturday,True,True,2705277.2151898732,1193827.0833333335,97377.01149425287,129873.41772151898,14520.833333333334,765329.9999999999,4097.8723404255325,0.8746282956565439,0.6295518090454891,1.1561558346514318,0.7854802144249513,1.783506456241033,1.0127461356539011,0.591282450674974
2026-01-18,25820.0,625913.0,550614.0,418797.0,368812.0,83410.0,82259.0,1675.0,1892975.0,2026,1,6,Sunday,True,True,2095472.1381578948,913782.6223776224,82814.40991237678,90573.26786688488,13501.375636868921,682857.6058201058,2739.4444444444443,0.9033644330218069,0.6025656283190486,1.007191865380112,0.9082039539623952,1.9123977211249468,0.9166083743744557,0.611437842222673
2026-01-19,25086.0,828004.0,899734.0,477378.0,417360.0,105820.0,86326.0,2949.0,2453300.0,2026,1,0,Monday,False,True,5139695.081967213,2039527.8688524591,300793.3333333334,267998.275862069,28215.384615384613,866718.1818181818,16281.39534883721,0.4773240359350271,0.4411481763699731,0.35180300981847995,0.3221140125708477,0.8890894220283534,0.955332445274232,0.1811269818597343
2026-01-20,45009.0,875173.0,1273059.0,534874.0,472791.0,253778.0,219701.0,6924.0,3877447.0,2026,1,1,Tuesday,False,True,5148953.489116518,2043323.325129888,302659.45701357466,269917.4025974026,28263.335679099226,868912.0103473762,16476.075650118204,0.7530553554612339,0.6230335573148099,0.8384935415668103,0.8139564099455149,1.5924871894467933,1.0072055508245543,0.420245703348074
2026-01-21,47748.0,877676.0,1338722.0,549164.0,487363.0,257748.0,225265.0,7303.0,4025339.0,2026,1,2,Wednesday,False,True,5155313.043478262,2043222.5806451612,301629.1666666667,268885.5263157895,28261.05263157895,868683.3333333334,16400.0,0.7808136898868367,0.6552012554487772,0.854519484466301,0.8377728734102263,1.6895336710369486,1.0103520653863125,0.4453048780487805
2026-01-22,47855.0,914247.0,1396482.0,567215.0,503469.0,265608.0,228722.0,7295.0,4121459.0,2026,1,3,Thursday,False,True,5138548.1409544945,2045409.1208791207,303636.27413127414,268106.5839481333,28271.446776611694,869319.7641509434,16370.038759689924,0.8020668264546864,0.6827396953230508,0.8747571440860422,0.8531010191239747,1.6926972424909403,1.0516809092600543,0.4456311989904036
2026-01-23,45077.0,933065.0,1298807.0,566911.0,505217.0,248622.0,209654.0,6001.0,3776980.0,2026,1,4,Friday,False,True,5129050.134310134,2047720.1129943505,301619.1314553991,268270.5018939394,28288.191287878788,869741.1204481793,16363.233923578751,0.7363897605005592,0.6342697870466164,0.8242912138906021,0.781502246873518,1.5934917698083813,1.072807733316311,0.3667367971408637
2026-01-24,23866.0,818220.0,655805.0,531327.0,476905.0,114512.0,90911.0,2011.0,2221402.0,2026,1,5,Saturday,True,True,2705277.2151898732,1193827.0833333335,97377.01149425287,129873.41772151898,14520.833333333334,765329.9999999999,4097.8723404255325,0.8211365502681351,0.5493299734572112,1.1759654382775797,0.6999969785575049,1.6435695839311333,1.0691074438477521,0.49074247144340594
2026-01-25,8401.0,168610.0,196889.0,130520.0,117548.0,30577.0,27652.0,773.0,819623.0,2026,1,6,Sunday,True,True,2095472.1381578948,913782.6223776224,82814.40991237678,90573.26786688488,13501.375636868921,682857.6058201058,2739.4444444444443,0.391140013305317,0.21546590532407306,0.3692231826846623,0.3052997937607818,0.6222328913698946,0.24691824263639991,0.28217400121679176
2026-01-26,15007.0,314954.0,489976.0,218341.0,195624.0,53590.0,42911.0,2064.0,1755760.0,2026,1,0,Monday,False,True,5139695.081967213,2039527.8688524591,300793.3333333334,267998.275862069,28215.384615384613,866718.1818181818,16281.39534883721,0.3416078136931004,0.24023991409133583,0.17816219331102195,0.1601167017286524,0.5318729552889858,0.3633868616201135,0.12677046136266248
2026-01-27,36154.0,739147.0,1068310.0,423228.0,379199.0,246235.0,209031.0,6955.0,4059702.0,2026,1,1,Tuesday,False,True,5148953.489116518,2043323.325129888,302659.45701357466,269917.4025974026,28263.335679099226,868912.0103473762,16476.075650118204,0.7884518686333256,0.5228296407432684,0.8135711417368863,0.7744257983683321,1.279183759853793,0.8506580542079303,0.4221272193509322
2026-01-28,43338.0,817588.0,1165329.0,456237.0,409984.0,268629.0,223385.0,7816.0,4332658.0,2026,1,2,Wednesday,False,True,5155313.043478262,2043222.5806451612,301629.1666666667,268885.5263157895,28261.05263157895,868683.3333333334,16400.0,0.8404257827720155,0.5703387438249824,0.8905935820751197,0.8307810504372335,1.533488528009535,0.9411807141075573,0.4765853658536585
2026-01-29,42979.0,857981.0,1161323.0,478975.0,429851.0,270439.0,225215.0,7886.0,4395790.0,2026,1,3,Thursday,False,True,5138548.1409544945,2045409.1208791207,303636.27413127414,268106.5839481333,28271.446776611694,869319.7641509434,16370.038759689924,0.855453696145284,0.567770519914794,0.8906676278180069,0.8400204004075077,1.5202264086306159,0.9869567394892743,0.48173374026570565
2026-01-30,43571.0,878482.0,1057360.0,487562.0,439608.0,245174.0,206477.0,6312.0,3957935.0,2026,1,4,Friday,False,True,5129050.134310134,2047720.1129943505,301619.1314553991,268270.5018939394,28288.191287878788,869741.1204481793,16363.233923578751,0.7716701721287326,0.5163596300540498,0.8128595782932101,0.7696597223411115,1.540254007638507,1.0100499784893653,0.38574282012216826
2026-01-31,25626.0,756025.0,690215.0,475698.0,433913.0,116643.0,96472.0,2460.0,2581424.0,2026,1,5,Saturday,True,True,2705277.2151898732,1193827.0833333335,97377.01149425287,129873.41772151898,14520.833333333334,765329.9999999999,4097.8723404255325,0.9542179209973568,0.5781532431588187,1.1978494534809603,0.7428155945419104,1.7647747489239598,0.9878418460010716,0.6003115264797507
2026-02-01,23002.0,680960.0,524589.0,432357.0,383455.0,80871.0,69254.0,1714.0,1981353.0,2026,2,6,Sunday,True,True,2197103.4597850866,976913.8356854839,78060.25518341307,90978.317373461,16876.08639084049,754182.1455505278,2814.4474948524366,0.9018023212224195,0.5369859457788361,1.0360073741750229,0.761214342047195,1.362993733694345,0.902911854937804,0.609000524307122
2026-02-02,43047.0,834932.0,1173735.0,473082.0,417821.0,217203.0,182299.0,7471.0,3985895.0,2026,2,0,Monday,False,True,5407455.1305403765,2157567.140151515,302429.1666666667,267888.8531187123,29316.151112281164,880479.0803307134,16097.817460317461,0.7371110631114349,0.544008563236449,0.7181946185745973,0.6805023720759893,1.4683714732923003,0.9482701164079836,0.46410018118398183
2026-02-03,48235.0,859259.0,1245949.0,498185.0,442166.0,263234.0,219849.0,8295.0,4397644.0,2026,2,1,Tuesday,False,True,5425127.660455487,2153160.2099817405,303072.07792207797,269324.7230710466,29473.21785476349,884115.4686489981,16111.559139784946,0.8106065470228546,0.5786606097511741,0.8685524638389135,0.8162971356402542,1.6365705379605917,0.9718854951299735,0.514847751731042
2026-02-04,49579.0,871814.0,1302237.0,512286.0,456353.0,263388.0,225121.0,8564.0,4439787.0,2026,2,2,Wednesday,False,True,5424265.453016102,2150871.0057471264,303626.1538461538,269255.74603174604,29436.812570145903,884487.095959596,16221.581196581195,0.8185047428922023,0.6054463501160335,0.867474677868026,0.8360861497583698,1.6842516451758032,0.9856718136222816,0.5279386698631401
2026-02-05,47826.0,898988.0,1334014.0,529097.0,471518.0,265748.0,225067.0,8178.0,4432406.0,2026,2,3,Thursday,False,True,5441076.470588235,2148666.176470588,301795.77464788733,269256.09756097564,29396.907216494845,884428.3018867924,16262.222222222223,0.8146193173279942,0.6208567969321598,0.8805557344533893,0.8358845056388422,1.6269058390320883,1.0164622706918658,0.5028833014484831
2026-02-06,46859.0,911531.0,1261942.0,531210.0,472074.0,252754.0,210906.0,6749.0,4020646.0,2026,2,4,Friday,False,True,5433685.448717949,2149628.3898305083,302966.95804195805,268663.5774218154,29408.226704802048,883766.338724169,16224.285714285714,0.7399482428539641,0.5870512345157017,0.8342625929689533,0.7850189520437558,1.5933976730514128,1.0314162919080092,0.4159813330985296
2026-02-07,23563.0,758697.0,650789.0,497694.0,444578.0,102769.0,89754.0,2120.0,2358946.0,2026,2,5,Saturday,True,True,2871608.225494571,1270277.9407535233,93604.26685525695,130924.46808510639,16257.678571428572,831914.673076923,4261.589782691575,0.8214720862884155,0.5123201616915073,1.0979093523473107,0.685540306657241,1.4493459134694593,0.9119889629953035,0.49746693325818664
2026-02-08,22967.0,685621.0,481220.0,445061.0,393433.0,80029.0,70025.0,1562.0,1769698.0,2026,2,6,Sunday,True,True,2197103.4597850866,976913.8356854839,78060.25518341307,90978.317373461,16876.08639084049,754182.1455505278,2814.4474948524366,0.8054686692692687,0.49259206126642285,1.0252208350070224,0.7696888887552318,1.3609197931379018,0.9090920595839875,0.5549934766439467
2026-02-09,42126.0,863170.0,1219415.0,500310.0,441513.0,243351.0,201329.0,7152.0,3807229.0,2026,2,0,Monday,False,True,5407455.1305403765,2157567.140151515,302429.1666666667,267888.8531187123,29316.151112281164,880479.0803307134,16097.817460317461,0.7040703821095853,0.5651805579104094,0.804654533430693,0.7515392957047863,1.4369553437849663,0.9803412929195183,0.4442838302540273
2026-02-10,47006.0,867843.0,1337815.0,517401.0,459086.0,262988.0,225826.0,8435.0,4283901.0,2026,2,1,Tuesday,False,True,5425127.660455487,2153160.2099817405,303072.07792207797,269324.7230710466,29473.21785476349,884115.4686489981,16111.559139784946,0.78964058877839,0.6213262690802489,0.8677407757359162,0.8384896767922349,1.594871663882566,0.9815946341558035,0.5235371652623676
2026-02-11,50053.0,894697.0,1358378.0,533806.0,474161.0,268664.0,226961.0,8433.0,4377163.0,2026,2,2,Wednesday,False,True,5424265.453016102,2150871.0057471264,303626.1538461538,269255.74603174604,29436.812570145903,884487.095959596,16221.581196581195,0.8069595852035831,0.6315478689193422,0.8848513100624757,0.8429198015081195,1.70035393202736,1.0115433046870255,0.5198630082853644
2026-02-12,47865.0,922239.0,1326128.0,549799.0,493259.0,265892.0,226582.0,7654.0,4266487.0,2026,2,3,Thursday,False,True,5441076.470588235,2148666.176470588,301795.77464788733,269256.09756097564,29396.907216494845,884428.3018867924,16262.222222222223,0.7841255352801079,0.6171866130355838,0.8810328783105822,0.8415111191630055,1.6282325092056813,1.0427515696100456,0.4706613828915004
2026-02-13,47055.0,960871.0,1241227.0,556350.0,499558.0,256378.0,215551.0,6677.0,4034457.0,2026,2,4,Friday,False,True,5433685.448717949,2149628.3898305083,302966.95804195805,268663.5774218154,29408.226704802048,883766.338724169,16224.285714285714,0.7424899799733365,0.5774146851948987,0.8462242934244139,0.802308232729195,1.6000624747739864,1.0872455284811386,0.4115435414281941
2026-02-14,29123.0,851409.0,802553.0,539296.0,484983.0,125137.0,110510.0,2882.0,2839785.0,2026,2,5,Saturday,True,True,2871608.225494571,1270277.9407535233,93604.26685525695,130924.46808510639,16257.678571428572,831914.673076923,4261.589782691575,0.9889179780124463,0.6317932274915591,1.3368728179186857,0.8440744622935101,1.7913381588919521,1.0234330846106792,0.6762734441745726
2026-02-15,28498.0,800112.0,629233.0,481655.0,427501.0,112300.0,93826.0,2304.0,2247495.0,2026,2,6,Sunday,True,True,2197103.4597850866,976913.8356854839,78060.25518341307,90978.317373461,16876.08639084049,754182.1455505278,2814.4474948524366,1.0229354425666612,0.6441028645668406,1.4386322429530372,1.0313006737072243,1.688661656500367,1.0609002145177342,0.8186331435260263
2026-02-16,24970.0,792379.0,834155.0,447596.0,388725.0,101152.0,86277.0,3053.0,2560717.0,2026,2,0,Monday,False,True,5407455.1305403765,2157567.140151515,302429.1666666667,267888.8531187123,29316.151112281164,880479.0803307134,16097.817460317461,0.47355307407684455,0.38661832787341277,0.334465095132469,0.3220626726180622,0.8517489183475907,0.8999407455568138,0.1896530388374644
2026-02-17,45265.0,885324.0,1170513.0,517470.0,456955.0,260663.0,223936.0,7110.0,3797796.0,2026,2,1,Tuesday,False,True,5425127.660455487,2153160.2099817405,303072.07792207797,269324.7230710466,29473.21785476349,884115.4686489981,16111.559139784946,0.7000380889988388,0.5436255948691929,0.8600693332990522,0.8314721257169055,1.5358010863643865,1.0013669383625294,0.4412980729123217
2026-02-18,47110.0,865910.0,1220537.0,515741.0,455907.0,269864.0,224093.0,7243.0,3974070.0,2026,2,2,Wednesday,False,True,5424265.453016102,2150871.0057471264,303626.1538461538,269255.74603174604,29436.812570145903,884487.095959596,16221.581196581195,0.7326466660642986,0.567461738402129,0.8888035387647766,0.832268218237314,1.6003770750566184,0.9789967586362113,0.44650394509793595
2026-02-19,46003.0,908186.0,1259788.0,542602.0,480431.0,273447.0,228261.0,7484.0,4052265.0,2026,2,3,Thursday,False,True,5441076.470588235,2148666.176470588,301795.77464788733,269256.09756097564,29396.907216494845,884428.3018867924,16262.222222222223,0.7447542819705876,0.5863116447755209,0.9060663633181659,0.8477468182435798,1.5648925127126074,1.0268622092514725,0.460207707023777
2026-02-20,43085.0,885347.0,1088131.0,541498.0,482316.0,251262.0,203096.0,5737.0,3550862.0,2026,2,4,Friday,False,True,5433685.448717949,2149628.3898305083,302966.95804195805,268663.5774218154,29408.226704802048,883766.338724169,16224.285714285714,0.6534905329931838,0.5061949335744472,0.8293379635319922,0.7559491388783564,1.4650662358014495,1.0017885511210043,0.3536057057321476
2026-02-21,29438.0,894417.0,839959.0,546495.0,486573.0,142725.0,113589.0,2860.0,2710824.0,2026,2,5,Saturday,True,True,2871608.225494571,1270277.9407535233,93604.26685525695,130924.46808510639,16257.678571428572,831914.673076923,4261.589782691575,0.9440089967471522,0.6612403262720126,1.5247702353216428,0.8675918387246179,1.8107136188394495,1.0751306942236103,0.67111105147095
2026-02-22,21783.0,493463.0,438165.0,320479.0,283668.0,65623.0,60366.0,1558.0,1439320.0,2026,2,6,Sunday,True,True,2197103.4597850866,976913.8356854839,78060.25518341307,90978.317373461,16876.08639084049,754182.1455505278,2814.4474948524366,0.6550988728317735,0.4485195971173313,0.840671092424819,0.6635207348603831,1.2907613468856585,0.6543021508945805,0.5535722385475473
2026-02-23,14355.0,113642.0,202460.0,72207.0,64167.0,0.0,16152.0,316.0,830660.0,2026,2,0,Monday,False,True,5407455.1305403765,2157567.140151515,302429.1666666667,267888.8531187123,29316.151112281164,880479.0803307134,16097.817460317461,0.15361384975874792,0.09383717254137558,0.0,0.060293662136223336,0.48966182310291007,0.12906837032097954,0.019629990262901655
2026-02-24,25054.0,622501.0,963843.0,400780.0,357642.0,90520.0,108743.0,2363.0,3487403.0,2026,2,1,Tuesday,False,True,5425127.660455487,2153160.2099817405,303072.07792207797,269324.7230710466,29473.21785476349,884115.4686489981,16111.559139784946,0.6428241358116175,0.447641097737067,0.2986748255419074,0.4037616701505495,0.8500598788859679,0.7040946822831109,0.1466648869608743
2026-02-25,42319.0,799927.0,1230769.0,476478.0,427038.0,250926.0,212973.0,7126.0,4139212.0,2026,2,2,Wednesday,False,True,5424265.453016102,2150871.0057471264,303626.1538461538,269255.74603174604,29436.812570145903,884487.095959596,16221.581196581195,0.7630917099933664,0.5722188809609622,0.8264307827946311,0.7909691924453485,1.43762168200639,0.9043964616941582,0.43929133132236525
2026-02-26,45069.0,904170.0,1330375.0,530665.0,472716.0,272009.0,231970.0,8132.0,4373179.0,2026,2,3,Thursday,False,True,5441076.470588235,2148666.176470588,301795.77464788733,269256.09756097564,29396.907216494845,884428.3018867924,16262.222222222223,0.8037341551142021,0.6191631881064382,0.9013015517442539,0.8615218080529008,1.5331204629142556,1.0223214228571063,0.5000546597430992
2026-02-27,47326.0,935612.0,1288410.0,538656.0,481460.0,257875.0,218043.0,7157.0,4070331.0,2026,2,4,Friday,False,True,5433685.448717949,2149628.3898305083,302966.95804195805,268663.5774218154,29408.226704802048,883766.338724169,16224.285714285714,0.7490921287982127,0.599364060362818,0.8511654263112308,0.8115837736265287,1.6092775832781572,1.0586644444397793,0.44112881923043057
2026-02-28,30477.0,874002.0,866582.0,530402.0,473196.0,150484.0,120082.0,3099.0,2839556.0,2026,2,5,Saturday,True,True,2871608.225494571,1270277.9407535233,93604.26685525695,130924.46808510639,16257.678571428572,831914.673076923,4261.589782691575,0.9888382317580767,0.6821987316302977,1.607661755769081,0.9171853188048981,1.8746218819678613,1.0505909178971595,0.7271934085693964
2026-03-01,27986.0,783123.0,632277.0,477632.0,419642.0,102690.0,80318.0,2306.0,2092624.0,2026,3,6,Sunday,True,True,2292858.73015873,994259.4202898551,86623.57142857143,94526.08695652173,17662.5,807161.1650485437,3144.4444444444443,0.9126702716024427,0.6359275930377136,1.185474095635467,0.8496913665424775,1.584486907289455,0.9702188781008834,0.733356890459364
2026-03-02,44302.0,872174.0,1302247.0,510740.0,454857.0,228349.0,189527.0,7606.0,3977302.0,2026,3,0,Monday,False,True,5544265.343915343,2241835.9973924384,313690.3395784544,276307.2155411656,29647.423220973782,923330.6152665059,15960.676532769558,0.7173722311766633,0.5808841509881594,0.7279439982336134,0.6859285220937827,1.4942951254076942,0.9445955604410017,0.47654621559329213
2026-03-03,47579.0,854906.0,1291843.0,521002.0,461876.0,255481.0,216028.0,8211.0,4204675.0,2026,3,1,Tuesday,False,True,5579462.711864407,2240693.846153846,312771.69811320753,275253.6231884058,29763.636363636364,922663.9175257732,15965.217391304348,0.7535985483080656,0.5765370410676364,0.8168290211076861,0.7848325391601948,1.5985613927916922,0.9265627318477202,0.5143055555555556
2026-03-04,50528.0,912572.0,1391677.0,548145.0,486527.0,267999.0,230841.0,8652.0,4389363.0,2026,3,2,Wednesday,False,True,5560024.226190476,2238006.617647059,312623.31871345034,275301.80995475117,29709.85085850357,920110.2857142857,15917.153679653678,0.7894503371629066,0.6218377501774984,0.8572585087475421,0.8385015704689381,1.7007153701526525,0.9918071932991884,0.5435645200221657
2026-03-05,47969.0,912659.0,1269711.0,546439.0,487749.0,263845.0,223892.0,7909.0,4249962.0,2026,3,3,Thursday,False,True,5556527.605042016,2237700.0,313649.21875,274745.4203599248,29792.34693877551,923111.3137254901,16020.516795865633,0.764859333397996,0.5674178844349108,0.8412104485753641,0.8149071227709446,1.6101114859657835,0.9886770819834212,0.4936794549624674
2026-03-06,47619.0,959491.0,1302863.0,558541.0,496364.0,252224.0,213668.0,6895.0,4001475.0,2026,3,4,Friday,False,True,5583752.888257576,2236808.276643991,313452.250335871,275884.12022703816,29696.351909184727,922131.7757009345,16030.060975609756,0.7166282391212105,0.5824652088442549,0.804664824481995,0.7744845909368123,1.6035302971093905,1.0405139756415702,0.43012936822205233
2026-03-07,30093.0,888546.0,858706.0,540531.0,489047.0,122719.0,112304.0,3041.0,2773292.0,2026,3,5,Saturday,True,True,3075971.0843373495,1330663.492063492,107664.58333333334,135717.33333333334,16949.137931034486,871945.2830188678,5055.813953488372,0.90159885251244,0.6453216798398699,1.1398270090365525,0.8274845757849648,1.7754885305935606,1.0190387141308417,0.6014857405703772
2026-03-08,31053.0,826545.0,665659.0,493231.0,432634.0,106218.0,90561.0,2307.0,2118735.0,2026,3,6,Sunday,True,True,2292858.73015873,994259.4202898551,86623.57142857143,94526.08695652173,17662.5,807161.1650485437,3144.4444444444443,0.9240582387966503,0.6695023315001042,1.2262020400253972,0.95805298744308,1.7581316348195328,1.0240148260233637,0.7336749116607774
2026-03-09,45175.0,906718.0,1328707.0,523063.0,463520.0,256980.0,216978.0,8061.0,4017877.0,2026,3,0,Monday,False,True,5544265.343915343,2241835.9973924384,313690.3395784544,276307.2155411656,29647.423220973782,923330.6152665059,15960.676532769558,0.72469060385241,0.5926869768999462,0.8192155370335494,0.7852780810484247,1.52374119205211,0.982007944942115,0.5050537791082734
2026-03-10,49773.0,926447.0,1412694.0,538416.0,478297.0,286451.0,242120.0,9144.0,4429117.0,2026,3,1,Tuesday,False,True,5579462.711864407,2240693.846153846,312771.69811320753,275253.6231884058,29763.636363636364,922663.9175257732,15965.217391304348,0.7938250022859257,0.6304716739526425,0.9158469315734546,0.8796251151770434,1.672275503970678,1.0041001738578568,0.5727450980392157
2026-03-11,50810.0,929885.0,1404358.0,550433.0,489648.0,276278.0,240805.0,8969.0,4423114.0,2026,3,2,Wednesday,False,True,5560024.226190476,2238006.617647059,312623.31871345034,275301.80995475117,29709.85085850357,920110.2857142857,15917.153679653678,0.7955206344542414,0.6275039532619792,0.8837408582858646,0.8746945762528002,1.7102071714189415,1.0106234159507588,0.5634801410169676
2026-03-12,48958.0,937084.0,1317907.0,554284.0,493187.0,280281.0,236207.0,8261.0,4360259.0,2026,3,3,Thursday,False,True,5556527.605042016,2237700.0,313649.21875,274745.4203599248,29792.34693877551,923111.3137254901,16020.516795865633,0.7847093202674784,0.5889560709657238,0.8936129384189643,0.8597304358724586,1.6433079307451235,1.01513651286335,0.5156512804962629
2026-03-13,47270.0,984218.0,1310749.0,568430.0,503943.0,276610.0,224651.0,6966.0,4099078.0,2026,3,4,Friday,False,True,5583752.888257576,2236808.276643991,313452.250335871,275884.12022703816,29696.351909184727,922131.7757009345,16030.060975609756,0.7341080599430193,0.5859907680449887,0.8824629579261475,0.8142947836762914,1.5917780118095906,1.0673290151528205,0.43455854663304083
2026-03-14,30899.0,911435.0,885009.0,558583.0,497376.0,152848.0,124704.0,3333.0,2883522.0,2026,3,5,Saturday,True,True,3075971.0843373495,1330663.492063492,107664.58333333334,135717.33333333334,16949.137931034486,871945.2830188678,5055.813953488372,0.9374346900342178,0.6650885105652031,1.4196683372356276,0.9188509451015836,1.8230425715884235,1.0452892145300792,0.6592410303587857
2026-03-15,29818.0,851494.0,643762.0,494287.0,442610.0,117786.0,95218.0,2453.0,2284838.0,2026,3,6,Sunday,True,True,2292858.73015873,994259.4202898551,86623.57142857143,94526.08695652173,17662.5,807161.1650485437,3144.4444444444443,0.9965018646577608,0.6474789042605449,1.3597453678889777,1.0073198104962975,1.6882094833687191,1.0549243904081906,0.7801060070671378
2026-03-16,43491.0,858980.0,1238844.0,514619.0,453639.0,249381.0,208691.0,7268.0,3857027.0,2026,3,0,Monday,False,True,5544265.343915343,2241835.9973924384,313690.3395784544,276307.2155411656,29647.423220973782,923330.6152665059,15960.676532769558,0.6956786446436886,0.5526024211587934,0.7949910103547497,0.7552861027941856,1.4669403029006822,0.9303059876900843,0.4553691684107346
2026-03-17,48561.0,910899.0,1356227.0,531029.0,470372.0,279541.0,242645.0,8718.0,4469055.0,2026,3,1,Tuesday,False,True,5579462.711864407,2240693.846153846,312771.69811320753,275253.6231884058,29763.636363636364,922663.9175257732,15965.217391304348,0.8009830391906395,0.6052709977884598,0.8937541397969464,0.8815324470185599,1.6315546731826511,0.9872489675793087,0.546062091503268
2026-03-18,50031.0,948429.0,1402034.0,563908.0,500263.0,281676.0,244436.0,8489.0,4510854.0,2026,3,2,Wednesday,False,True,5560024.226190476,2238006.617647059,312623.31871345034,275301.80995475117,29709.85085850357,920110.2857142857,15917.153679653678,0.8113011412345358,0.6264655291654305,0.9010076444687206,0.8878837376338924,1.6839869118925617,1.0307775217008148,0.5333239956620625
2026-03-19,48465.0,975040.0,1397394.0,565763.0,501442.0,281063.0,242630.0,8237.0,4482768.0,2026,3,3,Thursday,False,True,5556527.605042016,2237700.0,313649.21875,274745.4203599248,29792.34693877551,923111.3137254901,16020.516795865633,0.8067570825945898,0.6244778120391473,0.8961061695614378,0.883108441560727,1.62676005685613,1.0562539809689215,0.514153201482595
2026-03-20,45320.0,967383.0,1209923.0,553450.0,487502.0,268288.0,228693.0,6313.0,3784106.0,2026,3,4,Friday,False,True,5583752.888257576,2236808.276643991,313452.250335871,275884.12022703816,29696.351909184727,922131.7757009345,16030.060975609756,0.6776994032020711,0.5409149334047151,0.8559134595860246,0.8289458625302452,1.5261133804783296,1.0490724053670843,0.3938225818108508
2026-03-21,29424.0,916706.0,890063.0,545885.0,482835.0,137175.0,123117.0,2809.0,2811993.0,2026,3,5,Saturday,True,True,3075971.0843373495,1330663.492063492,107664.58333333334,135717.33333333334,16949.137931034486,871945.2830188678,5055.813953488372,0.9141805702655954,0.6688866158188181,1.2740958609880222,0.9071575234801744,1.7360174965668072,1.0513343186239401,0.5555979760809567
2026-03-22,29741.0,878557.0,687957.0,513845.0,448119.0,123518.0,102101.0,2056.0,2121729.0,2026,3,6,Sunday,True,True,2292858.73015873,994259.4202898551,86623.57142857143,94526.08695652173,17662.5,807161.1650485437,3144.4444444444443,0.9253640322851976,0.6919290740030815,1.4259167333206897,1.0801356883308038,1.683849964614296,1.0884530104309,0.6538515901060071
2026-03-23,43326.0,875747.0,1259485.0,516795.0,456061.0,255362.0,213572.0,7474.0,3888821.0,2026,3,0,Monday,False,True,5544265.343915343,2241835.9973924384,313690.3395784544,276307.2155411656,29647.423220973782,923330.6152665059,15960.676532769558,0.7014132186634715,0.5618096067084983,0.8140575841231273,0.7729512223620558,1.461374895115655,0.9484652469226621,0.4682758894746602
2026-03-24,48170.0,915023.0,1400840.0,538178.0,476651.0,285995.0,239664.0,8554.0,4385137.0,2026,3,1,Tuesday,False,True,5579462.711864407,2240693.846153846,312771.69811320753,275253.6231884058,29763.636363636364,922663.9175257732,15965.217391304348,0.7859425228660921,0.6251813483598144,0.9143889991494188,0.8707024351717783,1.618417837507636,0.9917186340761399,0.5357897603485838
2026-03-25,49877.0,930286.0,1412694.0,547873.0,485265.0,279314.0,240153.0,8487.0,4402186.0,2026,3,2,Wednesday,False,True,5560024.226190476,2238006.617647059,312623.31871345034,275301.80995475117,29709.85085850357,920110.2857142857,15917.153679653678,0.791756622077925,0.6312286964929729,0.8934522259870782,0.8723262663600786,1.6788034459528152,1.0110592332720363,0.5331983450564171
2026-03-26,49422.0,969427.0,1358425.0,566379.0,502463.0,304253.0,241015.0,8566.0,4431640.0,2026,3,3,Thursday,False,True,5556527.605042016,2237700.0,313649.21875,274745.4203599248,29792.34693877551,923111.3137254901,16020.516795865633,0.7975556525587512,0.6070630558162399,0.9700422695537162,0.8772302726075036,1.6588824002877056,1.0501734575081625,0.5346893679616255
2026-03-27,46350.0,974683.0,1271472.0,570395.0,505648.0,264326.0,221909.0,6767.0,4019397.0,2026,3,4,Friday,False,True,5583752.888257576,2236808.276643991,313452.250335871,275884.12022703816,29696.351909184727,922131.7757009345,16030.060975609756,0.7198379083810535,0.5684313730757742,0.8432735758533201,0.8043558281548808,1.5607977754892006,1.0569888444188142,0.42214437052336884
2026-03-28,29859.0,919497.0,863605.0,554555.0,491446.0,150533.0,124691.0,2596.0,2929313.0,2026,3,5,Saturday,True,True,3075971.0843373495,1330663.492063492,107664.58333333334,135717.33333333334,16949.137931034486,871945.2830188678,5055.813953488372,0.9523213709374178,0.649003301849656,1.3981663731883356,0.9187551577789129,1.7616825186918261,1.0545352075493746,0.5134682612695493
2026-03-29,31135.0,858515.0,687814.0,511214.0,448838.0,121016.0,97853.0,2068.0,2203483.0,2026,3,6,Sunday,True,True,2292858.73015873,994259.4202898551,86623.57142857143,94526.08695652173,17662.5,807161.1650485437,3144.4444444444443,0.9610199577570386,0.6917852483605159,1.397033140105382,1.0351957131686675,1.7627742392073602,1.063622777179038,0.6576678445229682
2026-03-30,43437.0,900924.0,1306714.0,526624.0,462480.0,270783.0,222861.0,7836.0,3998954.0,2026,3,0,Monday,False,True,5544265.343915343,2241835.9973924384,313690.3395784544,276307.2155411656,29647.423220973782,923330.6152665059,15960.676532769558,0.7212775276689681,0.5828767142288227,0.863217529630927,0.8065695988557964,1.4651188967164916,0.9757328362170267,0.49095663231515085
2026-03-31,47728.0,915291.0,1373765.0,538926.0,473538.0,283190.0,246489.0,8594.0,4383952.0,2026,3,1,Tuesday,False,True,5579462.711864407,2240693.846153846,312771.69811320753,275253.6231884058,29763.636363636364,922663.9175257732,15965.217391304348,0.7857301368244254,0.6130980376270813,0.9054207964094614,0.8954977491114913,1.6035675015271837,0.9920090973693385,0.5382952069716775
2026-04-01,49070.0,943619.0,1317645.0,544652.0,479587.0,251388.0,215767.0,7908.0,4232503.0,2026,4,2,Wednesday,False,True,5566984.138655462,2185750.964912281,310066.2509819324,286827.94117647054,28901.2689241571,938204.1237623763,16198.322510822512,0.7602865204178997,0.6028340012892914,0.8107557633373276,0.7522523751172819,1.6978493272655197,1.0057715331882247,0.48819870049608305
2026-04-02,45303.0,908227.0,1175688.0,538787.0,477842.0,254880.0,215928.0,6981.0,3900255.0,2026,4,3,Thursday,False,True,5581935.863808323,2185126.7391304346,311003.37734404893,287274.03969270166,28950.82417582418,939956.4320388349,16211.730545876888,0.6987280210953585,0.5380411025805587,0.8195409393192468,0.7516446673391691,1.5648259173854868,0.9662437204988199,0.43061411489937884
2026-04-03,41964.0,892868.0,1108898.0,525428.0,466620.0,257779.0,224159.0,5621.0,3586174.0,2026,4,4,Friday,False,True,5581218.9655172415,2186919.696969697,310225.3968253968,286157.14285714284,28958.44155844156,941837.7358490565,16181.81818181818,0.6425431473225939,0.5070593133970779,0.830940995282488,0.7833423194049224,1.4491111310431428,0.948006186219635,0.34736516853932586
2026-04-04,29151.0,894521.0,869566.0,537099.0,474918.0,153371.0,145498.0,3374.0,2951308.0,2026,4,5,Saturday,True,True,3170231.8055555555,1336330.8974358975,114119.62365591398,149238.35001021036,16706.49021595073,912598.1617647059,5100.744680851064,0.9309439123120553,0.6507115877276288,1.3439494022731289,0.9749370720732676,1.744890735468047,0.9801915426503273,0.6614720420464263
2026-04-05,32321.0,847545.0,572940.0,494605.0,432261.0,117368.0,106661.0,2079.0,1988198.0,2026,4,6,Sunday,True,True,2435088.2352941176,995331.1475409836,91600.0,102942.69662921347,18634.513274336285,864630.3921568628,3272.5,0.8164788327515612,0.5756275199620523,1.2813100436681222,1.0361201279210646,1.7344697725222016,0.9802396581107421,0.6352941176470588
2026-04-06,40038.0,912482.0,1193708.0,528729.0,462878.0,248376.0,214677.0,6834.0,3665272.0,2026,4,0,Monday,False,True,5575529.166666667,2192433.962264151,310364.7887323944,286171.4285714286,28993.617021276597,940363.8297872341,16282.926829268294,0.6573854947998209,0.5444670263943752,0.8002711938246224,0.7501692292332268,1.3809246349159756,0.970349955087551,0.4197034152186938
2026-04-07,45336.0,880048.0,1260764.0,541576.0,478428.0,271051.0,239713.0,7633.0,4088429.0,2026,4,1,Tuesday,False,True,5594090.0,2183766.176470588,309667.1428571429,286013.63636363635,28925.49019607843,941739.0,16197.959183673469,0.7308479127078756,0.5773347044131126,0.8752979005106865,0.8381173815615912,1.567337310195228,0.9344924655345058,0.4712322036033766
2026-04-08,46167.0,869214.0,1234992.0,531511.0,473021.0,273134.0,242421.0,7527.0,4081273.0,2026,4,2,Wednesday,False,True,5566984.138655462,2185750.964912281,310066.2509819324,286827.94117647054,28901.2689241571,938204.1237623763,16198.322510822512,0.7331210038233931,0.5650195378271573,0.8808891620259425,0.845179165619889,1.5974039105740216,0.9264657636701565,0.4646777464130017
2026-04-09,45482.0,906459.0,1241877.0,559291.0,498130.0,283722.0,242312.0,7418.0,4113539.0,2026,4,3,Thursday,False,True,5581935.863808323,2185126.7391304346,311003.37734404893,287274.03969270166,28950.82417582418,939956.4320388349,16211.730545876888,0.736937704116418,0.5683317941064607,0.9122794820524769,0.8434872857262085,1.571008815630901,0.9643627822555813,0.4575699046445484
2026-04-10,45710.0,966012.0,1228428.0,575680.0,508412.0,275636.0,229974.0,6499.0,3921201.0,2026,4,4,Friday,False,True,5581218.9655172415,2186919.696969697,310225.3968253968,286157.14285714284,28958.44155844156,941837.7358490565,16181.81818181818,0.7025707151478157,0.561716098539041,0.8885023689892654,0.8036633218511308,1.57846892097946,1.0256671220856857,0.401623595505618
2026-04-11,30588.0,945844.0,906426.0,565169.0,503197.0,162641.0,136538.0,3018.0,2931621.0,2026,4,5,Saturday,True,True,3170231.8055555555,1336330.8974358975,114119.62365591398,149238.35001021036,16706.49021595073,912598.1617647059,5100.744680851064,0.9247339563190897,0.6782945763951255,1.4251799540663095,0.9148988848419897,1.8309052113648459,1.0364298763992754,0.5916783114689136
2026-04-12,30388.0,894197.0,707266.0,530464.0,463820.0,126689.0,102484.0,1887.0,2190707.0,2026,4,6,Sunday,True,True,2435088.2352941176,995331.1475409836,91600.0,102942.69662921347,18634.513274336285,864630.3921568628,3272.5,0.899641732996751,0.7105836100350489,1.3830676855895196,0.9955441556882307,1.6307375219641922,1.0341956610724519,0.5766233766233766
2026-04-13,44761.0,918865.0,1350682.0,536861.0,471574.0,255307.0,222790.0,7838.0,3982381.0,2026,4,0,Monday,False,True,5575529.166666667,2192433.962264151,310364.7887323944,286171.4285714286,28993.617021276597,940363.8297872341,16282.926829268294,0.7142606344539792,0.6160650780127196,0.8226029796831533,0.7785193690095846,1.5438225581566007,0.9771377533820091,0.48136309167165964
2026-04-14,50417.0,942597.0,1434905.0,556123.0,490417.0,284780.0,250019.0,8694.0,4446516.0,2026,4,1,Tuesday,False,True,5594090.0,2183766.176470588,309667.1428571429,286013.63636363635,28925.49019607843,941739.0,16197.959183673469,0.7948595750157755,0.657078132018282,0.9196326009032739,0.8741506285460007,1.742995526030369,1.0009110804585983,0.5367342824744866
2026-04-15,51392.0,963179.0,1421298.0,569096.0,506174.0,280305.0,253123.0,8521.0,4492478.0,2026,4,2,Wednesday,False,True,5566984.138655462,2185750.964912281,310066.2509819324,286827.94117647054,28901.2689241571,938204.1237623763,16198.322510822512,0.806985952915796,0.6502561466589767,0.9040164774860757,0.8824907328127645,1.7781918203959566,1.0266198747213664,0.5260421253069201
2026-04-16,49769.0,989437.0,1404775.0,591083.0,522798.0,283310.0,250075.0,8578.0,4499619.0,2026,4,3,Thursday,False,True,5581935.863808323,2185126.7391304346,311003.37734404893,287274.03969270166,28950.82417582418,939956.4320388349,16211.730545876888,0.806103672593991,0.6428803303917403,0.9109547375962641,0.8705102635361913,1.7190875015420235,1.0526413419543692,0.529123030741566
2026-04-17,47673.0,1008691.0,1329978.0,590563.0,523633.0,265678.0,240167.0,7185.0,4185097.0,2026,4,4,Friday,False,True,5581218.9655172415,2186919.696969697,310225.3968253968,286157.14285714284,28958.44155844156,941837.7358490565,16181.81818181818,0.749853576047996,0.6081512740695887,0.8564031272704946,0.839283610403874,1.6462557180016144,1.070981721804421,0.44401685393258433
2026-04-18,31586.0,971767.0,930278.0,582910.0,517240.0,153460.0,150443.0,2856.0,3060136.0,2026,4,5,Saturday,True,True,3170231.8055555555,1336330.8974358975,114119.62365591398,149238.35001021036,16706.49021595073,912598.1617647059,5100.744680851064,0.9652720014471428,0.6961434490401914,1.344729285672222,1.008071986789637,1.890642474374592,1.0648355877913214,0.5599182430600455
2026-04-19,29257.0,851711.0,641158.0,519606.0,456626.0,105273.0,98969.0,1684.0,2105104.0,2026,4,6,Sunday,True,True,2435088.2352941176,995331.1475409836,91600.0,102942.69662921347,18634.513274336285,864630.3921568628,3272.5,0.8644877707052528,0.6441655137428519,1.1492685589519651,0.9613989456335477,1.570043690934131,0.9850579018803228,0.5145912910618793
2026-04-20,44061.0,929617.0,1368164.0,547842.0,481671.0,262373.0,223303.0,7745.0,4099614.0,2026,4,0,Monday,False,True,5575529.166666667,2192433.962264151,310364.7887323944,286171.4285714286,28993.617021276597,940363.8297872341,16282.926829268294,0.7352869794869993,0.6240388643619997,0.8453697375646104,0.780312000798722,1.5196793131283481,0.9885716257401503,0.47565158777711203
2026-04-21,48934.0,927914.0,1419301.0,560326.0,495459.0,281884.0,246155.0,8459.0,4441919.0,2026,4,1,Tuesday,False,True,5594090.0,2183766.176470588,309667.1428571429,286013.63636363635,28925.49019607843,941739.0,16197.959183673469,0.7940378149082336,0.6499326783666374,0.9102806238957035,0.8606407831794416,1.6917258676789588,0.9853197117247985,0.5222262819705178
2026-04-22,49769.0,938516.0,1406217.0,574135.0,508497.0,282919.0,247815.0,8336.0,4486292.0,2026,4,2,Wednesday,False,True,5566984.138655462,2185750.964912281,310066.2509819324,286827.94117647054,28901.2689241571,938204.1237623763,16198.322510822512,0.8058747588031622,0.6433564585233683,0.9124469338537774,0.8639848648759506,1.7220351165412198,1.0003324183189188,0.5146211895972873
2026-04-23,50202.0,992296.0,1436949.0,595042.0,527768.0,299239.0,256200.0,8595.0,4580490.0,2026,4,3,Thursday,False,True,5581935.863808323,2185126.7391304346,311003.37734404893,287274.03969270166,28950.82417582418,939956.4320388349,16211.730545876888,0.8205916570447519,0.6576044191248285,0.9621728309045514,0.8918313686612904,1.7340438978563497,1.055682972292276,0.5301716541412637
2026-04-24,47478.0,1014159.0,1361415.0,595181.0,526695.0,279397.0,245042.0,7257.0,4268055.0,2026,4,4,Friday,False,True,5581218.9655172415,2186919.696969697,310225.3968253968,286157.14285714284,28958.44155844156,941837.7358490565,16181.81818181818,0.7647173541066143,0.6225262874930632,0.9006258122614382,0.85631970445809,1.6395219302179567,1.0767873927728608,0.4484662921348315
2026-04-25,28666.0,880842.0,755222.0,548308.0,490788.0,125261.0,111587.0,2358.0,2685935.0,2026,4,5,Saturday,True,True,3170231.8055555555,1336330.8974358975,114119.62365591398,149238.35001021036,16706.49021595073,912598.1617647059,5100.744680851064,0.8472361532974126,0.5651459540815019,1.0976289264472057,0.7477099551982825,1.7158601016406654,0.9652024701613484,0.4622854401735249
2026-04-26,29409.0,893407.0,686858.0,521300.0,462260.0,117184.0,112778.0,2186.0,2340921.0,2026,4,6,Sunday,True,True,2435088.2352941176,995331.1475409836,91600.0,102942.69662921347,18634.513274336285,864630.3921568628,3272.5,0.9613290254006982,0.690079881150025,1.279301310043668,1.0955415361442495,1.578200598375837,1.033281975864106,0.667990832696715
2026-04-27,44090.0,920097.0,1376245.0,539100.0,474521.0,259203.0,224358.0,7833.0,4057416.0,2026,4,0,Monday,False,True,5575529.166666667,2192433.962264151,310364.7887323944,286171.4285714286,28993.617021276597,940363.8297872341,16282.926829268294,0.7277185498835312,0.6277247222437371,0.8351559500633057,0.7839986022364217,1.5206795332795184,0.9784478845897129,0.48105602156980226
2026-04-28,49732.0,929442.0,1424485.0,561700.0,496800.0,287935.0,247855.0,8465.0,4441195.0,2026,4,1,Tuesday,False,True,5594090.0,2183766.176470588,309667.1428571429,286013.63636363635,28925.49019607843,941739.0,16197.959183673469,0.7939083926071979,0.6523065588927925,0.9298209598324467,0.8665845557268408,1.7193139913232105,0.9869422419587592,0.5225966990046618
2026-04-29,49723.0,946469.0,1404674.0,561946.0,500895.0,280165.0,247914.0,8448.0,4483678.0,2026,4,2,Wednesday,False,True,5566984.138655462,2185750.964912281,310066.2509819324,286827.94117647054,28901.2689241571,938204.1237623763,16198.322510822512,0.8054052047439276,0.6426505226574943,0.9035649610777061,0.8643300195341541,1.7204434909236486,1.0088092516631455,0.5215354858106866
2026-04-30,48639.0,974328.0,1386584.0,591474.0,526718.0,283918.0,244080.0,8214.0,4462639.0,2026,4,3,Thursday,False,True,5581935.863808323,2185126.7391304346,311003.37734404893,287274.03969270166,28950.82417582418,939956.4320388349,16211.730545876888,0.7994787308350274,0.6345554128140812,0.9129097002889277,0.8496416879892575,1.6800557975346597,1.0365671926799955,0.506670153242157
2026-05-01,49319.0,1007808.0,1340995.0,585851.0,520687.0,226626.0,192666.0,7182.0,4237281.0,2026,5,4,Friday,False,True,5719113.207547169,2275682.2580645164,318995.3846153846,287064.70588235295,29388.043478260868,965228.1553398058,17384.848484848484,0.7408982557660015,0.5892716328247537,0.7104366110915519,0.6711587877297596,1.6781995043828828,1.0441137615232579,0.4131183545407007
2026-05-02,31739.0,949645.0,887316.0,569560.0,508275.0,138590.0,128983.0,3176.0,2970388.0,2026,5,5,Saturday,True,True,3212641.516516517,1391093.5047193244,118529.28841991341,150498.80576044958,17291.094911377928,956502.2916666667,4867.136752136752,0.9245936668404903,0.6378550377740642,1.1692468743169837,0.8570367010440169,1.8355691275001347,0.9928308674987927,0.6525397090200279
2026-05-03,30612.0,866478.0,656144.0,504622.0,451271.0,122910.0,108466.0,3650.0,2394703.0,2026,5,6,Sunday,True,True,2391359.493670886,963553.3333333334,97502.5641025641,104090.81632653062,17024.358974358973,853056.5217391305,3515.5181843040746,1.0013981613128278,0.6809628250987664,1.2605822332088572,1.0420323696928702,1.7981293772121396,1.0157333985718873,1.0382537676227515
2026-05-04,45147.0,925966.0,1360336.0,546207.0,479183.0,256730.0,218344.0,7850.0,4101660.0,2026,5,0,Monday,False,True,5716296.875,2267007.727652465,319412.2631848438,286301.64835164836,29366.565217391304,962588.775510204,17395.0,0.717537960272576,0.6000579457259535,0.8037574933415452,0.7626361959740456,1.5373605890164947,0.9619538722641008,0.451279103190572
2026-05-05,51610.0,963255.0,1432999.0,570496.0,502482.0,290796.0,250585.0,8672.0,4507946.0,2026,5,1,Tuesday,False,True,5706690.286470871,2276651.138375917,319988.21371610847,286533.8312236287,29395.263424518744,962189.3092783506,17288.257575757576,0.7899405388596622,0.6294328436381567,0.9087709719770878,0.8745389643166708,1.7557250382370049,1.0011075686576156,0.5016121469731163
2026-05-06,50966.0,950775.0,1391501.0,576453.0,510809.0,285219.0,249208.0,8293.0,4441571.0,2026,5,2,Wednesday,False,True,5723566.349206349,2275398.146853147,318580.4212454213,287037.86075036076,29373.234811165843,962160.6969520481,17459.37669376694,0.7760145910802423,0.6115417655254892,0.8952810059230821,0.8682060246287102,1.7351170318029105,0.9881665329002567,0.4749883197697791
2026-05-07,50729.0,987051.0,1417365.0,587279.0,521518.0,285975.0,251818.0,8322.0,4494867.0,2026,5,3,Thursday,False,True,5720059.154929577,2277316.0714285714,317896.1538461538,287151.4285714286,29435.227272727272,961900.9803921569,17383.720930232557,0.7858077824468476,0.6223839623240704,0.89958622191572,0.8769519317831308,1.7234111878932943,1.0261461627761204,0.478723745819398
2026-05-08,49494.0,1017369.0,1342338.0,593658.0,527029.0,276333.0,232579.0,7193.0,4170075.0,2026,5,4,Friday,False,True,5719113.207547169,2275682.2580645164,318995.3846153846,287064.70588235295,29388.043478260868,965228.1553398058,17384.848484848484,0.7291471332473369,0.589861785512037,0.8662601822066391,0.810197127108051,1.6841543070606946,1.054019191599149,0.4137510894195573
2026-05-09,31054.0,940770.0,820348.0,568921.0,506270.0,137761.0,116969.0,2464.0,2711116.0,2026,5,5,Saturday,True,True,3212641.516516517,1391093.5047193244,118529.28841991341,150498.80576044958,17291.094911377928,956502.2916666667,4867.136752136752,0.8438899846316114,0.5897144923881436,1.1622528223737787,0.7772088250732082,1.7959533597589457,0.983552269760636,0.5062524694664197
2026-05-10,35968.0,953852.0,672266.0,544966.0,480366.0,137794.0,121213.0,2083.0,2196587.0,2026,5,6,Sunday,True,True,2391359.493670886,963553.3333333334,97502.5641025641,104090.81632653062,17024.358974358973,853056.5217391305,3515.5181843040746,0.9185515627464702,0.6976946441297143,1.413234628938095,1.1644927408365928,2.11273740492507,1.1181580302034118,0.5925157802625182
2026-05-11,42301.0,932149.0,1344799.0,555231.0,488320.0,263999.0,230010.0,7726.0,4041257.0,2026,5,0,Monday,False,True,5716296.875,2267007.727652465,319412.2631848438,286301.64835164836,29366.565217391304,962588.775510204,17395.0,0.7069711542929618,0.5932044181395747,0.8265149163894933,0.8033834290660162,1.4404476549047942,0.9683771759191042,0.44415061799367633
2026-05-12,50279.0,959909.0,1434966.0,566186.0,503756.0,290981.0,253326.0,8664.0,4547855.0,2026,5,1,Tuesday,False,True,5706690.286470871,2276651.138375917,319988.21371610847,286533.8312236287,29395.263424518744,962189.3092783506,17288.257575757576,0.7969339094469208,0.6302968319615514,0.9093491182714515,0.8841050249395811,1.71044563451886,0.9976300825041792,0.5011494051401152
2026-05-13,50881.0,982460.0,1421212.0,581596.0,518618.0,290840.0,253866.0,8388.0,4577163.0,2026,5,2,Wednesday,False,True,5723566.349206349,2275398.146853147,318580.4212454213,287037.86075036076,29373.234811165843,962160.6969520481,17459.37669376694,0.799704715685647,0.6245992605582114,0.9129249024878048,0.884433849027287,1.7322232408892966,1.0210976223745747,0.480429522034114
2026-05-14,49115.0,1009104.0,1411049.0,600065.0,534276.0,265552.0,248764.0,8285.0,4593266.0,2026,5,3,Thursday,False,True,5720059.154929577,2277316.0714285714,317896.1538461538,287151.4285714286,29435.227272727272,961900.9803921569,17383.720930232557,0.8030102269207302,0.6196105220979897,0.8353419718582509,0.8663164283653224,1.6685789290815736,1.0490726390450282,0.47659531772575253
2026-05-15,47759.0,1048440.0,1360005.0,608804.0,540915.0,249226.0,239234.0,7174.0,4280781.0,2026,5,4,Friday,False,True,5719113.207547169,2275682.2580645164,318995.3846153846,287064.70588235295,29388.043478260868,965228.1553398058,17384.848484848484,0.7485043300683244,0.5976251716075222,0.7812840311169199,0.8333800536874244,1.6251166919406739,1.0862095082907106,0.41265818371971413
2026-05-16,31979.0,1003777.0,896034.0,584606.0,526460.0,0.0,151901.0,3780.0,3267749.0,2026,5,5,Saturday,True,True,3212641.516516517,1391093.5047193244,118529.28841991341,150498.80576044958,17291.094911377928,956502.2916666667,4867.136752136752,1.017153324826368,0.6441220499989246,0.0,1.009316979177777,1.8494491045189452,1.0494245635846402,0.7766373111132574
2026-05-17,31872.0,993705.0,734521.0,556070.0,492602.0,0.0,115691.0,2392.0,2494895.0,2026,5,6,Sunday,True,True,2391359.493670886,963553.3333333334,97502.5641025641,104090.81632653062,17024.358974358973,853056.5217391305,3515.5181843040746,1.0432956678421363,0.7623044564217168,0.0,1.1114429118999303,1.8721409744709694,1.1648759193284506,0.6804117841516771
2026-05-18,44080.0,985033.0,1381933.0,561219.0,493426.0,0.0,238270.0,7869.0,4118450.0,2026,5,0,Monday,False,True,5716296.875,2267007.727652465,319412.2631848438,286301.64835164836,29366.565217391304,962588.775510204,17395.0,0.7204751765101424,0.6095846005037756,0.0,0.8322341187059679,1.5010267518073646,1.02331652421139,0.4523713710836447
2026-05-19,49749.0,990399.0,1420860.0,574541.0,508892.0,73727.0,259833.0,8492.0,4481231.0,2026,5,1,Tuesday,False,True,5706690.286470871,2276651.138375917,319988.21371610847,286533.8312236287,29395.263424518744,962189.3092783506,17288.257575757576,0.7852591914132562,0.6241008892621078,0.23040536132187084,0.9068143851998065,1.6924155188384566,1.0293182333763478,0.4912004557305931
2026-05-20,49845.0,992093.0,1381453.0,574880.0,509938.0,283643.0,257684.0,8421.0,4465109.0,2026,5,2,Wednesday,False,True,5723566.349206349,2275398.146853147,318580.4212454213,287037.86075036076,29373.234811165843,962160.6969520481,17459.37669376694,0.7801270619705751,0.6071258350590361,0.8903340603642842,0.8977352302110067,1.6969530363421903,1.0311094634636107,0.482319623873304
2026-05-21,48234.0,1001257.0,1354536.0,581914.0,517247.0,291733.0,256261.0,8134.0,4386711.0,2026,5,3,Thursday,False,True,5720059.154929577,2277316.0714285714,317896.1538461538,287151.4285714286,29435.227272727272,961900.9803921569,17383.720930232557,0.7668995863826878,0.5947949065982278,0.9176990550857199,0.8924246042406694,1.6386488051577037,1.0409148346972243,0.46790903010033447
2026-05-22,45010.0,993236.0,1315743.0,562750.0,498509.0,277277.0,249076.0,7114.0,3968143.0,2026,5,4,Friday,False,True,5719113.207547169,2275682.2580645164,318995.3846153846,287064.70588235295,29388.043478260868,965228.1553398058,17384.848484848484,0.6938388620745399,0.5781751803606575,0.8692194726714155,0.8676650068646135,1.5315752487332175,1.0290168127662358,0.4092069025623148
2026-05-23,26704.0,825666.0,759826.0,498274.0,442731.0,129759.0,109220.0,2754.0,2407533.0,2026,5,5,Saturday,True,True,3212641.516516517,1391093.5047193244,118529.28841991341,150498.80576044958,17291.094911377928,956502.2916666667,4867.136752136752,0.7493936026234573,0.5462077117190675,1.0947420821451581,0.7257200444091665,1.5443787762930021,0.8632138231068012,0.565835755239659
2026-05-24,27226.0,749491.0,593641.0,460864.0,402986.0,109255.0,92631.0,1975.0,2019466.0,2026,5,6,Sunday,True,True,2391359.493670886,963553.3333333334,97502.5641025641,104090.81632653062,17024.358974358973,853056.5217391305,3515.5181843040746,0.8444844889883092,0.616095632139373,1.1205346341976543,0.8899055965650089,1.5992378944197607,0.8785947717415126,0.5617948468643655
2026-05-25,19932.0,766774.0,738673.0,441476.0,384058.0,123020.0,96589.0,2548.0,2202485.0,2026,5,0,Monday,False,True,5716296.875,2267007.727652465,319412.2631848438,286301.64835164836,29366.565217391304,962588.775510204,17395.0,0.3852992677186662,0.3258361191229426,0.38514488696637283,0.337367949350278,0.6787310620922048,0.7965748401684658,0.14647887323943662
2026-05-26,47170.0,962378.0,1373013.0,552569.0,484532.0,295809.0,249759.0,8093.0,4245059.0,2026,5,1,Tuesday,False,True,5706690.286470871,2276651.138375917,319988.21371610847,286533.8312236287,29395.263424518744,962189.3092783506,17288.257575757576,0.7438740823317446,0.6030844940869857,0.9244371739967894,0.871656233169453,1.6046802955558908,1.0001961056102264,0.46812120680966673
2026-05-27,49611.0,967290.0,1311016.0,549917.0,479740.0,287968.0,255084.0,7753.0,4137026.0,2026,5,2,Wednesday,False,True,5723566.349206349,2275398.146853147,318580.4212454213,287037.86075036076,29373.234811165843,962160.6969520481,17459.37669376694,0.7228056333397193,0.5761699339577656,0.9039099103273558,0.8886771916888299,1.688986600180006,1.0053310253310082,0.4440593805830336
2026-05-28,49039.0,997406.0,1386126.0,576900.0,510091.0,288181.0,256116.0,8209.0,4436107.0,2026,5,3,Thursday,False,True,5720059.154929577,2277316.0714285714,317896.1538461538,287151.4285714286,29435.227272727272,961900.9803921569,17383.720930232557,0.7755351614112136,0.6086664988626179,0.906525594957231,0.8919196441897257,1.6659969887657802,1.0369113041067575,0.47222341137123747
2026-05-29,47455.0,1021725.0,1342145.0,583901.0,517384.0,279994.0,237163.0,7138.0,4149318.0,2026,5,4,Friday,False,True,5719113.207547169,2275682.2580645164,318995.3846153846,287064.70588235295,29388.043478260868,965228.1553398058,17384.848484848484,0.7255177244130078,0.5897769757811021,0.8777368372824299,0.8261656523431896,1.614772349003218,1.058532114244331,0.41058741502527457
2026-05-30,30862.0,955164.0,888581.0,559318.0,500194.0,151376.0,133947.0,3572.0,2847715.0,2026,5,5,Saturday,True,True,3212641.516516517,1391093.5047193244,118529.28841991341,150498.80576044958,17291.094911377928,956502.2916666667,4867.136752136752,0.8864092010763129,0.6387643943311241,1.277118946869238,0.8900203514784346,1.7848493781438972,0.9986008484471743,0.7339017130414168
2026-05-31,31072.0,945884.0,706183.0,525792.0,461775.0,135098.0,115060.0,2850.0,2332810.0,2026,5,6,Sunday,True,True,2391359.493670886,963553.3333333334,97502.5641025641,104090.81632653062,17024.358974358973,853056.5217391305,3515.5181843040746,0.9755162309030296,0.7328945638712266,1.3855840740545944,1.1053808977639228,1.8251494841479028,1.1088175002420961,0.810691298006806
2026-06-01,44592.0,954022.0,1319799.0,548865.0,480401.0,246736.0,208674.0,7490.0,3993141.0,2026,6,0,Monday,False,True,5617044.604105571,2142238.6363636362,332142.8259141494,294851.81305398874,29239.31623931624,982727.9974489796,16141.036585365855,0.7108971499142737,0.6160840242524547,0.7428611451140452,0.7077250020565105,1.525069862613271,0.9707894783465045,0.464034633735404
2026-06-02,49072.0,959786.0,1375447.0,558389.0,494435.0,281041.0,254711.0,8443.0,4416745.0,2026,6,1,Tuesday,False,True,5609193.269617707,2142021.7741935486,332150.9479956663,295377.47002893756,29264.064407814407,980691.0496719775,16245.212765957447,0.7874118055306414,0.6421255920789335,0.8461243350227224,0.8623237241995689,1.6768689173229219,0.9786833481564149,0.5197223404603647
2026-06-03,52543.0,983674.0,1398633.0,580252.0,512591.0,297303.0,263220.0,8638.0,4572985.0,2026,6,2,Wednesday,False,True,5598098.412698412,2141323.880597015,331925.3521126761,295093.58974358975,29288.636363636364,983069.7916666667,16168.181818181818,0.8168818521708903,0.6531627525725123,0.895692354041932,0.8919882001798647,1.7939722200667338,1.000614613874269,0.5342592071970762
2026-06-04,49595.0,1014600.0,1314353.0,593585.0,525925.0,297659.0,263279.0,7925.0,4360644.0,2026,6,3,Thursday,False,True,5622586.098901099,2148801.8537200503,332244.5887445888,295330.26737967914,29238.605737883066,983602.9172445678,16165.116279069767,0.7755584215690823,0.6116678453737207,0.8959032293790757,0.8914731372979331,1.6962163122485052,1.0315138174277343,0.4902532009782765
2026-06-05,48875.0,1027514.0,1296884.0,577687.0,516741.0,304864.0,257298.0,7080.0,4210912.0,2026,6,4,Friday,False,True,5597701.612903226,2153018.4615384615,333809.45945945947,294857.4074074074,29278.571428571428,983598.0769230769,16175.0,0.7522573175914653,0.6023561911648905,0.9132874799104522,0.8726184031201523,1.6693095877043183,1.0446482400761725,0.43771251931993815
2026-06-06,33253.0,1009350.0,889166.0,570187.0,510666.0,174105.0,151814.0,3490.0,2996706.0,2026,6,5,Saturday,True,True,3220746.987951807,1403253.9682539683,123109.57446808512,158940.54054054053,17338.235294117647,983351.923076923,5080.645161290323,0.9304381906464863,0.6336458118884678,1.4142279408587746,0.9551622228268263,1.917899915182358,1.026438222484712,0.6869206349206349
2026-06-07,32358.0,968490.0,715273.0,533184.0,471104.0,146397.0,125278.0,2427.0,2380599.0,2026,6,6,Sunday,True,True,2614790.909090909,1083173.4375,98477.77777777777,108991.8918918919,18115.88785046729,922322.9166666667,3888.6792452830186,0.9104357031850278,0.6603494650412345,1.4865993455940427,1.1494249510253676,1.7861669418076764,1.0500552274036343,0.6241193595342067
2026-06-08,44684.0,956924.0,1324988.0,546854.0,482945.0,277546.0,243895.0,8351.0,4149454.0,2026,6,0,Monday,False,True,5617044.604105571,2142238.6363636362,332142.8259141494,294851.81305398874,29239.31623931624,982727.9974489796,16141.036585365855,0.7387254851006719,0.6185062567301624,0.835622444158221,0.8271782271704793,1.5282163110201696,0.9737424826442687,0.5173769327535859
2026-06-09,50773.0,983570.0,1406924.0,572809.0,503962.0,301369.0,265526.0,8315.0,4421836.0,2026,6,1,Tuesday,False,True,5609193.269617707,2142021.7741935486,332150.9479956663,295377.47002893756,29264.064407814407,980691.0496719775,16245.212765957447,0.7883194226790067,0.656820587423624,0.9073254248364574,0.8989378911464945,1.734994814542646,1.0029356343457865,0.5118430961658099
2026-06-10,51301.0,976080.0,1380828.0,578118.0,513601.0,309723.0,270949.0,8305.0,4488039.0,2026,6,2,Wednesday,False,True,5598098.412698412,2141323.880597015,331925.3521126761,295093.58974358975,29288.636363636364,983069.7916666667,16168.181818181818,0.8017077709494325,0.6448478030399662,0.933110405784433,0.9181798907778063,1.7515666951191122,0.9928898317027762,0.5136631993252742
2026-06-11,49390.0,1026866.0,1367245.0,603660.0,535712.0,309671.0,263374.0,8075.0,4437556.0,2026,6,3,Thursday,False,True,5622586.098901099,2148801.8537200503,332244.5887445888,295330.26737967914,29238.605737883066,983602.9172445678,16165.116279069767,0.7892375362410714,0.6362824927915047,0.9320573170811155,0.8917948110662295,1.6892050340145917,1.0439842969118351,0.4995324413753417
2026-06-12,47646.0,1030875.0,1280324.0,589516.0,524734.0,293948.0,241623.0,6701.0,4048553.0,2026,6,4,Friday,False,True,5597701.612903226,2153018.4615384615,333809.45945945947,294857.4074074074,29278.571428571428,983598.0769230769,16175.0,0.7232527347773784,0.5946646639923057,0.8805861897262963,0.8194571136079586,1.627333495974628,1.04806528620391,0.41428129829984545
2026-06-13,32378.0,992562.0,887668.0,551649.0,487439.0,187256.0,163592.0,2720.0,3118473.0,2026,6,5,Saturday,True,True,3220746.987951807,1403253.9682539683,123109.57446808512,158940.54054054053,17338.235294117647,983351.923076923,5080.645161290323,0.9682452585271695,0.6325782930829704,1.5210514763702978,1.0292654060672017,1.8674334181509755,1.0093660028591376,0.5353650793650794
2026-06-14,31473.0,986514.0,671724.0,534629.0,468075.0,159492.0,139018.0,2271.0,2573599.0,2026,6,6,Sunday,True,True,2614790.909090909,1083173.4375,98477.77777777777,108991.8918918919,18115.88785046729,922322.9166666667,3888.6792452830186,0.9842465762949931,0.6201444540131644,1.6195735078415887,1.2754893743645697,1.7373147957078001,1.0695971900658436,0.5840029112081514
2026-06-15,44868.0,969842.0,1316122.0,543100.0,477135.0,277711.0,237724.0,7375.0,3963133.0,2026,6,0,Monday,False,True,5617044.604105571,2142238.6363636362,332142.8259141494,294851.81305398874,29239.31623931624,982727.9974489796,16141.036585365855,0.705554838767578,0.6143675954953665,0.8361192183984769,0.8062490697877162,1.5345092078339668,0.9868875238291472,0.4569099364217095
2026-06-16,49671.0,974956.0,1378130.0,549184.0,481176.0,298772.0,264681.0,8292.0,4317100.0,2026,6,1,Tuesday,False,True,5609193.269617707,2142021.7741935486,332150.9479956663,295377.47002893756,29264.064407814407,980691.0496719775,16245.212765957447,0.7696472188583067,0.64337814704001,0.8995066905661765,0.8960771448616908,1.697337707701884,0.9941520322084149,0.510427294456632
2026-06-17,51543.0,1004750.0,1374012.0,575723.0,508409.0,315054.0,277410.0,8327.0,4439031.0,2026,6,2,Wednesday,False,True,5598098.412698412,2141323.880597015,331925.3521126761,295093.58974358975,29288.636363636364,983069.7916666667,16168.181818181818,0.7929533696533007,0.6416647254767067,0.9491712458681104,0.9400746395102814,1.7598292853262978,1.0220535800378703,0.5150238965420298
2026-06-18,47359.0,1023361.0,1310412.0,548356.0,491748.0,369482.0,302486.0,12722.0,4523724.0,2026,6,3,Thursday,False,True,5622586.098901099,2148801.8537200503,332244.5887445888,295330.26737967914,29238.605737883066,983602.9172445678,16165.116279069767,0.804562868478641,0.609833800046006,1.112078307719369,1.024229594493684,1.6197420774629894,1.0404208670576225,0.7870033088764207
2026-06-19,35856.0,1012218.0,1111190.0,560481.0,491817.0,199163.0,157783.0,5171.0,3466629.0,2026,6,4,Friday,False,True,5597701.612903226,2153018.4615384615,333809.45945945947,294857.4074074074,29278.571428571428,983598.0769230769,16175.0,0.6192950678201739,0.5161079757792637,0.5966367769280906,0.5351162834515114,1.2246499146133203,1.029097172664726,0.31969088098918086
2026-06-20,32352.0,1015693.0,882313.0,548801.0,479840.0,190009.0,155739.0,3518.0,2827329.0,2026,6,5,Saturday,True,True,3220746.987951807,1403253.9682539683,123109.57446808512,158940.54054054053,17338.235294117647,983351.923076923,5080.645161290323,0.8778488377312754,0.6287621627735988,1.5434136688471607,0.979856992245953,1.8659338422391858,1.0328886090158662,0.692431746031746
2026-06-21,33359.0,998190.0,686718.0,527633.0,457970.0,162443.0,136916.0,2403.0,2177481.0,2026,6,6,Sunday,True,True,2614790.909090909,1083173.4375,98477.77777777777,108991.8918918919,18115.88785046729,922322.9166666667,3888.6792452830186,0.8327553046132664,0.6339871125209345,1.649539659257588,1.2562035360924442,1.8414223070573668,1.0822565307251844,0.6179475982532752
2026-06-22,41956.0,943342.0,1190956.0,528959.0,462658.0,270691.0,230712.0,6760.0,3602239.0,2026,6,0,Monday,False,True,5617044.604105571,2142238.6363636362,332142.8259141494,294851.81305398874,29239.31623931624,982727.9974489796,16141.036585365855,0.6413050374154189,0.5559399311467932,0.8149837325403103,0.7824676321652991,1.4349172756503947,0.9599217712823691,0.41880829426586524
2026-06-23,48602.0,962667.0,1316593.0,561487.0,495848.0,293879.0,254818.0,7774.0,4155494.0,2026,6,1,Tuesday,False,True,5609193.269617707,2142021.7741935486,332150.9479956663,295377.47002893756,29264.064407814407,980691.0496719775,16245.212765957447,0.7408363021663571,0.6146496809051744,0.8847754365097713,0.862685972545692,1.660808263770147,0.9816210725304302,0.47854097770210535
2026-06-24,50964.0,1010956.0,1371918.0,576384.0,508073.0,315916.0,270920.0,8466.0,4387873.0,2026,6,2,Wednesday,False,True,5598098.412698412,2141323.880597015,331925.3521126761,295093.58974358975,29288.636363636364,983069.7916666667,16168.181818181818,0.7838149093711527,0.6406868257675716,0.9517682153207704,0.9180816168707885,1.7400605261115853,1.0283664583834438,0.5236210289569863
2026-06-25,48192.0,1027552.0,1322672.0,573597.0,506903.0,310453.0,262488.0,7916.0,4204764.0,2026,6,3,Thursday,False,True,5622586.098901099,2148801.8537200503,332244.5887445888,295330.26737967914,29238.605737883066,983602.9172445678,16165.116279069767,0.7478345241919544,0.6155393051761208,0.9344110047753376,0.8887947799219075,1.6482318080427456,1.04468173282624,0.4896964465544526
2026-06-26,47175.0,1039292.0,1271526.0,580141.0,513102.0,301469.0,247743.0,6777.0,3986159.0,2026,6,4,Friday,False,True,5597701.612903226,2153018.4615384615,333809.45945945947,294857.4074074074,29278.571428571428,983598.0769230769,16175.0,0.7121063743039697,0.5905783079497693,0.9031170071937786,0.8402129089390352,1.6112466455232983,1.056622643317021,0.41897990726429674
2026-06-27,29663.0,952190.0,812531.0,541983.0,479936.0,168142.0,137873.0,78.0,2818312.0,2026,6,5,Saturday,True,True,3220746.987951807,1403253.9682539683,123109.57446808512,158940.54054054053,17338.235294117647,983351.923076923,5080.645161290323,0.8750491766483866,0.5790334596459477,1.3657914157081996,0.8674501768466876,1.7108430873621714,0.9683105078196045,0.01535238095238095
2026-06-28,31336.0,963336.0,688636.0,525845.0,457407.0,164525.0,136578.0,1.0,2549648.0,2026,6,6,Sunday,True,True,2614790.909090909,1083173.4375,98477.77777777777,108991.8918918919,18115.88785046729,922322.9166666667,3888.6792452830186,0.9750867616739736,0.6357578354112843,1.6706814848245517,1.2531023879782777,1.7297523730912092,1.04446716284743,0.00025715672003881614
2026-06-29,42739.0,972256.0,1251596.0,539242.0,471119.0,283773.0,249141.0,7287.0,3745775.0,2026,6,0,Monday,False,True,5617044.604105571,2142238.6363636362,332142.8259141494,294851.81305398874,29239.31623931624,982727.9974489796,16141.036585365855,0.6668586888667688,0.5842467681959718,0.8543704029101872,0.8449702154430406,1.4616962876351944,0.9893439512498235,0.45145799412949117
2026-06-30,47633.0,971864.0,1290491.0,545419.0,477514.0,298430.0,266082.0,7989.0,3987718.0,2026,6,1,Tuesday,False,True,5609193.269617707,2142021.7741935486,332150.9479956663,295377.47002893756,29264.064407814407,980691.0496719775,16245.212765957447,0.7109254055479857,0.6024639971205978,0.8984770382286963,0.9008202283469097,1.6276959801687876,0.9909991534286664,0.49177564585311545
2026-07-01,47767.0,988638.0,1261008.0,554046.0,486258.0,257177.0,218659.0,7524.0,3909449.0,2026,7,2,Wednesday,False,True,5287003.448275862,2066837.931034483,316178.4810126582,284209.45945945947,28384.920634920636,960340.594059406,13769.811320754716,0.7394451390560196,0.6101146011815483,0.8133918512617053,0.7693586287235813,1.6828301411994966,1.0294660104088482,0.5464127158125515
2026-07-02,44020.0,1005335.0,1161301.0,545991.0,479513.0,258869.0,201910.0,6172.0,3458650.0,2026,7,3,Thursday,False,True,5270933.763203144,2074822.8050595238,315829.3246659444,283431.8181818182,28327.380952380954,962791.050658464,13733.531914893618,0.6561740585975757,0.5597109291300102,0.8196483979877681,0.7123759121161094,1.5539735238495482,1.0441881437435876,0.4494109773252607
2026-07-03,28205.0,877555.0,835827.0,471576.0,410144.0,150445.0,113475.0,3038.0,2481295.0,2026,7,4,Friday,False,True,5270115.625,2081210.3448275863,316553.4246575342,282100.0,28373.19587628866,960044.1176470588,13787.234042553193,0.47082363586662296,0.401606210577068,0.4752594294715342,0.40225097483162,0.9940720151151805,0.9140777844155447,0.22034876543209875
2026-07-04,23983.0,757737.0,647352.0,359660.0,339880.0,134722.0,107434.0,2582.0,2177193.0,2026,7,5,Saturday,True,True,2828115.734700218,1350311.2121212122,127832.47422680413,154536.685660019,15865.753588516745,925137.4655501378,5089.622641509433,0.7698387209852937,0.4794094829317686,1.0538949575596281,0.695200622047473,1.5116206025888568,0.8190534144559887,0.5073067655236331
2026-07-05,27588.0,886006.0,632762.0,461671.0,405034.0,142128.0,121353.0,2984.0,1957166.0,2026,7,6,Sunday,True,True,2340581.787141905,1097483.6363636362,104631.02931379082,106196.31130063965,16527.62520777625,883173.5503696445,3581.034482758621,0.8361878276383172,0.5765571157822192,1.3583733327687615,1.142723306617045,1.6692053246112963,1.0032071268768974,0.8332787674530573
2026-07-06,41267.0,880340.0,1087830.0,510188.0,446840.0,236324.0,198102.0,6676.0,3320874.0,2026,7,0,Monday,False,True,5258977.525118984,2071709.7350230415,316438.35994194483,283053.1968124537,28358.00304878049,960258.5532746823,13839.36170212766,0.6314676159268936,0.5250880379668155,0.7468247529893564,0.6998755083174668,1.4552153030315247,0.9167739219795092,0.4823921900222922
2026-07-07,47542.0,932317.0,1289149.0,540172.0,474453.0,281907.0,237252.0,8173.0,4002280.0,2026,7,1,Tuesday,False,True,5285514.705882353,2077013.3333333335,316417.7215189873,282205.1282051282,28382.926829268294,961250.0,13800.0,0.7572166993586801,0.6206743978533278,0.8909330319638357,0.8407076140287116,1.6750210535361347,0.9699006501950586,0.5922463768115942
2026-07-08,50246.0,969337.0,1337812.0,551370.0,488245.0,296974.0,250032.0,8100.0,4185110.0,2026,7,2,Wednesday,False,True,5287003.448275862,2066837.931034483,316178.4810126582,284209.45945945947,28384.920634920636,960340.594059406,13769.811320754716,0.7915845035744776,0.6472747475320454,0.939260632313907,0.8797455245702874,1.7701652453516006,1.009367932581675,0.5882433543436558
2026-07-09,48078.0,974347.0,1265705.0,567022.0,500163.0,294310.0,243000.0,7359.0,4042730.0,2026,7,3,Thursday,False,True,5270933.763203144,2074822.8050595238,315829.3246659444,283431.8181818182,28327.380952380954,962791.050658464,13733.531914893618,0.7669855440458494,0.6100304068923557,0.9318640702895288,0.8573490497955256,1.6972271485606218,1.0120025516789264,0.5358417663863567
2026-07-10,46412.0,1008367.0,1239400.0,575250.0,505995.0,283056.0,228928.0,6400.0,3775250.0,2026,7,4,Friday,False,True,5270115.625,2081210.3448275863,316553.4246575342,282100.0,28373.19587628866,960044.1176470588,13787.234042553193,0.7163505070156786,0.5955188542476112,0.894180817365114,0.8115136476426799,1.6357692028195625,1.050334022639891,0.46419753086419746
2026-07-11,31338.0,953678.0,838093.0,545888.0,483981.0,168212.0,138398.0,2553.0,2706059.0,2026,7,5,Saturday,True,True,2828115.734700218,1350311.2121212122,127832.47422680413,154536.685660019,15865.753588516745,925137.4655501378,5089.622641509433,0.9568416761723664,0.6206665489235141,1.3158784652916389,0.8955672849389036,1.9751977002013759,1.0308500471688178,0.5016088971269694
2026-07-12,31609.0,981168.0,728292.0,529374.0,459926.0,152075.0,121389.0,2249.0,2291444.0,2026,7,6,Sunday,True,True,2340581.787141905,1097483.6363636362,104631.02931379082,106196.31130063965,16527.62520777625,883173.5503696445,3581.034482758621,0.9790061652996508,0.6636016937920798,1.453440733569806,1.1430623014423746,1.9124949654066428,1.1109571834316605,0.6280308136735676
2026-07-13,43978.0,963378.0,1288541.0,545088.0,474957.0,272616.0,228661.0,7045.0,3772466.0,2026,7,0,Monday,False,True,5258977.525118984,2071709.7350230415,316438.35994194483,283053.1968124537,28358.00304878049,960258.5532746823,13839.36170212766,0.7173383004550201,0.6219698533132919,0.8615137559492323,0.8078375463517798,1.5508144182208639,1.0032485487524998,0.5090552694288569
2026-07-14,48997.0,956909.0,1342166.0,555929.0,488718.0,292089.0,250764.0,7723.0,4093194.0,2026,7,1,Tuesday,False,True,5285514.705882353,2077013.3333333335,316417.7215189873,282205.1282051282,28382.926829268294,961250.0,13800.0,0.774417294770669,0.646199992296631,0.9231120134416131,0.8885876794475741,1.7262842657042192,0.9954840052015604,0.5596376811594203
2026-07-15,48893.0,967915.0,1293893.0,568436.0,502326.0,292645.0,249947.0,7472.0,4068674.0,2026,7,2,Wednesday,False,True,5287003.448275862,2066837.931034483,316178.4810126582,284209.45945945947,28384.920634920636,960340.594059406,13769.811320754716,0.7695614424701822,0.626025379431849,0.9255689984426357,0.8794464493735586,1.7224990912903677,1.007887207921282,0.5426363387229378
2026-07-16,47560.0,1000137.0,1293085.0,586539.0,519126.0,294452.0,248344.0,7176.0,4049737.0,2026,7,3,Thursday,False,True,5270933.763203144,2074822.8050595238,315829.3246659444,283431.8181818182,28327.380952380954,962791.050658464,13733.531914893618,0.7683149100206064,0.623226714515943,0.9323136802177715,0.876203672520247,1.6789409539819289,1.0387892568340709,0.5225167163457665
2026-07-17,46480.0,1022117.0,1234941.0,570028.0,505973.0,288091.0,242336.0,6199.0,3810472.0,2026,7,4,Friday,False,True,5270115.625,2081210.3448275863,316553.4246575342,282100.0,28373.19587628866,960044.1176470588,13787.234042553193,0.7230338518426719,0.5933763509628847,0.9100865053400495,0.8590428925912796,1.6381658309715863,1.0646562811145321,0.4496188271604938
2026-07-18,27774.0,839209.0,690254.0,520292.0,464407.0,141586.0,117696.0,2316.0,2311444.0,2026,7,5,Saturday,True,True,2828115.734700218,1350311.2121212122,127832.47422680413,154536.685660019,15865.753588516745,925137.4655501378,5089.622641509433,0.8173088433543243,0.5111814178863817,1.107590233674066,0.7616055663244353,1.7505629244174168,0.9071181648674881,0.45504355885078784
2026-07-19,31016.0,932742.0,708994.0,511266.0,443590.0,171137.0,143933.0,2629.0,2422430.0,2026,7,6,Sunday,True,True,2340581.787141905,1097483.6363636362,104631.02931379082,106196.31130063965,16527.62520777625,883173.5503696445,3581.034482758621,1.0349691744624059,0.6460178325292902,1.6356237831394764,1.3553483942820626,1.8766156426034495,1.0561253783128004,0.7341454020221473
2026-07-20,43644.0,988519.0,1288268.0,550234.0,479638.0,274617.0,241945.0,7218.0,3808408.0,2026,7,0,Monday,False,True,5258977.525118984,2071709.7350230415,316438.35994194483,283053.1968124537,28358.00304878049,960258.5532746823,13839.36170212766,0.7241727088221079,0.6218380780962406,0.8678372623672505,0.8547686538241386,1.5390364379651504,1.0294300390545272,0.5215558459528019
2026-07-21,46776.0,884510.0,1248139.0,535312.0,473178.0,276051.0,239219.0,7626.0,3959879.0,2026,7,1,Tuesday,False,True,5285514.705882353,2077013.3333333335,316417.7215189873,282205.1282051282,28382.926829268294,961250.0,13800.0,0.7491945856461194,0.6009297003389482,0.8724258511021323,0.8476777212429585,1.6480329981954112,0.9201664499349805,0.552608695652174
2026-07-22,49122.0,969552.0,1366949.0,566784.0,501414.0,295494.0,268615.0,7903.0,4269739.0,2026,7,2,Wednesday,False,True,5287003.448275862,2066837.931034483,316178.4810126582,284209.45945945947,28384.920634920636,960340.594059406,13769.811320754716,0.8075914914321456,0.6613721276712886,0.9345797318450964,0.9451303996386372,1.7305667552076052,1.0095918114860238,0.5739366949849274
2026-07-23,48039.0,989548.0,1330665.0,572207.0,506788.0,308345.0,257452.0,7599.0,4157818.0,2026,7,3,Thursday,False,True,5270933.763203144,2074822.8050595238,315829.3246659444,283431.8181818182,28327.380952380954,962791.050658464,13733.531914893618,0.7888200054848149,0.641339104599742,0.9763026290422505,0.9083383850533238,1.6958503887371295,1.0277910241513324,0.5533172418494258
2026-07-24,46835.0,1032790.0,1269797.0,570137.0,501682.0,291462.0,239547.0,6277.0,3842835.0,2026,7,4,Friday,False,True,5270115.625,2081210.3448275863,316553.4246575342,282100.0,28373.19587628866,960044.1176470588,13787.234042553193,0.7291747038282486,0.6101242976981233,0.9207355766734175,0.8491563275434243,1.6506776397064167,1.0757734785472481,0.4552762345679012
2026-07-25,32376.0,999425.0,880606.0,547805.0,484509.0,156523.0,146262.0,3615.0,2909191.0,2026,7,5,Saturday,True,True,2828115.734700218,1350311.2121212122,127832.47422680413,154536.685660019,15865.753588516745,925137.4655501378,5089.622641509433,1.0286675910412755,0.652150402140741,1.2244384765821892,0.9464548781755077,2.040621633215896,1.080298914719324,0.7102687673772012
2026-07-26,31152.0,980870.0,707062.0,519708.0,457577.0,142256.0,128651.0,2745.0,2363599.0,2026,7,6,Sunday,True,True,2340581.787141905,1097483.6363636362,104631.02931379082,106196.31130063965,16527.62520777625,883173.5503696445,3581.034482758621,1.0098339707608344,0.6442574418173144,1.3595966792352874,1.2114450909296801,1.884844289991703,1.1106197639065,0.7665382763601347
2026-07-27,42912.0,958865.0,1271561.0,535277.0,466228.0,274132.0,231226.0,7194.0,3774943.0,2026,7,0,Monday,False,True,5258977.525118984,2071709.7350230415,316438.35994194483,283053.1968124537,28358.00304878049,960258.5532746823,13839.36170212766,0.7178093045595573,0.6137737244285613,0.8663045784028632,0.8168994471848572,1.5132236189616106,0.998548772859216,0.5198216619263586
2026-07-28,46203.0,911562.0,1264217.0,539905.0,476269.0,281389.0,244423.0,7152.0,3938329.0,2026,7,1,Tuesday,False,True,5285514.705882353,2077013.3333333335,316417.7215189873,282205.1282051282,28382.926829268294,961250.0,13800.0,0.74511740467148,0.6086706232025472,0.8892959555146618,0.8661182082500455,1.6278448053622068,0.9483089726918076,0.5182608695652174
2026-07-29,47913.0,959956.0,1313254.0,563821.0,496597.0,297471.0,255792.0,7824.0,4161938.0,2026,7,2,Wednesday,False,True,5287003.448275862,2066837.931034483,316178.4810126582,284209.45945945947,28384.920634920636,960340.594059406,13769.811320754716,0.7872016806339032,0.6353928289591129,0.9408325292956631,0.9000122673133157,1.6879737173214036,0.9995995232714465,0.5681995067141683
2026-07-30,48152.0,998336.0,1302924.0,576079.0,511616.0,302729.0,254015.0,7335.0,4148768.0,2026,7,3,Thursday,False,True,5270933.763203144,2074822.8050595238,315829.3246659444,283431.8181818182,28327.380952380954,962791.050658464,13733.531914893618,0.7871030421522117,0.6279688062145726,0.9585208730069612,0.8962120118675327,1.6998394620718638,1.0369186536551482,0.5340942188400498
2026-07-31,47708.0,1038503.0,1276200.0,573926.0,504644.0,294625.0,241529.0,6244.0,3862605.0,2026,7,4,Friday,False,True,5270115.625,2081210.3448275863,316553.4246575342,282100.0,28373.19587628866,960044.1176470588,13787.234042553193,0.7329260446728814,0.6132008728342758,0.9307275709265895,0.8561822048918823,1.681446115834605,1.081724246741112,0.4528827160493827
2026-08-01,31614.0,976749.0,853513.0,528333.0,474377.0,162069.0,132095.0,3588.0,2868502.0,2026,8,5,Saturday,True,True,2945506.25,1374088.888888889,133403.7037037037,151762.5,16640.145985401457,957488.7755102041,4719.444444444444,0.9738570407039537,0.6211483164601999,1.2148763152780477,0.8704060621036158,1.8998631398868275,1.0201153527669637,0.7602589758681577
2026-08-02,31869.0,933455.0,697907.0,507608.0,450747.0,136558.0,105884.0,2481.0,2244243.0,2026,8,6,Sunday,True,True,2381887.720588235,1099990.1639344264,104098.1819912431,103998.25949367089,17984.8125,919344.6279761905,3612.239583333333,0.9422119189756593,0.6344665824135536,1.311819259355437,1.0181324237108398,1.7719951208832452,1.015348294420202,0.6868315189964675
2026-08-03,42943.0,890425.0,1118959.0,511600.0,450168.0,225023.0,189267.0,6006.0,3478766.0,2026,8,0,Monday,False,True,5126568.518518518,2019618.5185185184,312460.0,272998.3333333334,28005.31914893617,972075.8241758242,13400.0,0.678575929968317,0.5540447315866399,0.7201657812199962,0.6932899468250721,1.5333872744539412,0.9160036468913811,0.4482089552238806
2026-08-04,50558.0,961037.0,1337684.0,543395.0,479513.0,280298.0,244115.0,7686.0,4128156.0,2026,8,1,Tuesday,False,True,5146831.5476190485,2013055.0,312109.3058350101,272936.40116561437,27963.24375294672,971388.4801288936,13413.723776223775,0.8020771540326994,0.6645044472207664,0.898076394262251,0.8944025016724467,1.808016281897635,0.9893436247797379,0.5729952493597389
2026-08-05,50772.0,965615.0,1316784.0,553189.0,488202.0,289978.0,246272.0,7554.0,4120008.0,2026,8,2,Wednesday,False,True,5145409.141791045,2012229.337686567,312848.643761302,273273.76395534293,27967.2903453136,972300.5,13316.638297872341,0.8007153340902028,0.6543906180763117,0.9268954997332451,0.90119152470211,1.8154064756762438,0.9931240393273478,0.5672602822896329
2026-08-06,48678.0,992627.0,1324724.0,571737.0,504743.0,284418.0,235750.0,7147.0,4051371.0,2026,8,3,Thursday,False,True,5138942.700341006,2014691.217948718,311722.78138528136,273115.0462962963,27957.998182919444,973126.8103280916,13384.991496598639,0.7883666419808811,0.6575320268426958,0.9124068466733801,0.8631893526079856,1.7411117806617198,1.0200386932771217,0.5339562600257294
2026-08-07,46808.0,991140.0,1197066.0,557369.0,491724.0,269316.0,217413.0,6119.0,3593217.0,2026,8,4,Friday,False,True,5142805.084745763,2022153.5714285711,312300.0,272525.0,27989.423076923074,970850.4854368932,13316.666666666668,0.6986881557416894,0.5919758107957748,0.8623631123919309,0.7977726814053756,1.6723460098251401,1.0208987015688378,0.45949937421777215
2026-08-08,31599.0,952809.0,843324.0,524282.0,469656.0,161480.0,138373.0,2530.0,2748386.0,2026,8,5,Saturday,True,True,2945506.25,1374088.888888889,133403.7037037037,151762.5,16640.145985401457,957488.7755102041,4719.444444444444,0.9330776330893883,0.6137332212051622,1.2104611455065382,0.9117733300387117,1.8989617054875645,0.995112448699244,0.5360800470865215
2026-08-09,31394.0,958457.0,707687.0,504624.0,441018.0,159674.0,126269.0,2077.0,2246882.0,2026,8,6,Sunday,True,True,2381887.720588235,1099990.1639344264,104098.1819912431,103998.25949367089,17984.8125,919344.6279761905,3612.239583333333,0.94331986372771,0.6433575710065961,1.533878853075763,1.2141453194962792,1.7455839475668706,1.0425437543589176,0.5749895465359384
2026-08-10,43746.0,955172.0,1233755.0,521895.0,453425.0,260435.0,212148.0,6679.0,3545856.0,2026,8,0,Monday,False,True,5126568.518518518,2019618.5185185184,312460.0,272998.3333333334,28005.31914893617,972075.8241758242,13400.0,0.691662656451666,0.6108851689996461,0.8334986878320425,0.7771036453213999,1.562060398860399,0.9826105909071897,0.49843283582089554
2026-08-11,48713.0,935030.0,1308049.0,537186.0,471031.0,277812.0,241631.0,7478.0,3934167.0,2026,8,1,Tuesday,False,True,5146831.5476190485,2013055.0,312109.3058350101,272936.40116561437,27963.24375294672,971388.4801288936,13413.723776223775,0.7643861983048515,0.6497830411985763,0.8901112360515754,0.8853014803744751,1.7420368119798944,0.9625706080804364,0.5574887424814113
2026-08-12,50164.0,968135.0,1330599.0,552025.0,485514.0,290800.0,246279.0,7651.0,4026621.0,2026,8,2,Wednesday,False,True,5145409.141791045,2012229.337686567,312848.643761302,273273.76395534293,27967.2903453136,972300.5,13316.638297872341,0.7825657569765948,0.6612561376973918,0.9295229683714892,0.9012171400407312,1.793666793622924,0.9957158306511207,0.574544402938573
2026-08-13,48678.0,991728.0,1297618.0,566977.0,497856.0,287374.0,240475.0,7351.0,3957648.0,2026,8,3,Thursday,False,True,5138942.700341006,2014691.217948718,311722.78138528136,273115.0462962963,27957.998182919444,973126.8103280916,13384.991496598639,0.7701288437672951,0.6440778559213581,0.9218896313029272,0.8804897542668306,1.7411117806617198,1.019114867121621,0.5491972110604642
2026-08-14,47085.0,1011706.0,1248181.0,562046.0,493428.0,280609.0,220834.0,6131.0,3644780.0,2026,8,4,Friday,False,True,5142805.084745763,2022153.5714285711,312300.0,272525.0,27989.423076923074,970850.4854368932,13316.666666666668,0.7087143961202997,0.6172533172731336,0.8985238552673711,0.8103256581964957,1.6822426053797797,1.0420821899725594,0.4604005006257822
2026-08-15,33164.0,976190.0,867942.0,519108.0,463673.0,170355.0,135768.0,3253.0,2733697.0,2026,8,5,Saturday,True,True,2945506.25,1374088.888888889,133403.7037037037,151762.5,16640.145985401457,957488.7755102041,4719.444444444444,0.92809071445698,0.6316490927321537,1.2769885338293678,0.8946083518655794,1.9930113611440106,1.0195315339125837,0.6892760447321954
2026-08-16,30987.0,929560.0,670430.0,494622.0,428918.0,133470.0,108953.0,2323.0,2074127.0,2026,8,6,Sunday,True,True,2381887.720588235,1099990.1639344264,104098.1819912431,103998.25949367089,17984.8125,919344.6279761905,3612.239583333333,0.8707912560579346,0.609487268142487,1.2821549564739536,1.0476425329659544,1.722953742219998,1.0111115806988475,0.6430913416480427
2026-08-17,42108.0,929463.0,1189080.0,515312.0,448442.0,255802.0,206249.0,6471.0,3451785.0,2026,8,0,Monday,False,True,5126568.518518518,2019618.5185185184,312460.0,272998.3333333334,28005.31914893617,972075.8241758242,13400.0,0.6733129553484445,0.5887646548578115,0.8186711899123088,0.7554954547952062,1.50357150997151,0.9561630655592597,0.482910447761194
2026-08-18,47237.0,939778.0,1272030.0,533015.0,466084.0,278113.0,230336.0,7276.0,3829685.0,2026,8,1,Tuesday,False,True,5146831.5476190485,2013055.0,312109.3058350101,272936.40116561437,27963.24375294672,971388.4801288936,13413.723776223775,0.7440859419173399,0.631890335832851,0.8910756417721761,0.843918213240582,1.6892532360457018,0.9674584568630058,0.5424295386861124
2026-08-19,49535.0,980496.0,1298278.0,546316.0,476606.0,282448.0,232931.0,7324.0,3886807.0,2026,8,2,Wednesday,False,True,5145409.141791045,2012229.337686567,312848.643761302,273273.76395534293,27967.2903453136,972300.5,13316.638297872341,0.7553931850494316,0.6451938532476684,0.902826352718674,0.8523723486242333,1.7711762343934203,1.0084289784896747,0.5499886560086406
2026-08-20,46434.0,954964.0,1174844.0,548028.0,482829.0,275523.0,223555.0,7076.0,3738514.0,2026,8,3,Thursday,False,True,5138942.700341006,2014691.217948718,311722.78138528136,273115.0462962963,27957.998182919444,973126.8103280916,13384.991496598639,0.727486998395978,0.5831384926550588,0.8838718773635624,0.8185378397551568,1.6608485234242636,0.9813356181996794,0.5286518113812875
2026-08-21,46000.0,1001341.0,1206557.0,549702.0,481433.0,283047.0,229147.0,6139.0,3606510.0,2026,8,4,Friday,False,True,5142805.084745763,2022153.5714285711,312300.0,272525.0,27989.423076923074,970850.4854368932,13316.666666666668,0.7012729319058549,0.5966693217803509,0.906330451488953,0.8408292817172737,1.6434779621422928,1.0314059837436098,0.46100125156445554
2026-08-22,29520.0,944588.0,832964.0,531641.0,467875.0,159692.0,137823.0,2992.0,2643427.0,2026,8,5,Saturday,True,True,2945506.25,1374088.888888889,133403.7037037037,151762.5,16640.145985401457,957488.7755102041,4719.444444444444,0.8974440302070315,0.6061936798525083,1.1970582192731614,0.9081492463553249,1.7740228977497041,0.9865264472647944,0.6339729252501471
2026-08-23,29800.0,921360.0,672656.0,498736.0,432046.0,141672.0,113125.0,2387.0,2133137.0,2026,8,6,Sunday,True,True,2381887.720588235,1099990.1639344264,104098.1819912431,103998.25949367089,17984.8125,919344.6279761905,3612.239583333333,0.8955657235905295,0.6115109226013943,1.3609459578450436,1.0877585889491213,1.6569536101641316,1.0021921833907335,0.6608088818398097
2026-08-24,42100.0,935761.0,1199395.0,511018.0,441046.0,259552.0,207016.0,6362.0,3416175.0,2026,8,0,Monday,False,True,5126568.518518518,2019618.5185185184,312460.0,272998.3333333334,28005.31914893617,972075.8241758242,13400.0,0.6663667885564925,0.5938720550452322,0.8306727261089419,0.7583049957569947,1.5032858499525166,0.9626419840174364,0.4747761194029851
2026-08-25,47302.0,947277.0,1265611.0,531713.0,463904.0,300126.0,236351.0,7153.0,3822238.0,2026,8,1,Tuesday,False,True,5146831.5476190485,2013055.0,312109.3058350101,272936.40116561437,27963.24375294672,971388.4801288936,13413.723776223775,0.7426390323126444,0.6287016499797571,0.9616054196046792,0.8659563143304773,1.6915777160157035,0.9751783342893934,0.5332598254840245
2026-08-26,48751.0,971605.0,1282709.0,545409.0,475786.0,299842.0,235075.0,7211.0,3878283.0,2026,8,2,Wednesday,False,True,5145409.141791045,2012229.337686567,312848.643761302,273273.76395534293,27967.2903453136,972300.5,13316.638297872341,0.7537365626574886,0.6374566636001407,0.9584251233921736,0.8602179609104913,1.7431434864825606,0.9992846861644111,0.5415030309227618
2026-08-27,46012.0,949088.0,1147542.0,547500.0,479683.0,289548.0,220815.0,6329.0,3651247.0,2026,8,3,Thursday,False,True,5138942.700341006,2014691.217948718,311722.78138528136,273115.0462962963,27957.998182919444,973126.8103280916,13384.991496598639,0.7105054897299621,0.5695870363540789,0.9288637766969174,0.8085054375233609,1.6457544527673087,0.9752973506916464,0.4728430347982148
2026-08-28,45261.0,1010652.0,1224137.0,559580.0,491695.0,291202.0,223097.0,5865.0,3660119.0,2026,8,4,Friday,False,True,5142805.084745763,2022153.5714285711,312300.0,272525.0,27989.423076923074,970850.4854368932,13316.666666666668,0.7116970096448716,0.6053630235092362,0.9324431636247198,0.8186294835336207,1.617075131402659,1.040996543917054,0.4404255319148936
2026-08-29,32690.0,965429.0,863107.0,529105.0,471396.0,186151.0,152101.0,2893.0,2837743.0,2026,8,5,Saturday,True,True,2945506.25,1374088.888888889,133403.7037037037,151762.5,16640.145985401457,957488.7755102041,4719.444444444444,0.9634143536446409,0.6281303975159297,1.3953960409783726,1.002230458776048,1.9645260341272976,1.0082927598661038,0.6129958799293702
2026-08-30,31171.0,930097.0,679077.0,504378.0,441774.0,160278.0,114838.0,2114.0,2152342.0,2026,8,6,Sunday,True,True,2381887.720588235,1099990.1639344264,104098.1819912431,103998.25949367089,17984.8125,919344.6279761905,3612.239583333333,0.903628656126769,0.6173482475253131,1.5396810677585402,1.104230018455153,1.7331845967257096,1.0116956924493912,0.5852324994593037
2026-08-31,42361.0,944447.0,1250490.0,526443.0,456762.0,288083.0,215946.0,6554.0,3557959.0,2026,8,0,Monday,False,True,5126568.518518518,2019618.5185185184,312460.0,272998.3333333334,28005.31914893617,972075.8241758242,13400.0,0.6940234948870211,0.6191713873357089,0.9219836139025795,0.791015818167388,1.5126055080721748,0.9715775009637244,0.4891044776119403
2026-09-01,47670.0,919126.0,1214693.0,529759.0,463953.0,269815.0,209918.0,7076.0,3806347.0,2026,9,1,Tuesday,False,True,5762951.365079366,2323449.6794871795,327453.04878048785,288018.6728395062,29693.90243902439,952311.3494623655,17075.012370113807,0.6604857058250708,0.5227972056911949,0.8239807233582174,0.7288346895375546,1.6053800977452872,0.9651528363270053,0.41440672759833774
2026-09-02,48880.0,937619.0,1267664.0,546333.0,480075.0,294332.0,225358.0,7266.0,3913784.0,2026,9,2,Wednesday,False,True,5785243.432835821,2325995.1836158196,327301.2780853142,288897.5016655563,29776.363636363632,953917.4934330168,17181.72682526661,0.6765115496758853,0.5449985489778115,0.8992693267860676,0.7800621282661242,1.6415704952066925,0.9829141476645314,0.42289113742135476
2026-09-03,48645.0,990291.0,1296321.0,566607.0,495750.0,304077.0,227788.0,6981.0,3883952.0,2026,9,3,Thursday,False,True,5772755.223880596,2314074.193548387,328298.75,287986.88524590165,29723.364485981307,952776.6990291262,17116.666666666668,0.6728073249898003,0.5601899038562067,0.9262204013874558,0.7909665740698575,1.6365913092692743,1.0393736549278552,0.40784810126582277
2026-09-04,47127.0,1027974.0,1232424.0,562882.0,495461.0,307347.0,225265.0,5842.0,3622532.0,2026,9,4,Friday,False,True,5751001.871657753,2323600.806451613,327431.3093453273,287666.21052631584,29691.265201908216,951014.2857142857,17050.0,0.6298958130847884,0.5303940317881208,0.9386609992016821,0.7830777190962185,1.5872344839306887,1.080923825689865,0.3426392961876833
2026-09-05,31909.0,953034.0,843607.0,507089.0,444528.0,186397.0,132467.0,2590.0,2681232.0,2026,9,5,Saturday,True,True,3220394.520547945,1402825.0,118303.61445783133,152795.5223880597,17135.164835164833,953082.0,4144.68085106383,0.8325787362052127,0.601362964019033,1.575581615610233,0.8669560333291004,1.862193933175143,0.9999496370721512,0.6248973305954825
2026-09-06,34181.0,924111.0,691481.0,,,166911.0,119640.0,2047.0,2331361.0,2026,9,6,Sunday,True,True,2544627.2727272725,1099881.6666666667,99359.68992248061,105071.27659574468,17174.418604651164,886614.1509433961,2926.9662921348313,0.9161895830430605,0.6286867223595265,1.6798663535506422,1.1386556238419714,1.9902274881516586,1.0422921842796053,0.6993589251439539
2026-09-07,21329.0,867930.0,714156.0,,,160020.0,113241.0,2545.0,2209213.0,2026,9,0,Monday,False,True,5744982.089552239,2314379.365079365,326433.3333333333,287153.94736842107,29658.97435897436,951296.9072164949,17097.56097560976,0.3845465426285054,0.3085734390720814,0.49020729092208726,0.39435641069112937,0.7191415232990404,0.9123649971065002,0.14885164051355204
2026-09-08,49652.0,978561.0,1363938.0,,,309497.0,251112.0,7872.0,4032282.0,2026,9,1,Tuesday,False,True,5762951.365079366,2323449.6794871795,327453.04878048785,288018.6728395062,29693.90243902439,952311.3494623655,17075.012370113807,0.6996904441071001,0.5870314352153483,0.9451645087826777,0.8718601385262551,1.672127808123537,1.027564147536889,0.4610245561975855
2026-09-09,52911.0,983665.0,1422938.0,,,321497.0,261212.0,8095.0,4304011.0,2026,9,2,Wednesday,False,True,5785243.432835821,2325995.1836158196,327301.2780853142,288897.5016655563,29776.363636363632,953917.4934330168,17181.72682526661,0.7439636810391317,0.6117544911627917,0.982266252917591,0.9041684282282006,1.7769463271661479,1.0311845697052122,0.47114007121192775
2026-09-10,51575.0,993955.0,1462896.0,,,316119.0,262823.0,8166.0,4517897.0,2026,9,3,Thursday,False,True,5772755.223880596,2314074.193548387,328298.75,287986.88524590165,29723.364485981307,952776.6990291262,17116.666666666668,0.7826240373592269,0.6321733348388473,0.9629004070225671,0.9126214194635457,1.7351669601308013,1.0432192569495393,0.477078870496592
2026-09-11,49099.0,999585.0,1381896.0,,,307706.0,247420.0,8031.0,4187228.0,2026,9,4,Friday,False,True,5751001.871657753,2323600.806451613,327431.3093453273,287666.21052631584,29691.265201908216,951014.2857142857,17050.0,0.7280867044463354,0.5947217767196006,0.9397574123721812,0.8600940636973625,1.6536513235833572,1.0510725390935993,0.4710263929618768
2026-09-12,33393.0,988567.0,923277.0,,,166628.0,146786.0,3067.0,2886305.0,2026,9,5,Saturday,True,True,3220394.520547945,1402825.0,118303.61445783133,152795.5223880597,17135.164835164833,953082.0,4144.68085106383,0.896258201156329,0.6581555076363766,1.4084776763891151,0.960669512469108,1.948799461296736,1.0372318436398966,0.7399845995893223
2026-09-13,31626.0,836995.0,638618.0,,,123421.0,103742.0,2007.0,2055335.0,2026,9,6,Sunday,True,True,2544627.2727272725,1099881.6666666667,99359.68992248061,105071.27659574468,17174.418604651164,886614.1509433961,2926.9662921348313,0.8077155432658472,0.5806242792785284,1.2421636993462013,0.9873488108376279,1.8414597156398103,0.9440352368720946,0.6856928982725529
2026-09-14,46567.0,957221.0,1460291.0,,,284551.0,233435.0,7742.0,4119564.0,2026,9,0,Monday,False,True,5744982.089552239,2314379.365079365,326433.3333333333,287153.94736842107,29658.97435897436,951296.9072164949,17097.56097560976,0.7170716872193204,0.6309644054184363,0.8716971306034923,0.8129263140530707,1.5700812656695773,1.0062273857284358,0.4528131241084165
